ID_ARTISTA,familia_sonora,proba_Dinamico,proba_Quente,proba_Brilhante,proba_Pulsante
14776,Dinamico & Contrastante,0.3434,0.1675,0.1645,0.3246
4201,Brilhante & Intenso,0.1837,0.2887,0.4003,0.1272
13089,Brilhante & Intenso,0.2101,0.2816,0.3664,0.1419
3739,Brilhante & Intenso,0.2009,0.2938,0.3858,0.1195
18784,Dinamico & Contrastante,0.3053,0.2724,0.2087,0.2136
1532,Pulsante & Sombrio,0.1982,0.2069,0.1504,0.4444
12109,Brilhante & Intenso,0.1662,0.3088,0.3872,0.1378
14951,Pulsante & Sombrio,0.1924,0.2975,0.1961,0.314
11620,Quente & Encorpado,0.199,0.3679,0.2066,0.2265
10885,Brilhante & Intenso,0.2047,0.2533,0.3697,0.1723
20442,Dinamico & Contrastante,0.3855,0.1802,0.2573,0.177
10317,Brilhante & Intenso,0.1938,0.2283,0.405,0.173
11103,Brilhante & Intenso,0.1835,0.2909,0.3854,0.1403
17846,Pulsante & Sombrio,0.2498,0.1882,0.1964,0.3657
21104,Quente & Encorpado,0.1576,0.4233,0.1726,0.2466
18890,Brilhante & Intenso,0.2165,0.2735,0.2977,0.2124
17722,Dinamico & Contrastante,0.4127,0.1621,0.1687,0.2564
12591,Brilhante & Intenso,0.2188,0.2729,0.2882,0.2201
4252,Brilhante & Intenso,0.2558,0.2277,0.405,0.1115
15293,Brilhante & Intenso,0.2279,0.2345,0.3648,0.1728
19345,Dinamico & Contrastante,0.386,0.2041,0.1938,0.2161
20511,Pulsante & Sombrio,0.2123,0.1885,0.1529,0.4463
12082,Dinamico & Contrastante,0.3898,0.1658,0.1919,0.2526
10329,Brilhante & Intenso,0.2516,0.2757,0.2908,0.1819
15100,Pulsante & Sombrio,0.1754,0.295,0.1815,0.3481
19609,Quente & Encorpado,0.2056,0.3893,0.2299,0.1753
2841,Brilhante & Intenso,0.268,0.2413,0.2943,0.1964
15302,Dinamico & Contrastante,0.3583,0.1621,0.1593,0.3203
10213,Brilhante & Intenso,0.1761,0.1718,0.562,0.0901
12139,Brilhante & Intenso,0.1657,0.2641,0.4652,0.105
15047,Quente & Encorpado,0.2231,0.2976,0.2041,0.2752
14764,Dinamico & Contrastante,0.3868,0.1835,0.2172,0.2125
11681,Dinamico & Contrastante,0.3517,0.1945,0.1569,0.297
17877,Pulsante & Sombrio,0.2091,0.1937,0.1184,0.4788
16693,Brilhante & Intenso,0.2038,0.1662,0.5205,0.1095
12003,Dinamico & Contrastante,0.3472,0.1934,0.2612,0.1981
15202,Dinamico & Contrastante,0.2753,0.2702,0.1885,0.2659
11815,Quente & Encorpado,0.1953,0.3631,0.2172,0.2244
12282,Dinamico & Contrastante,0.3716,0.1787,0.2363,0.2135
10782,Quente & Encorpado,0.1699,0.3416,0.332,0.1566
4293,Dinamico & Contrastante,0.407,0.1788,0.1705,0.2438
16902,Pulsante & Sombrio,0.1825,0.2686,0.1502,0.3987
17129,Brilhante & Intenso,0.1587,0.323,0.3393,0.179
11255,Dinamico & Contrastante,0.3566,0.2073,0.259,0.1771
15811,Brilhante & Intenso,0.257,0.2395,0.3854,0.1182
22454,Quente & Encorpado,0.1463,0.4871,0.1707,0.1959
16799,Brilhante & Intenso,0.1778,0.1922,0.5425,0.0876
3285,Quente & Encorpado,0.133,0.4262,0.3201,0.1207
11846,Brilhante & Intenso,0.2632,0.2353,0.3435,0.158
11435,Pulsante & Sombrio,0.1912,0.2597,0.1725,0.3766
13034,Pulsante & Sombrio,0.1672,0.2551,0.1556,0.4222
22582,Brilhante & Intenso,0.1593,0.2373,0.5079,0.0955
17933,Quente & Encorpado,0.1687,0.4251,0.1564,0.2497
16533,Dinamico & Contrastante,0.384,0.2019,0.2097,0.2044
15343,Quente & Encorpado,0.2304,0.3926,0.2074,0.1696
16652,Brilhante & Intenso,0.1546,0.3313,0.3639,0.1502
22222,Pulsante & Sombrio,0.1798,0.2634,0.1559,0.4009
11823,Quente & Encorpado,0.1608,0.3871,0.3145,0.1376
11434,Brilhante & Intenso,0.2088,0.2196,0.4344,0.1372
21770,Dinamico & Contrastante,0.3678,0.1657,0.2192,0.2473
11717,Pulsante & Sombrio,0.1911,0.2961,0.1982,0.3146
10300,Quente & Encorpado,0.1747,0.3496,0.3304,0.1453
13234,Pulsante & Sombrio,0.2389,0.1664,0.1343,0.4604
17388,Dinamico & Contrastante,0.426,0.1678,0.2159,0.1904
18055,Quente & Encorpado,0.1786,0.392,0.2404,0.189
3039,Quente & Encorpado,0.2188,0.352,0.2002,0.229
11169,Quente & Encorpado,0.1695,0.4166,0.2143,0.1996
10474,Quente & Encorpado,0.1618,0.3935,0.2333,0.2113
18410,Dinamico & Contrastante,0.3658,0.1999,0.2738,0.1605
11901,Quente & Encorpado,0.2563,0.3377,0.2332,0.1728
19290,Pulsante & Sombrio,0.2194,0.203,0.172,0.4056
11327,Pulsante & Sombrio,0.1713,0.3222,0.1676,0.3389
16373,Brilhante & Intenso,0.21,0.2237,0.4336,0.1327
20318,Quente & Encorpado,0.2487,0.3455,0.1835,0.2223
1309,Brilhante & Intenso,0.1626,0.2109,0.5363,0.0902
10623,Brilhante & Intenso,0.1418,0.2431,0.5209,0.0941
21809,Brilhante & Intenso,0.1971,0.26,0.4365,0.1065
9707,Brilhante & Intenso,0.2664,0.2619,0.3169,0.1547
10836,Quente & Encorpado,0.201,0.3205,0.206,0.2726
12247,Brilhante & Intenso,0.3049,0.1674,0.3989,0.1288
1483,Pulsante & Sombrio,0.2749,0.1757,0.2001,0.3493
11382,Brilhante & Intenso,0.1926,0.2401,0.4475,0.1199
9944,Quente & Encorpado,0.1592,0.4918,0.2191,0.13
16263,Quente & Encorpado,0.1854,0.4125,0.1968,0.2053
17197,Pulsante & Sombrio,0.2166,0.2769,0.2001,0.3065
11611,Dinamico & Contrastante,0.3131,0.2112,0.2354,0.2403
20749,Dinamico & Contrastante,0.2971,0.201,0.2724,0.2296
14811,Brilhante & Intenso,0.2513,0.2565,0.2986,0.1936
11240,Brilhante & Intenso,0.2271,0.2675,0.3437,0.1617
14835,Dinamico & Contrastante,0.4046,0.182,0.277,0.1364
10747,Brilhante & Intenso,0.154,0.2443,0.5099,0.0917
20105,Dinamico & Contrastante,0.4085,0.1696,0.2357,0.1862
18644,Quente & Encorpado,0.2399,0.3061,0.2071,0.2469
3929,Pulsante & Sombrio,0.1823,0.2462,0.1586,0.4129
11248,Pulsante & Sombrio,0.2898,0.1841,0.1382,0.3879
17337,Dinamico & Contrastante,0.4339,0.1735,0.2019,0.1906
16959,Brilhante & Intenso,0.2683,0.2611,0.316,0.1546
17128,Brilhante & Intenso,0.1526,0.3489,0.3714,0.1271
13394,Dinamico & Contrastante,0.4789,0.1561,0.1632,0.2019
3622,Dinamico & Contrastante,0.289,0.2767,0.2843,0.1501
18425,Dinamico & Contrastante,0.3222,0.2016,0.1812,0.295
17085,Brilhante & Intenso,0.2144,0.2303,0.4341,0.1212
3111,Dinamico & Contrastante,0.3405,0.256,0.2199,0.1836
12195,Brilhante & Intenso,0.2878,0.2033,0.3122,0.1967
15023,Quente & Encorpado,0.1696,0.3713,0.2239,0.2352
3982,Quente & Encorpado,0.1925,0.3355,0.3206,0.1514
12678,Pulsante & Sombrio,0.2957,0.1925,0.1665,0.3453
18849,Quente & Encorpado,0.1531,0.3466,0.3435,0.1568
16010,Dinamico & Contrastante,0.3354,0.1701,0.2519,0.2426
17921,Dinamico & Contrastante,0.3157,0.1743,0.2999,0.2101
13373,Pulsante & Sombrio,0.2593,0.193,0.1832,0.3645
18960,Brilhante & Intenso,0.2825,0.1921,0.3959,0.1295
11344,Pulsante & Sombrio,0.1629,0.2987,0.1622,0.3761
13531,Quente & Encorpado,0.1664,0.3794,0.2264,0.2278
21830,Quente & Encorpado,0.2011,0.3436,0.2914,0.1639
21229,Brilhante & Intenso,0.2688,0.2394,0.2823,0.2095
18335,Brilhante & Intenso,0.2453,0.2168,0.3722,0.1657
16105,Quente & Encorpado,0.1519,0.4753,0.204,0.1687
14621,Brilhante & Intenso,0.1662,0.3275,0.3796,0.1268
9828,Quente & Encorpado,0.1534,0.4376,0.1844,0.2246
16862,Dinamico & Contrastante,0.3702,0.1951,0.2489,0.1858
21038,Pulsante & Sombrio,0.1821,0.2668,0.1587,0.3924
6740,Dinamico & Contrastante,0.3022,0.2168,0.2152,0.2658
17330,Brilhante & Intenso,0.2486,0.2091,0.3764,0.1659
20775,Dinamico & Contrastante,0.3553,0.1671,0.2239,0.2537
12401,Quente & Encorpado,0.2418,0.3704,0.2481,0.1398
18692,Dinamico & Contrastante,0.4263,0.1572,0.2116,0.205
21795,Brilhante & Intenso,0.1827,0.2888,0.3902,0.1383
11342,Brilhante & Intenso,0.3092,0.2105,0.3171,0.1633
2073,Quente & Encorpado,0.2727,0.326,0.2452,0.1561
18232,Brilhante & Intenso,0.224,0.1929,0.4667,0.1163
17381,Brilhante & Intenso,0.1797,0.2224,0.4737,0.1241
10378,Brilhante & Intenso,0.1859,0.2022,0.4869,0.125
14944,Pulsante & Sombrio,0.2142,0.1801,0.1182,0.4875
19503,Brilhante & Intenso,0.1671,0.246,0.4815,0.1055
3655,Dinamico & Contrastante,0.3297,0.2374,0.2068,0.2262
19733,Brilhante & Intenso,0.1928,0.2996,0.3681,0.1396
17705,Brilhante & Intenso,0.2452,0.2824,0.3084,0.164
13262,Brilhante & Intenso,0.1495,0.3314,0.4195,0.0996
3169,Quente & Encorpado,0.1581,0.394,0.1715,0.2764
11911,Quente & Encorpado,0.1594,0.3795,0.3257,0.1354
22612,Quente & Encorpado,0.1485,0.4067,0.2975,0.1472
20568,Quente & Encorpado,0.2329,0.3365,0.279,0.1516
17011,Brilhante & Intenso,0.2068,0.3001,0.3576,0.1354
21821,Quente & Encorpado,0.1668,0.4072,0.2687,0.1573
11177,Brilhante & Intenso,0.2032,0.2891,0.3087,0.199
16399,Quente & Encorpado,0.2645,0.3418,0.204,0.1897
17993,Dinamico & Contrastante,0.3599,0.2536,0.2183,0.1682
4229,Dinamico & Contrastante,0.2612,0.2453,0.2574,0.2361
21955,Brilhante & Intenso,0.3156,0.1849,0.3181,0.1814
4133,Pulsante & Sombrio,0.2904,0.1742,0.1792,0.3562
1583,Pulsante & Sombrio,0.1854,0.2052,0.1624,0.447
20887,Quente & Encorpado,0.2469,0.3372,0.2579,0.1579
13556,Dinamico & Contrastante,0.3516,0.1627,0.2062,0.2794
9981,Dinamico & Contrastante,0.4498,0.1703,0.2336,0.1462
19774,Pulsante & Sombrio,0.2368,0.2127,0.1633,0.3872
11541,Brilhante & Intenso,0.1704,0.2389,0.4629,0.1279
22389,Brilhante & Intenso,0.2032,0.2831,0.3325,0.1812
13526,Pulsante & Sombrio,0.2578,0.2161,0.2607,0.2653
21399,Brilhante & Intenso,0.2123,0.257,0.2773,0.2534
9744,Quente & Encorpado,0.2338,0.3267,0.2194,0.22
13596,Dinamico & Contrastante,0.3818,0.2179,0.2017,0.1986
12376,Brilhante & Intenso,0.2507,0.2052,0.3448,0.1992
1821,Dinamico & Contrastante,0.2716,0.2665,0.2591,0.2028
10720,Dinamico & Contrastante,0.3043,0.2372,0.2989,0.1596
20113,Brilhante & Intenso,0.2798,0.1873,0.4248,0.1081
21279,Pulsante & Sombrio,0.2249,0.2185,0.1851,0.3715
12016,Quente & Encorpado,0.1666,0.3209,0.2095,0.303
12297,Dinamico & Contrastante,0.3727,0.1748,0.2127,0.2398
22209,Brilhante & Intenso,0.2578,0.2429,0.3072,0.1921
22137,Pulsante & Sombrio,0.1802,0.3017,0.1535,0.3647
19168,Brilhante & Intenso,0.2431,0.2344,0.3537,0.1688
18405,Quente & Encorpado,0.2059,0.3901,0.2723,0.1316
17132,Quente & Encorpado,0.213,0.2973,0.2588,0.2309
18860,Quente & Encorpado,0.132,0.4972,0.2125,0.1583
12095,Dinamico & Contrastante,0.3508,0.1756,0.2051,0.2686
15965,Quente & Encorpado,0.147,0.4366,0.1986,0.2178
21261,Brilhante & Intenso,0.2093,0.2773,0.3062,0.2072
11568,Brilhante & Intenso,0.2837,0.2029,0.3879,0.1256
15134,Quente & Encorpado,0.2667,0.3181,0.2112,0.2039
20703,Quente & Encorpado,0.1959,0.3507,0.2255,0.228
20033,Dinamico & Contrastante,0.3112,0.2871,0.2227,0.179
3685,Brilhante & Intenso,0.2806,0.2489,0.2993,0.1712
15204,Pulsante & Sombrio,0.3294,0.1679,0.1339,0.3688
3071,Quente & Encorpado,0.1992,0.3442,0.2045,0.2521
15042,Pulsante & Sombrio,0.2619,0.1905,0.1485,0.3992
9956,Quente & Encorpado,0.1805,0.439,0.2164,0.1641
3988,Quente & Encorpado,0.1965,0.3264,0.2597,0.2175
22219,Dinamico & Contrastante,0.2879,0.2024,0.2742,0.2354
12849,Dinamico & Contrastante,0.3099,0.1971,0.2959,0.1971
16703,Brilhante & Intenso,0.1403,0.2945,0.4569,0.1083
14765,Quente & Encorpado,0.1858,0.3206,0.212,0.2817
22181,Brilhante & Intenso,0.1844,0.2874,0.3139,0.2142
3290,Pulsante & Sombrio,0.248,0.2185,0.1473,0.3861
18370,Dinamico & Contrastante,0.3733,0.1851,0.2686,0.1729
18856,Pulsante & Sombrio,0.2482,0.2266,0.2323,0.2929
18944,Dinamico & Contrastante,0.3156,0.2608,0.226,0.1976
12230,Pulsante & Sombrio,0.2344,0.172,0.1327,0.4609
10770,Quente & Encorpado,0.2047,0.2852,0.2741,0.236
10874,Brilhante & Intenso,0.2575,0.2551,0.3107,0.1766
9722,Dinamico & Contrastante,0.4821,0.1518,0.1603,0.2058
19206,Dinamico & Contrastante,0.2908,0.2885,0.2605,0.1602
17966,Dinamico & Contrastante,0.3521,0.1617,0.1696,0.3166
13365,Quente & Encorpado,0.1463,0.3848,0.3292,0.1397
9778,Brilhante & Intenso,0.1709,0.3207,0.3918,0.1165
19773,Brilhante & Intenso,0.2581,0.22,0.3025,0.2194
10250,Quente & Encorpado,0.2098,0.3032,0.2323,0.2548
3793,Dinamico & Contrastante,0.287,0.2812,0.2524,0.1794
9977,Brilhante & Intenso,0.2012,0.2745,0.3761,0.1482
17203,Quente & Encorpado,0.2387,0.2938,0.258,0.2095
20084,Quente & Encorpado,0.1534,0.3742,0.3113,0.1611
1384,Dinamico & Contrastante,0.4069,0.1684,0.248,0.1767
14759,Brilhante & Intenso,0.2112,0.202,0.472,0.1148
18668,Dinamico & Contrastante,0.4699,0.1557,0.1854,0.189
11730,Quente & Encorpado,0.2041,0.4021,0.1864,0.2075
21816,Quente & Encorpado,0.1236,0.4882,0.2471,0.1412
17813,Brilhante & Intenso,0.2213,0.2579,0.3605,0.1604
20827,Dinamico & Contrastante,0.3182,0.2402,0.3154,0.1263
17097,Quente & Encorpado,0.2548,0.3186,0.2617,0.1648
18551,Brilhante & Intenso,0.2047,0.2843,0.3416,0.1694
17269,Dinamico & Contrastante,0.374,0.1888,0.1998,0.2375
14797,Dinamico & Contrastante,0.4591,0.1595,0.1991,0.1823
11165,Quente & Encorpado,0.1754,0.3516,0.3212,0.1519
11699,Brilhante & Intenso,0.1403,0.1944,0.586,0.0794
21429,Brilhante & Intenso,0.1401,0.2358,0.5434,0.0808
20684,Brilhante & Intenso,0.2034,0.2879,0.2932,0.2154
16889,Quente & Encorpado,0.2372,0.3456,0.2451,0.1722
16718,Dinamico & Contrastante,0.4446,0.1405,0.1444,0.2706
20670,Dinamico & Contrastante,0.3508,0.1836,0.3177,0.1478
16287,Dinamico & Contrastante,0.2946,0.2081,0.242,0.2553
17597,Brilhante & Intenso,0.1526,0.264,0.4687,0.1148
11160,Dinamico & Contrastante,0.3657,0.1604,0.1714,0.3025
20387,Dinamico & Contrastante,0.3013,0.2565,0.1782,0.264
19401,Quente & Encorpado,0.2193,0.3058,0.2332,0.2416
17961,Quente & Encorpado,0.1658,0.4091,0.2643,0.1607
11970,Quente & Encorpado,0.1822,0.3583,0.2564,0.2031
1424,Brilhante & Intenso,0.1927,0.2909,0.3734,0.1429
3578,Dinamico & Contrastante,0.4406,0.1768,0.1954,0.1872
2691,Quente & Encorpado,0.1658,0.3743,0.1562,0.3037
15703,Dinamico & Contrastante,0.3332,0.2014,0.3174,0.148
14128,Quente & Encorpado,0.1728,0.3779,0.2255,0.2237
1288,Dinamico & Contrastante,0.4296,0.1962,0.2213,0.1529
18870,Dinamico & Contrastante,0.3601,0.1692,0.2198,0.2509
2066,Brilhante & Intenso,0.1723,0.2538,0.4652,0.1087
17725,Brilhante & Intenso,0.1433,0.3453,0.4069,0.1046
20813,Quente & Encorpado,0.1867,0.3309,0.3148,0.1676
14854,Dinamico & Contrastante,0.3549,0.1899,0.3104,0.1448
18934,Brilhante & Intenso,0.1922,0.2766,0.4035,0.1277
12359,Dinamico & Contrastante,0.2871,0.2488,0.2328,0.2312
14804,Brilhante & Intenso,0.2547,0.2153,0.3865,0.1435
1654,Pulsante & Sombrio,0.2207,0.2356,0.1472,0.3965
13239,Dinamico & Contrastante,0.3232,0.2547,0.2579,0.1642
15454,Quente & Encorpado,0.1461,0.4124,0.2844,0.1571
14842,Quente & Encorpado,0.2183,0.2884,0.2511,0.2422
17784,Brilhante & Intenso,0.217,0.2001,0.4757,0.1073
12011,Quente & Encorpado,0.226,0.3524,0.2142,0.2074
22438,Dinamico & Contrastante,0.4491,0.1521,0.1976,0.2012
19532,Brilhante & Intenso,0.2477,0.2295,0.3357,0.187
13142,Pulsante & Sombrio,0.2334,0.252,0.1709,0.3437
12486,Pulsante & Sombrio,0.2667,0.2021,0.1949,0.3363
10487,Pulsante & Sombrio,0.2551,0.2537,0.2134,0.2777
1776,Pulsante & Sombrio,0.2621,0.2571,0.1467,0.3341
21108,Pulsante & Sombrio,0.1926,0.235,0.1587,0.4137
21597,Pulsante & Sombrio,0.2335,0.1894,0.1797,0.3974
10212,Quente & Encorpado,0.1482,0.4388,0.1854,0.2276
3931,Pulsante & Sombrio,0.1827,0.2269,0.1365,0.4538
15118,Brilhante & Intenso,0.2479,0.2538,0.3574,0.1409
3428,Quente & Encorpado,0.1748,0.4123,0.2635,0.1494
15178,Brilhante & Intenso,0.134,0.3415,0.4364,0.0882
21275,Brilhante & Intenso,0.2483,0.2235,0.3392,0.1891
18200,Quente & Encorpado,0.22,0.3025,0.204,0.2735
11397,Brilhante & Intenso,0.2561,0.2113,0.4319,0.1007
11636,Brilhante & Intenso,0.1934,0.2577,0.4263,0.1226
1302,Brilhante & Intenso,0.231,0.2626,0.3215,0.1849
17619,Quente & Encorpado,0.1965,0.3388,0.3016,0.1631
20809,Brilhante & Intenso,0.3675,0.1556,0.3769,0.0999
14669,Dinamico & Contrastante,0.3901,0.1625,0.1559,0.2915
22127,Quente & Encorpado,0.1786,0.3261,0.1808,0.3145
17611,Pulsante & Sombrio,0.2063,0.256,0.2004,0.3374
11573,Quente & Encorpado,0.1985,0.3715,0.2922,0.1378
10894,Quente & Encorpado,0.2234,0.2989,0.2401,0.2376
20402,Quente & Encorpado,0.1673,0.3394,0.1876,0.3057
20557,Brilhante & Intenso,0.1963,0.2144,0.4715,0.1177
10748,Brilhante & Intenso,0.269,0.2842,0.2871,0.1597
11318,Brilhante & Intenso,0.2272,0.267,0.2916,0.2142
16426,Dinamico & Contrastante,0.2673,0.2371,0.2396,0.2559
14830,Quente & Encorpado,0.1708,0.3515,0.2963,0.1815
11086,Quente & Encorpado,0.1597,0.4327,0.2683,0.1392
12079,Dinamico & Contrastante,0.4249,0.1602,0.1979,0.217
1698,Pulsante & Sombrio,0.2159,0.2335,0.2393,0.3113
19147,Dinamico & Contrastante,0.3401,0.2148,0.2658,0.1793
3182,Brilhante & Intenso,0.1644,0.3202,0.3599,0.1555
18829,Quente & Encorpado,0.1538,0.3575,0.3045,0.1842
22074,Pulsante & Sombrio,0.2473,0.1772,0.1531,0.4224
11360,Dinamico & Contrastante,0.424,0.1538,0.2323,0.1898
15122,Brilhante & Intenso,0.3215,0.1752,0.384,0.1193
22065,Quente & Encorpado,0.1493,0.39,0.3302,0.1306
2392,Brilhante & Intenso,0.2646,0.2034,0.4082,0.1238
20439,Pulsante & Sombrio,0.1849,0.2299,0.1387,0.4465
18440,Brilhante & Intenso,0.2554,0.201,0.4406,0.1031
12403,Dinamico & Contrastante,0.3268,0.2204,0.3171,0.1357
16413,Quente & Encorpado,0.1869,0.34,0.226,0.2471
1619,Pulsante & Sombrio,0.1826,0.2732,0.1777,0.3665
14745,Dinamico & Contrastante,0.338,0.2241,0.2121,0.2258
21984,Pulsante & Sombrio,0.1883,0.2463,0.1747,0.3907
16078,Pulsante & Sombrio,0.2384,0.2132,0.1633,0.385
20825,Pulsante & Sombrio,0.2876,0.2362,0.1675,0.3086
10418,Quente & Encorpado,0.148,0.4501,0.2322,0.1696
22213,Quente & Encorpado,0.273,0.3047,0.1572,0.2651
10888,Pulsante & Sombrio,0.2249,0.2093,0.1836,0.3823
22374,Dinamico & Contrastante,0.2859,0.2486,0.2626,0.203
11946,Pulsante & Sombrio,0.3188,0.1643,0.1727,0.3442
2921,Pulsante & Sombrio,0.2272,0.1828,0.1509,0.4391
12748,Brilhante & Intenso,0.2409,0.2306,0.3822,0.1462
11973,Quente & Encorpado,0.1728,0.3731,0.1887,0.2654
16163,Brilhante & Intenso,0.2205,0.2097,0.4482,0.1217
12490,Dinamico & Contrastante,0.3178,0.2588,0.2687,0.1547
11880,Quente & Encorpado,0.1665,0.3742,0.2328,0.2265
21084,Pulsante & Sombrio,0.2109,0.2525,0.1607,0.3759
2004,Brilhante & Intenso,0.2439,0.2361,0.398,0.122
10305,Dinamico & Contrastante,0.4312,0.1754,0.2205,0.1729
2878,Brilhante & Intenso,0.1875,0.284,0.4029,0.1257
18874,Pulsante & Sombrio,0.191,0.1717,0.1235,0.5138
11353,Pulsante & Sombrio,0.2577,0.2064,0.2093,0.3266
20281,Brilhante & Intenso,0.13,0.3146,0.4661,0.0893
14775,Pulsante & Sombrio,0.2279,0.2082,0.1869,0.377
16938,Brilhante & Intenso,0.2594,0.2326,0.3663,0.1418
3013,Brilhante & Intenso,0.2625,0.2406,0.3468,0.1501
21892,Brilhante & Intenso,0.3131,0.1771,0.3771,0.1328
15768,Brilhante & Intenso,0.1986,0.2763,0.4162,0.1089
20615,Dinamico & Contrastante,0.3944,0.1617,0.2817,0.1622
16571,Dinamico & Contrastante,0.4402,0.1568,0.2804,0.1225
14501,Brilhante & Intenso,0.1933,0.2429,0.421,0.1428
19625,Quente & Encorpado,0.1772,0.3379,0.2949,0.19
11297,Dinamico & Contrastante,0.3574,0.1728,0.1793,0.2905
12112,Quente & Encorpado,0.1433,0.4315,0.2035,0.2217
22312,Brilhante & Intenso,0.2807,0.1946,0.3595,0.1652
15462,Quente & Encorpado,0.2161,0.3036,0.2474,0.2328
15022,Dinamico & Contrastante,0.384,0.2074,0.2589,0.1496
12749,Quente & Encorpado,0.2047,0.3245,0.2502,0.2207
17590,Pulsante & Sombrio,0.158,0.3302,0.1611,0.3507
14790,Brilhante & Intenso,0.2883,0.1968,0.3524,0.1626
15401,Quente & Encorpado,0.1625,0.3838,0.1937,0.26
21017,Quente & Encorpado,0.1824,0.3765,0.3186,0.1224
12196,Pulsante & Sombrio,0.2214,0.282,0.2006,0.2959
20923,Quente & Encorpado,0.1816,0.4181,0.1777,0.2226
15191,Brilhante & Intenso,0.2228,0.256,0.3996,0.1216
2952,Pulsante & Sombrio,0.2755,0.204,0.2395,0.281
12861,Dinamico & Contrastante,0.2782,0.2609,0.2369,0.2239
17830,Brilhante & Intenso,0.1893,0.3002,0.3787,0.1318
20611,Quente & Encorpado,0.1667,0.3411,0.2019,0.2903
18558,Brilhante & Intenso,0.2444,0.2832,0.3048,0.1675
22278,Dinamico & Contrastante,0.289,0.2245,0.2685,0.218
12495,Brilhante & Intenso,0.309,0.1529,0.4135,0.1246
15300,Dinamico & Contrastante,0.3499,0.1716,0.2928,0.1858
10507,Quente & Encorpado,0.1923,0.3813,0.2643,0.1621
16770,Brilhante & Intenso,0.1715,0.2855,0.4472,0.0958
10054,Quente & Encorpado,0.1878,0.3592,0.2988,0.1542
18563,Dinamico & Contrastante,0.334,0.242,0.3009,0.1231
2120,Dinamico & Contrastante,0.3493,0.1808,0.2213,0.2486
11671,Dinamico & Contrastante,0.3698,0.1857,0.1598,0.2847
19051,Dinamico & Contrastante,0.2724,0.1986,0.2635,0.2656
17349,Brilhante & Intenso,0.1945,0.3123,0.3365,0.1567
19159,Brilhante & Intenso,0.2762,0.1744,0.4304,0.119
13311,Brilhante & Intenso,0.194,0.3004,0.3562,0.1493
20374,Dinamico & Contrastante,0.3734,0.2027,0.1876,0.2362
11309,Quente & Encorpado,0.1523,0.4076,0.166,0.2741
3874,Dinamico & Contrastante,0.3379,0.1755,0.3235,0.1632
4460,Quente & Encorpado,0.1844,0.3343,0.2334,0.2479
11143,Dinamico & Contrastante,0.3299,0.2251,0.2781,0.1668
22240,Brilhante & Intenso,0.1581,0.2549,0.4909,0.0961
12065,Dinamico & Contrastante,0.3723,0.2198,0.2431,0.1649
2108,Brilhante & Intenso,0.1493,0.2269,0.5289,0.0949
12764,Brilhante & Intenso,0.2898,0.1953,0.3865,0.1284
15638,Quente & Encorpado,0.155,0.3912,0.3515,0.1024
15637,Dinamico & Contrastante,0.4084,0.195,0.2216,0.175
15447,Dinamico & Contrastante,0.3553,0.1677,0.3415,0.1355
1906,Dinamico & Contrastante,0.3431,0.1834,0.2363,0.2372
22345,Pulsante & Sombrio,0.1995,0.2644,0.1931,0.3429
17528,Quente & Encorpado,0.1805,0.4005,0.1752,0.2438
15301,Quente & Encorpado,0.161,0.3745,0.3445,0.12
17431,Brilhante & Intenso,0.2133,0.2539,0.352,0.1808
12844,Pulsante & Sombrio,0.1886,0.1649,0.1281,0.5184
22314,Brilhante & Intenso,0.1705,0.2245,0.5108,0.0942
19939,Quente & Encorpado,0.2275,0.3134,0.2619,0.1972
15277,Pulsante & Sombrio,0.2529,0.2229,0.1835,0.3408
17368,Quente & Encorpado,0.1797,0.3485,0.3476,0.1241
21219,Pulsante & Sombrio,0.273,0.1791,0.1737,0.3742
21457,Dinamico & Contrastante,0.4239,0.1934,0.2184,0.1643
4448,Brilhante & Intenso,0.1506,0.264,0.5001,0.0853
16549,Brilhante & Intenso,0.197,0.2529,0.4282,0.1219
11481,Quente & Encorpado,0.1727,0.3733,0.2222,0.2317
18940,Quente & Encorpado,0.2599,0.3159,0.1864,0.2377
16232,Quente & Encorpado,0.1704,0.3415,0.2282,0.2599
16128,Brilhante & Intenso,0.2437,0.262,0.3808,0.1135
11719,Quente & Encorpado,0.2465,0.3061,0.1907,0.2567
14940,Dinamico & Contrastante,0.379,0.1702,0.3038,0.147
2284,Quente & Encorpado,0.1877,0.3811,0.2629,0.1684
15362,Pulsante & Sombrio,0.2006,0.2615,0.1442,0.3938
17493,Quente & Encorpado,0.2431,0.291,0.2761,0.1898
15417,Pulsante & Sombrio,0.2763,0.1918,0.2413,0.2905
10125,Dinamico & Contrastante,0.4718,0.1508,0.1974,0.1799
17202,Brilhante & Intenso,0.1487,0.354,0.3859,0.1114
2897,Dinamico & Contrastante,0.3804,0.1965,0.2203,0.2028
2018,Dinamico & Contrastante,0.4136,0.1973,0.1695,0.2197
15106,Pulsante & Sombrio,0.2856,0.2169,0.2035,0.294
21810,Brilhante & Intenso,0.2184,0.1839,0.4972,0.1004
3873,Quente & Encorpado,0.2363,0.3547,0.2135,0.1954
11163,Dinamico & Contrastante,0.4193,0.1849,0.2249,0.171
19550,Dinamico & Contrastante,0.3821,0.1768,0.2888,0.1523
18362,Brilhante & Intenso,0.2521,0.244,0.3127,0.1911
19463,Quente & Encorpado,0.2047,0.2938,0.2831,0.2184
20002,Quente & Encorpado,0.2294,0.2749,0.2574,0.2383
12564,Brilhante & Intenso,0.1685,0.2653,0.4798,0.0864
11808,Brilhante & Intenso,0.169,0.2386,0.4823,0.1101
20622,Dinamico & Contrastante,0.38,0.1613,0.1558,0.3029
15356,Pulsante & Sombrio,0.3053,0.1885,0.1579,0.3483
12539,Pulsante & Sombrio,0.2062,0.1918,0.1546,0.4473
16523,Dinamico & Contrastante,0.3542,0.2149,0.2095,0.2214
10042,Pulsante & Sombrio,0.275,0.174,0.191,0.3599
14783,Brilhante & Intenso,0.2487,0.2742,0.2967,0.1804
13039,Brilhante & Intenso,0.2584,0.2196,0.2972,0.2248
15620,Quente & Encorpado,0.1703,0.3726,0.3457,0.1114
17688,Quente & Encorpado,0.1772,0.3952,0.2737,0.1539
12579,Dinamico & Contrastante,0.3886,0.1976,0.2246,0.1892
20231,Quente & Encorpado,0.2279,0.3167,0.1703,0.2852
1701,Pulsante & Sombrio,0.3152,0.1665,0.1692,0.349
17849,Dinamico & Contrastante,0.3041,0.2751,0.2447,0.1761
4158,Dinamico & Contrastante,0.402,0.1791,0.2435,0.1755
13578,Pulsante & Sombrio,0.2226,0.1807,0.1349,0.4618
15959,Dinamico & Contrastante,0.343,0.2063,0.2151,0.2356
20040,Quente & Encorpado,0.1696,0.3102,0.256,0.2642
12449,Pulsante & Sombrio,0.2793,0.1624,0.16,0.3984
20433,Quente & Encorpado,0.2743,0.3076,0.1932,0.2248
18013,Quente & Encorpado,0.2393,0.3297,0.2644,0.1666
12503,Brilhante & Intenso,0.2409,0.258,0.3511,0.1499
18126,Brilhante & Intenso,0.2555,0.2098,0.2691,0.2656
18002,Dinamico & Contrastante,0.3512,0.2235,0.237,0.1883
18761,Quente & Encorpado,0.158,0.4332,0.2566,0.1522
12126,Dinamico & Contrastante,0.3568,0.1969,0.2632,0.1831
19588,Brilhante & Intenso,0.2757,0.2095,0.3043,0.2104
10436,Dinamico & Contrastante,0.3124,0.2888,0.2296,0.1692
2903,Brilhante & Intenso,0.1337,0.265,0.5089,0.0924
2625,Dinamico & Contrastante,0.342,0.2017,0.2108,0.2455
10020,Quente & Encorpado,0.171,0.3988,0.2874,0.1427
18881,Quente & Encorpado,0.1581,0.3556,0.2859,0.2004
19657,Pulsante & Sombrio,0.2511,0.1963,0.2123,0.3403
2473,Dinamico & Contrastante,0.3053,0.228,0.2063,0.2603
13383,Pulsante & Sombrio,0.1781,0.2679,0.2024,0.3517
10638,Pulsante & Sombrio,0.2201,0.2617,0.1703,0.3479
11755,Quente & Encorpado,0.1698,0.4308,0.2126,0.1868
18888,Brilhante & Intenso,0.3019,0.1895,0.3988,0.1098
11141,Pulsante & Sombrio,0.2109,0.1876,0.1483,0.4532
11539,Quente & Encorpado,0.1442,0.3871,0.3505,0.1181
16484,Quente & Encorpado,0.1596,0.4361,0.2311,0.1732
3106,Pulsante & Sombrio,0.3017,0.1798,0.2147,0.3038
21426,Brilhante & Intenso,0.2819,0.2103,0.3258,0.182
16990,Brilhante & Intenso,0.2739,0.2172,0.3803,0.1286
2533,Brilhante & Intenso,0.1932,0.2811,0.3671,0.1585
18228,Pulsante & Sombrio,0.2903,0.2135,0.1937,0.3025
10801,Quente & Encorpado,0.2447,0.3156,0.2637,0.176
10281,Brilhante & Intenso,0.2409,0.2651,0.2894,0.2046
21118,Brilhante & Intenso,0.2212,0.1861,0.4426,0.1501
17781,Brilhante & Intenso,0.1674,0.3409,0.3779,0.1138
17308,Pulsante & Sombrio,0.2639,0.2548,0.1845,0.2968
11476,Brilhante & Intenso,0.211,0.2588,0.3901,0.1401
21247,Quente & Encorpado,0.1464,0.4607,0.1775,0.2155
4467,Quente & Encorpado,0.2413,0.3468,0.1818,0.2301
11501,Quente & Encorpado,0.1591,0.4383,0.2914,0.1112
10971,Brilhante & Intenso,0.1974,0.2859,0.3735,0.1432
16063,Quente & Encorpado,0.2092,0.377,0.199,0.2148
16256,Pulsante & Sombrio,0.314,0.175,0.1537,0.3572
4434,Quente & Encorpado,0.1509,0.4794,0.179,0.1907
11616,Brilhante & Intenso,0.2124,0.2351,0.4124,0.1402
3869,Quente & Encorpado,0.1762,0.3705,0.1718,0.2815
19380,Brilhante & Intenso,0.1516,0.3441,0.3873,0.1171
20665,Brilhante & Intenso,0.256,0.2609,0.3418,0.1413
11665,Dinamico & Contrastante,0.3524,0.187,0.2207,0.2399
13128,Pulsante & Sombrio,0.2469,0.2698,0.1873,0.296
3990,Pulsante & Sombrio,0.2934,0.1723,0.1762,0.3581
15027,Dinamico & Contrastante,0.3427,0.171,0.2398,0.2465
1753,Pulsante & Sombrio,0.2872,0.2065,0.1768,0.3296
9746,Pulsante & Sombrio,0.2317,0.2173,0.2094,0.3416
22237,Quente & Encorpado,0.1495,0.3911,0.3224,0.1369
16914,Pulsante & Sombrio,0.1622,0.3096,0.1728,0.3554
18777,Brilhante & Intenso,0.2563,0.2402,0.383,0.1206
20343,Quente & Encorpado,0.2023,0.3931,0.1925,0.2121
11895,Quente & Encorpado,0.2031,0.3312,0.3129,0.1528
12093,Brilhante & Intenso,0.2127,0.1924,0.4619,0.133
12709,Quente & Encorpado,0.2625,0.2635,0.2514,0.2226
16409,Quente & Encorpado,0.1941,0.3376,0.1811,0.2872
19004,Dinamico & Contrastante,0.3587,0.2008,0.2159,0.2246
3780,Pulsante & Sombrio,0.2198,0.2126,0.1276,0.44
18586,Quente & Encorpado,0.1868,0.403,0.2598,0.1504
16591,Quente & Encorpado,0.1684,0.3495,0.334,0.148
11087,Quente & Encorpado,0.1866,0.3136,0.288,0.2118
12510,Pulsante & Sombrio,0.2228,0.218,0.1581,0.401
1349,Brilhante & Intenso,0.2202,0.2617,0.3041,0.2141
11370,Brilhante & Intenso,0.1484,0.2074,0.5561,0.0882
19585,Pulsante & Sombrio,0.1812,0.3231,0.1545,0.3412
12068,Brilhante & Intenso,0.1853,0.2844,0.3764,0.1539
17882,Brilhante & Intenso,0.1862,0.3391,0.3537,0.1209
12688,Quente & Encorpado,0.2155,0.3698,0.2139,0.2007
16386,Brilhante & Intenso,0.3367,0.164,0.351,0.1483
3093,Dinamico & Contrastante,0.2935,0.2536,0.198,0.2549
12429,Quente & Encorpado,0.1969,0.4197,0.2119,0.1715
20279,Quente & Encorpado,0.2257,0.359,0.2471,0.1683
12685,Quente & Encorpado,0.124,0.5708,0.1933,0.1119
10686,Pulsante & Sombrio,0.1944,0.2665,0.1454,0.3938
20720,Pulsante & Sombrio,0.2615,0.2092,0.2536,0.2756
17271,Brilhante & Intenso,0.2452,0.2498,0.2652,0.2398
12880,Quente & Encorpado,0.1533,0.3437,0.1834,0.3196
13298,Pulsante & Sombrio,0.259,0.215,0.143,0.383
11758,Brilhante & Intenso,0.1314,0.3638,0.4173,0.0876
21478,Pulsante & Sombrio,0.2153,0.1826,0.1295,0.4725
19581,Dinamico & Contrastante,0.412,0.1559,0.2445,0.1876
4277,Quente & Encorpado,0.2373,0.2833,0.2139,0.2655
3836,Pulsante & Sombrio,0.3112,0.1737,0.1591,0.3561
20000,Pulsante & Sombrio,0.322,0.1571,0.1521,0.3688
19972,Dinamico & Contrastante,0.323,0.1896,0.3069,0.1805
2769,Brilhante & Intenso,0.145,0.1944,0.5618,0.0988
21343,Quente & Encorpado,0.2416,0.2746,0.2526,0.2311
10486,Brilhante & Intenso,0.1766,0.3165,0.3351,0.1718
19580,Pulsante & Sombrio,0.3299,0.1629,0.1277,0.3796
16138,Brilhante & Intenso,0.2831,0.2644,0.2977,0.1547
13380,Pulsante & Sombrio,0.2473,0.1938,0.2014,0.3575
21975,Brilhante & Intenso,0.3282,0.1779,0.3286,0.1652
19477,Quente & Encorpado,0.1857,0.3916,0.2481,0.1746
20223,Dinamico & Contrastante,0.5073,0.134,0.1753,0.1834
13543,Brilhante & Intenso,0.2225,0.2751,0.2836,0.2189
20896,Quente & Encorpado,0.14,0.5092,0.1988,0.152
15777,Quente & Encorpado,0.1807,0.3239,0.1813,0.3141
17527,Brilhante & Intenso,0.2576,0.212,0.3982,0.1322
12234,Dinamico & Contrastante,0.3712,0.2343,0.2085,0.1861
15741,Pulsante & Sombrio,0.1774,0.1427,0.0958,0.5841
18212,Brilhante & Intenso,0.2224,0.1802,0.4693,0.128
15451,Brilhante & Intenso,0.2642,0.2398,0.3303,0.1657
2861,Dinamico & Contrastante,0.3077,0.2111,0.2632,0.218
10805,Pulsante & Sombrio,0.2118,0.2658,0.2039,0.3185
20838,Quente & Encorpado,0.2409,0.3317,0.1715,0.256
17148,Dinamico & Contrastante,0.3241,0.175,0.2904,0.2105
22654,Pulsante & Sombrio,0.2497,0.2293,0.1405,0.3805
3831,Quente & Encorpado,0.1284,0.4566,0.3031,0.1119
19994,Brilhante & Intenso,0.2145,0.309,0.3185,0.158
21050,Quente & Encorpado,0.1513,0.4258,0.2324,0.1906
20388,Pulsante & Sombrio,0.2691,0.1774,0.129,0.4245
20685,Quente & Encorpado,0.201,0.3193,0.249,0.2307
1751,Dinamico & Contrastante,0.5118,0.1413,0.1584,0.1884
9803,Quente & Encorpado,0.1967,0.304,0.2491,0.2502
4427,Dinamico & Contrastante,0.3494,0.2089,0.2582,0.1836
21079,Quente & Encorpado,0.1786,0.4348,0.2392,0.1473
16414,Quente & Encorpado,0.2029,0.3296,0.1964,0.2711
11689,Brilhante & Intenso,0.1829,0.299,0.3525,0.1656
11553,Dinamico & Contrastante,0.3075,0.2136,0.2013,0.2776
22504,Brilhante & Intenso,0.212,0.2675,0.377,0.1435
13458,Brilhante & Intenso,0.3414,0.1608,0.3681,0.1297
16771,Dinamico & Contrastante,0.3283,0.2739,0.2663,0.1315
15794,Quente & Encorpado,0.2035,0.3688,0.2447,0.183
9930,Dinamico & Contrastante,0.3966,0.1558,0.2707,0.1769
4482,Quente & Encorpado,0.2546,0.3164,0.2829,0.1461
11922,Brilhante & Intenso,0.1547,0.2751,0.445,0.1251
11533,Pulsante & Sombrio,0.1988,0.2547,0.136,0.4104
3109,Pulsante & Sombrio,0.275,0.1977,0.1871,0.3402
9941,Dinamico & Contrastante,0.4169,0.1795,0.2383,0.1653
11394,Pulsante & Sombrio,0.2442,0.1983,0.227,0.3304
10798,Brilhante & Intenso,0.2204,0.297,0.3508,0.1318
16722,Brilhante & Intenso,0.2739,0.2328,0.3375,0.1558
13174,Dinamico & Contrastante,0.3585,0.2004,0.2385,0.2027
12820,Brilhante & Intenso,0.2615,0.2495,0.3235,0.1655
4154,Brilhante & Intenso,0.2615,0.2244,0.3263,0.1878
17496,Brilhante & Intenso,0.1349,0.2109,0.574,0.0802
22061,Pulsante & Sombrio,0.2596,0.2362,0.204,0.3001
10900,Pulsante & Sombrio,0.2437,0.1834,0.1373,0.4356
18672,Pulsante & Sombrio,0.2008,0.2927,0.1555,0.351
9719,Pulsante & Sombrio,0.2187,0.265,0.1841,0.3322
4479,Brilhante & Intenso,0.3284,0.1946,0.3423,0.1347
18101,Quente & Encorpado,0.1852,0.339,0.1773,0.2985
13480,Brilhante & Intenso,0.3032,0.2173,0.313,0.1665
13529,Quente & Encorpado,0.157,0.4801,0.1763,0.1866
11999,Brilhante & Intenso,0.1841,0.3246,0.3634,0.1278
17685,Brilhante & Intenso,0.2137,0.275,0.2798,0.2314
13649,Quente & Encorpado,0.1873,0.3441,0.3361,0.1325
2556,Pulsante & Sombrio,0.2509,0.2586,0.2303,0.2602
12784,Quente & Encorpado,0.188,0.3609,0.3371,0.114
11217,Quente & Encorpado,0.2401,0.2989,0.2959,0.1651
12718,Quente & Encorpado,0.2321,0.3467,0.2272,0.194
22633,Pulsante & Sombrio,0.3042,0.1818,0.1691,0.3449
16081,Dinamico & Contrastante,0.3515,0.188,0.2958,0.1647
3528,Quente & Encorpado,0.2302,0.3324,0.2756,0.1618
4429,Brilhante & Intenso,0.2211,0.2555,0.3151,0.2083
10357,Dinamico & Contrastante,0.2833,0.2421,0.2344,0.2402
2383,Brilhante & Intenso,0.2228,0.1999,0.4451,0.1322
11536,Dinamico & Contrastante,0.4016,0.1556,0.2567,0.186
11654,Pulsante & Sombrio,0.2926,0.19,0.1853,0.3321
4104,Pulsante & Sombrio,0.1709,0.1313,0.0913,0.6064
10923,Dinamico & Contrastante,0.4472,0.1703,0.2084,0.1741
20844,Brilhante & Intenso,0.2581,0.2607,0.3549,0.1262
15616,Brilhante & Intenso,0.2005,0.2392,0.4433,0.117
5941,Pulsante & Sombrio,0.2029,0.2516,0.1974,0.3481
15881,Quente & Encorpado,0.286,0.3139,0.1577,0.2424
10153,Pulsante & Sombrio,0.3077,0.1667,0.1732,0.3524
16904,Brilhante & Intenso,0.18,0.2681,0.3978,0.1541
11646,Brilhante & Intenso,0.2003,0.2751,0.3633,0.1613
19314,Pulsante & Sombrio,0.1929,0.1715,0.1331,0.5025
14976,Brilhante & Intenso,0.2676,0.1823,0.4183,0.1318
21174,Quente & Encorpado,0.2482,0.2981,0.1812,0.2726
21077,Pulsante & Sombrio,0.2302,0.1956,0.1686,0.4056
10779,Quente & Encorpado,0.1432,0.4361,0.2726,0.1481
15607,Dinamico & Contrastante,0.4947,0.1423,0.1889,0.1741
22191,Quente & Encorpado,0.1645,0.3835,0.2626,0.1894
12088,Pulsante & Sombrio,0.235,0.2245,0.2142,0.3263
18352,Pulsante & Sombrio,0.2028,0.2817,0.1823,0.3331
18670,Dinamico & Contrastante,0.3213,0.2498,0.2317,0.1972
13235,Dinamico & Contrastante,0.3893,0.2101,0.2217,0.1788
16098,Brilhante & Intenso,0.2442,0.1793,0.4872,0.0892
14931,Brilhante & Intenso,0.1514,0.3174,0.4074,0.1238
19591,Dinamico & Contrastante,0.3906,0.1867,0.2299,0.1928
21212,Quente & Encorpado,0.247,0.3499,0.2692,0.1339
19834,Quente & Encorpado,0.1912,0.4245,0.2498,0.1345
19154,Dinamico & Contrastante,0.406,0.1558,0.1512,0.2869
3563,Quente & Encorpado,0.1454,0.4308,0.2037,0.2201
21095,Dinamico & Contrastante,0.4203,0.1789,0.1688,0.232
11224,Quente & Encorpado,0.2111,0.3189,0.2463,0.2237
19009,Pulsante & Sombrio,0.22,0.1741,0.1227,0.4832
20314,Quente & Encorpado,0.2426,0.2995,0.1868,0.2711
20401,Pulsante & Sombrio,0.2267,0.2055,0.1425,0.4253
11325,Quente & Encorpado,0.1316,0.478,0.2638,0.1267
3451,Pulsante & Sombrio,0.2442,0.2085,0.2168,0.3305
20494,Dinamico & Contrastante,0.3209,0.2159,0.2729,0.1903
11988,Dinamico & Contrastante,0.3544,0.2114,0.2562,0.178
15885,Brilhante & Intenso,0.196,0.3025,0.3284,0.173
1611,Dinamico & Contrastante,0.4113,0.1567,0.2545,0.1775
20208,Quente & Encorpado,0.1709,0.4007,0.2401,0.1883
11286,Brilhante & Intenso,0.2453,0.2107,0.4303,0.1137
19819,Pulsante & Sombrio,0.1789,0.3053,0.2015,0.3143
13041,Brilhante & Intenso,0.2264,0.2229,0.4082,0.1425
2379,Quente & Encorpado,0.1804,0.3733,0.2705,0.1758
18707,Quente & Encorpado,0.1505,0.3929,0.3126,0.1441
11377,Dinamico & Contrastante,0.3293,0.1953,0.2709,0.2045
11588,Pulsante & Sombrio,0.2374,0.1983,0.2135,0.3508
3489,Pulsante & Sombrio,0.2255,0.2332,0.2593,0.282
16411,Dinamico & Contrastante,0.3014,0.2246,0.2939,0.1801
3219,Pulsante & Sombrio,0.2336,0.2696,0.2213,0.2755
20712,Dinamico & Contrastante,0.4806,0.1462,0.185,0.1882
21987,Quente & Encorpado,0.2247,0.3242,0.1902,0.2608
16969,Pulsante & Sombrio,0.1686,0.3003,0.1621,0.3691
9703,Quente & Encorpado,0.2608,0.3426,0.2577,0.1389
11186,Pulsante & Sombrio,0.3004,0.2213,0.1585,0.3198
2373,Brilhante & Intenso,0.2613,0.2228,0.3664,0.1495
17848,Dinamico & Contrastante,0.5208,0.1429,0.1738,0.1624
14806,Dinamico & Contrastante,0.4454,0.1524,0.2363,0.166
16838,Brilhante & Intenso,0.2648,0.239,0.3752,0.1209
3720,Dinamico & Contrastante,0.268,0.2412,0.2474,0.2434
20742,Brilhante & Intenso,0.2341,0.249,0.2719,0.245
18690,Dinamico & Contrastante,0.3617,0.1877,0.2149,0.2357
11600,Brilhante & Intenso,0.1974,0.3174,0.3272,0.158
11826,Dinamico & Contrastante,0.47,0.1467,0.1489,0.2344
19414,Dinamico & Contrastante,0.2966,0.2869,0.2556,0.1609
13597,Quente & Encorpado,0.2383,0.3393,0.2072,0.2151
19351,Brilhante & Intenso,0.2686,0.2024,0.3011,0.2279
1846,Dinamico & Contrastante,0.3012,0.241,0.2119,0.2459
12119,Quente & Encorpado,0.1668,0.3198,0.276,0.2374
10572,Brilhante & Intenso,0.1938,0.2297,0.4773,0.0992
16258,Brilhante & Intenso,0.2846,0.2036,0.3977,0.1141
18224,Quente & Encorpado,0.2047,0.3374,0.1713,0.2865
16207,Quente & Encorpado,0.2168,0.3856,0.2029,0.1947
12912,Brilhante & Intenso,0.1921,0.1993,0.4909,0.1177
17408,Pulsante & Sombrio,0.1514,0.3042,0.1447,0.3997
1909,Dinamico & Contrastante,0.3246,0.2164,0.2636,0.1955
18485,Brilhante & Intenso,0.1178,0.2368,0.5652,0.0802
16646,Brilhante & Intenso,0.2252,0.2961,0.3368,0.142
19208,Brilhante & Intenso,0.3033,0.1893,0.3037,0.2037
15408,Pulsante & Sombrio,0.2067,0.174,0.1539,0.4654
18903,Pulsante & Sombrio,0.187,0.2417,0.1557,0.4156
8103,Pulsante & Sombrio,0.287,0.1799,0.163,0.3701
11582,Quente & Encorpado,0.1815,0.371,0.2805,0.167
20418,Brilhante & Intenso,0.1581,0.2373,0.51,0.0946
20260,Pulsante & Sombrio,0.2319,0.1816,0.1454,0.4411
12491,Brilhante & Intenso,0.2608,0.2756,0.312,0.1516
17770,Brilhante & Intenso,0.25,0.2339,0.3685,0.1477
12518,Quente & Encorpado,0.1825,0.3428,0.3126,0.162
17147,Dinamico & Contrastante,0.3056,0.2402,0.2881,0.1662
15924,Quente & Encorpado,0.1592,0.439,0.2191,0.1828
21526,Quente & Encorpado,0.2187,0.3584,0.2734,0.1495
18624,Dinamico & Contrastante,0.3793,0.2086,0.1943,0.2178
12757,Quente & Encorpado,0.153,0.4114,0.2519,0.1838
10650,Brilhante & Intenso,0.2494,0.2818,0.3117,0.157
18722,Pulsante & Sombrio,0.21,0.2872,0.1834,0.3193
19845,Brilhante & Intenso,0.193,0.2417,0.4239,0.1414
21303,Dinamico & Contrastante,0.303,0.226,0.297,0.1741
2573,Quente & Encorpado,0.1615,0.3885,0.3332,0.1168
3584,Pulsante & Sombrio,0.243,0.2134,0.1737,0.3699
18798,Dinamico & Contrastante,0.3668,0.1721,0.3155,0.1457
16797,Quente & Encorpado,0.1932,0.3981,0.2747,0.1341
18078,Quente & Encorpado,0.2635,0.2981,0.202,0.2365
17183,Pulsante & Sombrio,0.3357,0.1378,0.1364,0.3901
15388,Dinamico & Contrastante,0.3688,0.1809,0.1438,0.3065
18432,Dinamico & Contrastante,0.3102,0.2153,0.2995,0.175
20394,Brilhante & Intenso,0.1965,0.2893,0.3246,0.1896
15577,Dinamico & Contrastante,0.3605,0.212,0.2605,0.167
17059,Brilhante & Intenso,0.1625,0.3285,0.3904,0.1186
20831,Quente & Encorpado,0.2135,0.3355,0.2648,0.1862
17895,Pulsante & Sombrio,0.2062,0.3045,0.1793,0.31
13075,Pulsante & Sombrio,0.2925,0.1624,0.1392,0.4059
18023,Brilhante & Intenso,0.2255,0.2449,0.3276,0.202
14872,Brilhante & Intenso,0.2445,0.2213,0.268,0.2661
22234,Quente & Encorpado,0.1603,0.4066,0.2894,0.1437
18489,Pulsante & Sombrio,0.2911,0.2315,0.1755,0.302
17313,Brilhante & Intenso,0.2699,0.2561,0.3266,0.1474
17219,Quente & Encorpado,0.1888,0.3679,0.2388,0.2045
16129,Dinamico & Contrastante,0.3434,0.1961,0.1779,0.2826
18251,Quente & Encorpado,0.1969,0.3218,0.1868,0.2944
21687,Dinamico & Contrastante,0.3559,0.2012,0.2419,0.201
13586,Brilhante & Intenso,0.1375,0.2341,0.543,0.0854
13009,Pulsante & Sombrio,0.2969,0.2094,0.1752,0.3185
11068,Dinamico & Contrastante,0.3228,0.2316,0.2722,0.1734
17745,Pulsante & Sombrio,0.2381,0.2005,0.1532,0.4082
12867,Dinamico & Contrastante,0.4223,0.1645,0.2018,0.2114
11345,Pulsante & Sombrio,0.1801,0.161,0.1153,0.5435
20174,Pulsante & Sombrio,0.2405,0.241,0.1608,0.3577
14767,Quente & Encorpado,0.2039,0.3531,0.2644,0.1786
1575,Dinamico & Contrastante,0.4241,0.1625,0.1419,0.2715
2982,Quente & Encorpado,0.1792,0.3488,0.2143,0.2577
11011,Brilhante & Intenso,0.193,0.2533,0.4522,0.1014
20461,Quente & Encorpado,0.1691,0.3621,0.3089,0.16
16054,Pulsante & Sombrio,0.3052,0.2073,0.1572,0.3302
17424,Quente & Encorpado,0.1497,0.3728,0.3443,0.1332
5898,Quente & Encorpado,0.1906,0.3357,0.2443,0.2293
21617,Brilhante & Intenso,0.1748,0.3112,0.371,0.143
11182,Dinamico & Contrastante,0.4825,0.1362,0.2292,0.1521
19254,Quente & Encorpado,0.1462,0.4047,0.3303,0.1189
15721,Quente & Encorpado,0.155,0.4389,0.2511,0.1551
20132,Quente & Encorpado,0.146,0.4405,0.1912,0.2222
2060,Dinamico & Contrastante,0.2884,0.2739,0.183,0.2546
15441,Brilhante & Intenso,0.2359,0.3098,0.3229,0.1314
4344,Pulsante & Sombrio,0.2402,0.2245,0.1625,0.3727
17139,Quente & Encorpado,0.1811,0.325,0.2318,0.2621
17306,Dinamico & Contrastante,0.3747,0.1869,0.2757,0.1627
15860,Quente & Encorpado,0.1703,0.3881,0.2542,0.1874
11905,Pulsante & Sombrio,0.2252,0.2611,0.1918,0.3219
4188,Quente & Encorpado,0.1985,0.3075,0.221,0.273
20189,Quente & Encorpado,0.1549,0.465,0.2211,0.159
16096,Quente & Encorpado,0.2074,0.333,0.245,0.2146
10324,Pulsante & Sombrio,0.2656,0.1874,0.1566,0.3904
3286,Pulsante & Sombrio,0.2639,0.1613,0.1545,0.4204
10699,Brilhante & Intenso,0.2127,0.248,0.3745,0.1647
16683,Dinamico & Contrastante,0.3714,0.1632,0.1935,0.2719
12961,Pulsante & Sombrio,0.2869,0.1798,0.2117,0.3216
16205,Quente & Encorpado,0.1814,0.328,0.2105,0.2801
16544,Brilhante & Intenso,0.3378,0.1634,0.3541,0.1447
21939,Brilhante & Intenso,0.2358,0.2071,0.3488,0.2082
21586,Brilhante & Intenso,0.1668,0.2905,0.3987,0.1441
2583,Quente & Encorpado,0.1931,0.3922,0.2771,0.1377
21107,Pulsante & Sombrio,0.2703,0.1802,0.1259,0.4236
16281,Quente & Encorpado,0.1799,0.3387,0.2618,0.2196
15557,Dinamico & Contrastante,0.2868,0.2491,0.2053,0.2589
3413,Brilhante & Intenso,0.1579,0.2724,0.4558,0.1139
18382,Quente & Encorpado,0.1954,0.3588,0.2727,0.1731
15531,Quente & Encorpado,0.1617,0.4228,0.2575,0.1579
12525,Pulsante & Sombrio,0.2574,0.1933,0.1573,0.3919
17711,Dinamico & Contrastante,0.3497,0.233,0.2755,0.1418
16223,Pulsante & Sombrio,0.1868,0.2365,0.1309,0.4458
2081,Pulsante & Sombrio,0.3082,0.1551,0.1631,0.3736
20282,Brilhante & Intenso,0.2567,0.2602,0.3343,0.1487
14822,Pulsante & Sombrio,0.2948,0.1904,0.2087,0.3062
16874,Dinamico & Contrastante,0.4079,0.1756,0.274,0.1425
22138,Brilhante & Intenso,0.2199,0.2648,0.3144,0.2008
19703,Pulsante & Sombrio,0.2172,0.2559,0.1944,0.3325
22492,Dinamico & Contrastante,0.358,0.1958,0.2816,0.1646
20519,Quente & Encorpado,0.2644,0.3008,0.2422,0.1926
15874,Quente & Encorpado,0.1497,0.369,0.2354,0.2458
10870,Brilhante & Intenso,0.2383,0.2952,0.3005,0.1661
18535,Brilhante & Intenso,0.1691,0.3266,0.3755,0.1288
17471,Brilhante & Intenso,0.1781,0.2791,0.3899,0.1529
16976,Dinamico & Contrastante,0.3204,0.2503,0.249,0.1803
2375,Brilhante & Intenso,0.3024,0.1684,0.3867,0.1424
15017,Dinamico & Contrastante,0.3931,0.1614,0.2518,0.1937
20097,Brilhante & Intenso,0.2361,0.2364,0.3595,0.1679
10538,Dinamico & Contrastante,0.3296,0.1762,0.17,0.3241
12604,Quente & Encorpado,0.2508,0.2954,0.2,0.2538
15473,Pulsante & Sombrio,0.1771,0.2742,0.1686,0.3801
21470,Dinamico & Contrastante,0.3791,0.1599,0.1711,0.2899
12516,Quente & Encorpado,0.2603,0.31,0.2296,0.2001
10581,Quente & Encorpado,0.1426,0.4581,0.1929,0.2064
10629,Pulsante & Sombrio,0.2781,0.2027,0.1913,0.328
10896,Brilhante & Intenso,0.2007,0.2269,0.4736,0.0988
20367,Dinamico & Contrastante,0.3708,0.1755,0.1768,0.2769
20081,Quente & Encorpado,0.2532,0.3095,0.2123,0.2249
15730,Pulsante & Sombrio,0.2617,0.2368,0.2358,0.2656
11157,Brilhante & Intenso,0.2054,0.2149,0.4695,0.1101
20098,Quente & Encorpado,0.1416,0.4004,0.3278,0.1303
15189,Brilhante & Intenso,0.168,0.3052,0.3608,0.166
15427,Pulsante & Sombrio,0.2031,0.2397,0.2014,0.3558
21801,Brilhante & Intenso,0.2563,0.2742,0.322,0.1475
15045,Dinamico & Contrastante,0.3171,0.2297,0.3103,0.1429
3429,Quente & Encorpado,0.1534,0.4198,0.2312,0.1957
22567,Brilhante & Intenso,0.1519,0.3529,0.3577,0.1375
17903,Pulsante & Sombrio,0.2893,0.1883,0.1786,0.3438
10613,Dinamico & Contrastante,0.3598,0.1912,0.1734,0.2756
21787,Pulsante & Sombrio,0.2421,0.2701,0.1978,0.2899
16260,Pulsante & Sombrio,0.2641,0.2092,0.1674,0.3592
10131,Brilhante & Intenso,0.2104,0.2926,0.393,0.104
18957,Pulsante & Sombrio,0.2367,0.2398,0.2375,0.2861
10605,Dinamico & Contrastante,0.4034,0.1786,0.1859,0.2322
13547,Brilhante & Intenso,0.2124,0.222,0.4383,0.1274
20477,Pulsante & Sombrio,0.2051,0.2555,0.1779,0.3615
1721,Pulsante & Sombrio,0.1955,0.2315,0.1439,0.4291
12999,Quente & Encorpado,0.1803,0.3219,0.274,0.2238
20585,Brilhante & Intenso,0.1172,0.2043,0.6067,0.0718
18429,Dinamico & Contrastante,0.4343,0.1389,0.158,0.2688
4400,Brilhante & Intenso,0.23,0.2565,0.374,0.1395
20683,Brilhante & Intenso,0.256,0.2104,0.3913,0.1422
19590,Brilhante & Intenso,0.2146,0.2597,0.3593,0.1665
18617,Dinamico & Contrastante,0.4484,0.1523,0.1633,0.236
16669,Brilhante & Intenso,0.1844,0.3086,0.316,0.191
20305,Quente & Encorpado,0.1683,0.3992,0.2927,0.1397
18332,Pulsante & Sombrio,0.2043,0.2444,0.1644,0.3869
15270,Dinamico & Contrastante,0.3733,0.1997,0.2586,0.1684
18947,Pulsante & Sombrio,0.2583,0.2269,0.1945,0.3203
10609,Quente & Encorpado,0.2185,0.3509,0.2359,0.1947
21886,Quente & Encorpado,0.1806,0.3217,0.3163,0.1815
19823,Dinamico & Contrastante,0.3276,0.1997,0.1871,0.2856
18620,Pulsante & Sombrio,0.2188,0.1727,0.1169,0.4916
12417,Pulsante & Sombrio,0.2203,0.2085,0.162,0.4093
19545,Brilhante & Intenso,0.162,0.271,0.4606,0.1064
19587,Brilhante & Intenso,0.2974,0.187,0.3214,0.1943
19594,Pulsante & Sombrio,0.2808,0.2119,0.1914,0.3158
19231,Pulsante & Sombrio,0.2271,0.1872,0.17,0.4158
21114,Quente & Encorpado,0.2016,0.3725,0.2768,0.1491
22186,Brilhante & Intenso,0.2846,0.2595,0.3051,0.1507
3597,Pulsante & Sombrio,0.2387,0.2351,0.2036,0.3226
10321,Pulsante & Sombrio,0.1667,0.147,0.0924,0.5938
10509,Dinamico & Contrastante,0.3781,0.1754,0.2744,0.1721
3601,Pulsante & Sombrio,0.2075,0.2782,0.2097,0.3046
1509,Pulsante & Sombrio,0.1892,0.2848,0.171,0.355
20580,Brilhante & Intenso,0.2541,0.2074,0.3372,0.2012
16972,Brilhante & Intenso,0.2462,0.2066,0.3744,0.1729
16986,Dinamico & Contrastante,0.3659,0.1633,0.2924,0.1783
19650,Brilhante & Intenso,0.2392,0.185,0.4499,0.1259
15878,Dinamico & Contrastante,0.3306,0.179,0.303,0.1874
20164,Pulsante & Sombrio,0.1989,0.2257,0.1566,0.4188
3079,Pulsante & Sombrio,0.3084,0.1977,0.1444,0.3495
11072,Pulsante & Sombrio,0.2473,0.184,0.1801,0.3885
18434,Brilhante & Intenso,0.3022,0.2019,0.3588,0.137
11942,Pulsante & Sombrio,0.179,0.2887,0.2024,0.33
11423,Quente & Encorpado,0.1626,0.418,0.2302,0.1891
11833,Quente & Encorpado,0.2385,0.314,0.2929,0.1546
18871,Dinamico & Contrastante,0.3777,0.1455,0.1388,0.3379
3678,Pulsante & Sombrio,0.2495,0.1635,0.1356,0.4514
2815,Quente & Encorpado,0.1653,0.4408,0.2776,0.1162
12118,Brilhante & Intenso,0.1982,0.2942,0.3125,0.1951
16994,Brilhante & Intenso,0.2282,0.2187,0.4352,0.118
15399,Pulsante & Sombrio,0.2473,0.1789,0.1372,0.4365
20427,Quente & Encorpado,0.1862,0.3619,0.3079,0.144
15375,Quente & Encorpado,0.2048,0.3188,0.2554,0.221
13476,Pulsante & Sombrio,0.2073,0.2146,0.1571,0.4211
16980,Dinamico & Contrastante,0.2999,0.2878,0.2346,0.1777
14119,Pulsante & Sombrio,0.2294,0.1864,0.1627,0.4215
3393,Brilhante & Intenso,0.1464,0.2815,0.4712,0.1009
12420,Brilhante & Intenso,0.2705,0.2208,0.365,0.1438
11459,Pulsante & Sombrio,0.2228,0.2008,0.1987,0.3776
15942,Pulsante & Sombrio,0.246,0.1833,0.1645,0.4062
14984,Dinamico & Contrastante,0.3816,0.1617,0.1912,0.2655
17950,Brilhante & Intenso,0.1848,0.1805,0.5207,0.114
18828,Pulsante & Sombrio,0.2145,0.2007,0.1333,0.4515
17446,Brilhante & Intenso,0.1625,0.2441,0.4869,0.1064
19240,Dinamico & Contrastante,0.3781,0.1927,0.2768,0.1524
15107,Brilhante & Intenso,0.1805,0.2773,0.3926,0.1496
3313,Brilhante & Intenso,0.2717,0.2242,0.3388,0.1653
14903,Brilhante & Intenso,0.1307,0.3428,0.433,0.0935
19898,Pulsante & Sombrio,0.1684,0.3046,0.1713,0.3557
19256,Pulsante & Sombrio,0.302,0.2286,0.1576,0.3117
3713,Brilhante & Intenso,0.1671,0.2018,0.5213,0.1099
15889,Dinamico & Contrastante,0.285,0.27,0.2215,0.2235
16319,Brilhante & Intenso,0.2231,0.2435,0.2772,0.2563
10777,Dinamico & Contrastante,0.3762,0.1796,0.1502,0.294
17149,Brilhante & Intenso,0.1552,0.3445,0.3722,0.128
16480,Dinamico & Contrastante,0.4316,0.1478,0.2334,0.1873
20488,Dinamico & Contrastante,0.3139,0.2742,0.1989,0.2131
1913,Brilhante & Intenso,0.2585,0.2243,0.3081,0.209
20358,Brilhante & Intenso,0.2653,0.2041,0.3834,0.1472
10621,Brilhante & Intenso,0.2166,0.2535,0.3274,0.2025
19358,Quente & Encorpado,0.2412,0.2923,0.2442,0.2222
20083,Pulsante & Sombrio,0.2556,0.2267,0.1811,0.3366
12334,Brilhante & Intenso,0.1537,0.3508,0.3621,0.1335
11295,Brilhante & Intenso,0.2038,0.2056,0.5024,0.0881
16204,Dinamico & Contrastante,0.3413,0.2033,0.1898,0.2655
16956,Dinamico & Contrastante,0.4079,0.1756,0.274,0.1425
20876,Pulsante & Sombrio,0.1964,0.2179,0.1413,0.4445
12279,Dinamico & Contrastante,0.4416,0.1633,0.1697,0.2254
16951,Dinamico & Contrastante,0.349,0.2315,0.2647,0.1547
16521,Dinamico & Contrastante,0.4285,0.1888,0.176,0.2067
12600,Pulsante & Sombrio,0.1601,0.3143,0.1798,0.3458
10306,Pulsante & Sombrio,0.1812,0.2029,0.1424,0.4736
18786,Brilhante & Intenso,0.3181,0.1768,0.3758,0.1292
10050,Brilhante & Intenso,0.2266,0.2607,0.3487,0.1641
15382,Pulsante & Sombrio,0.1969,0.217,0.1477,0.4384
19438,Brilhante & Intenso,0.1319,0.3661,0.3848,0.1171
15971,Brilhante & Intenso,0.1485,0.2424,0.5206,0.0886
17019,Dinamico & Contrastante,0.338,0.1808,0.218,0.2631
16296,Dinamico & Contrastante,0.3942,0.203,0.2079,0.1949
15916,Quente & Encorpado,0.1676,0.421,0.2148,0.1967
2265,Brilhante & Intenso,0.1892,0.2239,0.4783,0.1086
12409,Brilhante & Intenso,0.1414,0.2604,0.504,0.0942
20362,Quente & Encorpado,0.2147,0.3014,0.2989,0.185
16418,Dinamico & Contrastante,0.4613,0.1381,0.2579,0.1428
2736,Quente & Encorpado,0.299,0.3149,0.2175,0.1687
1351,Quente & Encorpado,0.1742,0.3586,0.2886,0.1787
11900,Dinamico & Contrastante,0.362,0.2115,0.1791,0.2474
4478,Pulsante & Sombrio,0.1997,0.2822,0.2217,0.2965
15418,Brilhante & Intenso,0.1359,0.3701,0.3881,0.1059
12740,Pulsante & Sombrio,0.2102,0.251,0.1995,0.3393
15723,Pulsante & Sombrio,0.2411,0.2608,0.1903,0.3078
19296,Pulsante & Sombrio,0.2307,0.2439,0.151,0.3743
15153,Brilhante & Intenso,0.2546,0.203,0.3825,0.1599
21950,Quente & Encorpado,0.1673,0.3635,0.2116,0.2577
4468,Quente & Encorpado,0.1396,0.4467,0.2165,0.1972
10980,Brilhante & Intenso,0.2187,0.2385,0.4129,0.1299
16887,Brilhante & Intenso,0.2874,0.2746,0.2916,0.1464
19043,Pulsante & Sombrio,0.264,0.2092,0.1765,0.3503
20638,Pulsante & Sombrio,0.2676,0.2076,0.1566,0.3681
18051,Brilhante & Intenso,0.2827,0.2381,0.2943,0.185
11569,Dinamico & Contrastante,0.3876,0.1505,0.1519,0.31
12559,Dinamico & Contrastante,0.3557,0.1774,0.1603,0.3066
1881,Quente & Encorpado,0.1565,0.3685,0.1881,0.2869
12171,Quente & Encorpado,0.1304,0.4955,0.2313,0.1428
4192,Brilhante & Intenso,0.1671,0.3122,0.3665,0.1542
2670,Quente & Encorpado,0.19,0.3383,0.2868,0.1849
19478,Quente & Encorpado,0.1453,0.3837,0.2904,0.1807
18189,Quente & Encorpado,0.145,0.4246,0.1491,0.2813
21464,Quente & Encorpado,0.168,0.3665,0.2827,0.1828
15307,Brilhante & Intenso,0.2008,0.2812,0.3619,0.1561
15589,Quente & Encorpado,0.1665,0.4316,0.2761,0.1257
12694,Quente & Encorpado,0.1822,0.4267,0.2011,0.1901
10333,Dinamico & Contrastante,0.3888,0.1859,0.1796,0.2457
15252,Brilhante & Intenso,0.205,0.2827,0.3481,0.1641
15130,Quente & Encorpado,0.1715,0.3792,0.1871,0.2622
9739,Brilhante & Intenso,0.15,0.2777,0.442,0.1303
22200,Quente & Encorpado,0.2684,0.3084,0.2817,0.1415
21731,Pulsante & Sombrio,0.2767,0.2388,0.165,0.3195
18675,Dinamico & Contrastante,0.2793,0.231,0.2397,0.25
3278,Quente & Encorpado,0.2404,0.3264,0.1702,0.263
12027,Pulsante & Sombrio,0.2328,0.2382,0.1886,0.3404
12175,Brilhante & Intenso,0.1447,0.2308,0.5182,0.1063
12050,Quente & Encorpado,0.2057,0.3035,0.2634,0.2274
1664,Quente & Encorpado,0.2081,0.3304,0.2975,0.164
20767,Quente & Encorpado,0.1741,0.3695,0.178,0.2784
17820,Dinamico & Contrastante,0.3664,0.1688,0.2703,0.1945
11578,Brilhante & Intenso,0.298,0.1922,0.3052,0.2047
16977,Quente & Encorpado,0.1835,0.4079,0.2079,0.2007
12001,Brilhante & Intenso,0.2626,0.2122,0.4038,0.1214
14918,Brilhante & Intenso,0.2309,0.2403,0.358,0.1708
12028,Pulsante & Sombrio,0.2724,0.2068,0.1691,0.3517
11155,Brilhante & Intenso,0.1663,0.3256,0.412,0.0961
15568,Dinamico & Contrastante,0.3931,0.1892,0.2628,0.1549
12785,Dinamico & Contrastante,0.2708,0.2252,0.2445,0.2595
19866,Dinamico & Contrastante,0.4202,0.1588,0.2157,0.2053
12555,Quente & Encorpado,0.1442,0.5063,0.2023,0.1472
16621,Quente & Encorpado,0.1694,0.4706,0.2222,0.1378
3552,Brilhante & Intenso,0.2766,0.2017,0.3141,0.2076
1277,Quente & Encorpado,0.2048,0.3315,0.2404,0.2233
17228,Pulsante & Sombrio,0.2267,0.2232,0.152,0.3981
15517,Dinamico & Contrastante,0.3621,0.1616,0.2064,0.2699
15330,Pulsante & Sombrio,0.215,0.2803,0.2159,0.2887
13633,Dinamico & Contrastante,0.3406,0.181,0.1937,0.2847
16396,Brilhante & Intenso,0.1593,0.2251,0.4956,0.1199
15869,Pulsante & Sombrio,0.232,0.2089,0.1427,0.4164
13632,Quente & Encorpado,0.1759,0.3681,0.2037,0.2523
17146,Brilhante & Intenso,0.1687,0.2174,0.5115,0.1023
16743,Pulsante & Sombrio,0.2284,0.2776,0.21,0.284
17749,Quente & Encorpado,0.2118,0.2844,0.2381,0.2657
15005,Dinamico & Contrastante,0.338,0.2429,0.2035,0.2156
16068,Brilhante & Intenso,0.2035,0.2539,0.3943,0.1483
22232,Brilhante & Intenso,0.2242,0.2318,0.4553,0.0888
3855,Brilhante & Intenso,0.2193,0.2738,0.3492,0.1577
16158,Brilhante & Intenso,0.1707,0.2598,0.4745,0.0949
10395,Pulsante & Sombrio,0.2789,0.1807,0.1608,0.3797
10154,Pulsante & Sombrio,0.2122,0.2969,0.1866,0.3044
20018,Quente & Encorpado,0.2081,0.3296,0.2169,0.2454
11818,Dinamico & Contrastante,0.3416,0.2183,0.3208,0.1193
21518,Pulsante & Sombrio,0.1993,0.2872,0.2033,0.3103
16194,Brilhante & Intenso,0.2608,0.2216,0.3661,0.1515
16071,Dinamico & Contrastante,0.365,0.1651,0.1988,0.271
16066,Brilhante & Intenso,0.195,0.1955,0.5202,0.0893
10381,Dinamico & Contrastante,0.2784,0.2359,0.2586,0.2271
19132,Brilhante & Intenso,0.2479,0.227,0.2872,0.2379
17647,Dinamico & Contrastante,0.4337,0.1846,0.2233,0.1585
15273,Brilhante & Intenso,0.17,0.252,0.4597,0.1184
20190,Brilhante & Intenso,0.2211,0.2112,0.4374,0.1302
16460,Dinamico & Contrastante,0.3362,0.1991,0.1945,0.2703
11929,Pulsante & Sombrio,0.2274,0.2223,0.2511,0.2992
14985,Quente & Encorpado,0.2352,0.3106,0.2023,0.2519
19148,Brilhante & Intenso,0.2335,0.2079,0.4494,0.1092
13515,Pulsante & Sombrio,0.1891,0.2558,0.1321,0.4231
19187,Brilhante & Intenso,0.2436,0.2131,0.4174,0.1259
17168,Pulsante & Sombrio,0.2047,0.2593,0.2167,0.3194
10128,Dinamico & Contrastante,0.3133,0.2149,0.2607,0.2111
12506,Dinamico & Contrastante,0.2738,0.2179,0.2686,0.2398
10311,Dinamico & Contrastante,0.3527,0.2146,0.2742,0.1585
17279,Brilhante & Intenso,0.2475,0.2178,0.4196,0.1151
22330,Brilhante & Intenso,0.1792,0.2587,0.434,0.1281
12807,Quente & Encorpado,0.1728,0.3755,0.2975,0.1541
20014,Brilhante & Intenso,0.2495,0.2612,0.3447,0.1446
10322,Dinamico & Contrastante,0.4671,0.1565,0.1697,0.2066
18963,Dinamico & Contrastante,0.4002,0.1984,0.1775,0.224
3114,Quente & Encorpado,0.1168,0.478,0.3091,0.096
20738,Quente & Encorpado,0.2183,0.3706,0.2212,0.1899
4236,Brilhante & Intenso,0.224,0.2705,0.3631,0.1423
19428,Pulsante & Sombrio,0.2064,0.1778,0.1391,0.4767
13031,Pulsante & Sombrio,0.1876,0.2038,0.1494,0.4592
3562,Pulsante & Sombrio,0.2658,0.2364,0.2011,0.2967
12484,Quente & Encorpado,0.1545,0.4103,0.2279,0.2074
10859,Quente & Encorpado,0.1594,0.4189,0.2026,0.2191
18911,Brilhante & Intenso,0.2228,0.2995,0.3209,0.1568
2078,Dinamico & Contrastante,0.3276,0.2368,0.2754,0.1603
11483,Dinamico & Contrastante,0.3058,0.2457,0.2096,0.239
10679,Pulsante & Sombrio,0.2702,0.1844,0.2033,0.3421
17021,Brilhante & Intenso,0.132,0.3673,0.3869,0.1137
18609,Brilhante & Intenso,0.2045,0.2292,0.437,0.1294
4269,Brilhante & Intenso,0.2012,0.2356,0.4326,0.1305
15478,Brilhante & Intenso,0.1452,0.3316,0.4207,0.1026
16941,Pulsante & Sombrio,0.2785,0.2107,0.2219,0.2889
19281,Brilhante & Intenso,0.1901,0.2923,0.3809,0.1367
12727,Dinamico & Contrastante,0.4167,0.1481,0.1743,0.2609
15114,Quente & Encorpado,0.179,0.3881,0.2808,0.1521
3617,Brilhante & Intenso,0.1895,0.2263,0.4506,0.1336
18652,Quente & Encorpado,0.1326,0.5083,0.2568,0.1024
17257,Brilhante & Intenso,0.2015,0.2508,0.4345,0.1132
11333,Pulsante & Sombrio,0.3034,0.1707,0.1621,0.3638
17133,Pulsante & Sombrio,0.2681,0.2173,0.133,0.3816
4182,Quente & Encorpado,0.1688,0.4281,0.2254,0.1777
20951,Brilhante & Intenso,0.1885,0.2915,0.3717,0.1483
11767,Pulsante & Sombrio,0.2784,0.2103,0.1757,0.3356
15554,Brilhante & Intenso,0.2593,0.1963,0.4143,0.13
20310,Pulsante & Sombrio,0.2995,0.1905,0.1633,0.3467
3177,Pulsante & Sombrio,0.264,0.1656,0.1455,0.425
16440,Brilhante & Intenso,0.202,0.3233,0.35,0.1247
10759,Brilhante & Intenso,0.1749,0.3403,0.3435,0.1413
3624,Quente & Encorpado,0.2084,0.3695,0.2772,0.1448
20340,Quente & Encorpado,0.2194,0.2912,0.2723,0.2171
15324,Quente & Encorpado,0.2438,0.2681,0.246,0.242
10425,Brilhante & Intenso,0.2422,0.2617,0.3638,0.1323
20834,Pulsante & Sombrio,0.2624,0.2015,0.1603,0.3758
12957,Quente & Encorpado,0.1639,0.3477,0.3102,0.1782
12051,Brilhante & Intenso,0.17,0.2206,0.5016,0.1078
12695,Pulsante & Sombrio,0.2834,0.1766,0.1665,0.3736
10502,Brilhante & Intenso,0.2276,0.243,0.3455,0.1839
3881,Brilhante & Intenso,0.2813,0.1857,0.3713,0.1617
12270,Brilhante & Intenso,0.195,0.3111,0.3531,0.1408
3884,Pulsante & Sombrio,0.2282,0.2006,0.1366,0.4345
13157,Dinamico & Contrastante,0.4056,0.1702,0.2801,0.1442
18135,Brilhante & Intenso,0.1984,0.2554,0.4441,0.1021
11837,Dinamico & Contrastante,0.3434,0.2523,0.1985,0.2057
13322,Brilhante & Intenso,0.1886,0.189,0.5113,0.1111
19672,Quente & Encorpado,0.233,0.3027,0.2016,0.2628
22201,Pulsante & Sombrio,0.3035,0.1735,0.2082,0.3148
20400,Pulsante & Sombrio,0.1704,0.2449,0.1635,0.4212
12671,Pulsante & Sombrio,0.2767,0.1869,0.1871,0.3493
11836,Pulsante & Sombrio,0.2677,0.2692,0.1736,0.2895
12357,Pulsante & Sombrio,0.2697,0.1655,0.1489,0.4159
19368,Quente & Encorpado,0.211,0.3439,0.2027,0.2424
21245,Brilhante & Intenso,0.1518,0.331,0.3623,0.1548
8046,Pulsante & Sombrio,0.2106,0.1976,0.1509,0.4409
13250,Pulsante & Sombrio,0.1972,0.2105,0.1504,0.4419
10902,Dinamico & Contrastante,0.3889,0.1863,0.2354,0.1894
11548,Pulsante & Sombrio,0.1947,0.3067,0.1499,0.3487
21030,Brilhante & Intenso,0.2937,0.2541,0.3152,0.1369
20193,Pulsante & Sombrio,0.2438,0.2751,0.1734,0.3076
22067,Pulsante & Sombrio,0.2159,0.2864,0.1728,0.3249
20061,Dinamico & Contrastante,0.4293,0.1503,0.1738,0.2466
19482,Brilhante & Intenso,0.1623,0.331,0.3911,0.1156
15871,Pulsante & Sombrio,0.2237,0.2552,0.2079,0.3133
12829,Brilhante & Intenso,0.2426,0.2395,0.3843,0.1336
11063,Pulsante & Sombrio,0.2079,0.27,0.2075,0.3147
13464,Pulsante & Sombrio,0.219,0.2037,0.198,0.3793
12955,Brilhante & Intenso,0.1753,0.3156,0.4033,0.1058
14126,Quente & Encorpado,0.2491,0.2843,0.2836,0.183
12663,Brilhante & Intenso,0.1925,0.2683,0.3884,0.1508
10907,Brilhante & Intenso,0.1595,0.2448,0.4811,0.1146
2972,Quente & Encorpado,0.1902,0.3547,0.3255,0.1296
21034,Pulsante & Sombrio,0.1799,0.255,0.1426,0.4225
17690,Brilhante & Intenso,0.2826,0.1676,0.3856,0.1642
12322,Quente & Encorpado,0.1203,0.5389,0.1775,0.1633
3505,Brilhante & Intenso,0.1855,0.2629,0.4352,0.1164
2500,Brilhante & Intenso,0.1662,0.3267,0.3812,0.1258
20211,Dinamico & Contrastante,0.358,0.209,0.2707,0.1623
14827,Pulsante & Sombrio,0.3022,0.1825,0.1429,0.3725
16543,Pulsante & Sombrio,0.1892,0.2994,0.1411,0.3703
22011,Quente & Encorpado,0.1652,0.3965,0.2938,0.1446
17243,Brilhante & Intenso,0.1816,0.2535,0.4658,0.0991
12184,Brilhante & Intenso,0.2461,0.2593,0.2901,0.2046
10341,Quente & Encorpado,0.1571,0.3583,0.1672,0.3173
10632,Pulsante & Sombrio,0.2823,0.2307,0.1574,0.3297
11424,Dinamico & Contrastante,0.4325,0.1932,0.2144,0.1598
19117,Brilhante & Intenso,0.2016,0.327,0.339,0.1324
18342,Dinamico & Contrastante,0.3729,0.1685,0.1447,0.3139
12091,Brilhante & Intenso,0.121,0.3751,0.4087,0.0952
3917,Quente & Encorpado,0.2758,0.3097,0.2363,0.1782
22283,Quente & Encorpado,0.1621,0.4313,0.2491,0.1575
13293,Brilhante & Intenso,0.2299,0.2064,0.3787,0.185
1480,Dinamico & Contrastante,0.3444,0.1945,0.2869,0.1742
19754,Dinamico & Contrastante,0.3683,0.1999,0.2256,0.2062
11571,Dinamico & Contrastante,0.4246,0.1546,0.1911,0.2298
15709,Dinamico & Contrastante,0.339,0.279,0.2325,0.1495
15242,Brilhante & Intenso,0.234,0.2592,0.3782,0.1287
20852,Quente & Encorpado,0.2734,0.2919,0.2006,0.2341
13462,Brilhante & Intenso,0.1451,0.336,0.4215,0.0974
16345,Brilhante & Intenso,0.176,0.3317,0.3408,0.1516
1382,Quente & Encorpado,0.1943,0.4195,0.241,0.1452
2719,Quente & Encorpado,0.1453,0.3673,0.3336,0.1538
15214,Quente & Encorpado,0.1229,0.5076,0.2446,0.1249
18630,Dinamico & Contrastante,0.3867,0.1676,0.1734,0.2722
21298,Brilhante & Intenso,0.2785,0.2497,0.3326,0.1392
12300,Brilhante & Intenso,0.2308,0.1677,0.5006,0.1009
20536,Brilhante & Intenso,0.1614,0.2187,0.5121,0.1078
12131,Quente & Encorpado,0.2235,0.3448,0.2825,0.1492
13065,Dinamico & Contrastante,0.3397,0.2137,0.1915,0.255
20517,Brilhante & Intenso,0.2381,0.2612,0.3464,0.1544
11923,Dinamico & Contrastante,0.2847,0.2309,0.2752,0.2091
15566,Pulsante & Sombrio,0.3309,0.1732,0.1561,0.3398
12208,Quente & Encorpado,0.1365,0.4524,0.2664,0.1447
2545,Quente & Encorpado,0.154,0.4331,0.2667,0.1462
21946,Dinamico & Contrastante,0.315,0.208,0.2038,0.2732
21252,Brilhante & Intenso,0.1327,0.3589,0.4277,0.0808
11908,Pulsante & Sombrio,0.2544,0.2181,0.2097,0.3178
12717,Brilhante & Intenso,0.2777,0.2301,0.3537,0.1385
16366,Pulsante & Sombrio,0.2239,0.2281,0.157,0.3909
18063,Dinamico & Contrastante,0.4723,0.1541,0.1744,0.1992
21483,Quente & Encorpado,0.2189,0.3472,0.2307,0.2033
16691,Dinamico & Contrastante,0.3446,0.2106,0.2554,0.1894
11084,Dinamico & Contrastante,0.3095,0.2465,0.2816,0.1625
18549,Quente & Encorpado,0.1645,0.3467,0.331,0.1578
22018,Pulsante & Sombrio,0.329,0.1773,0.1504,0.3433
18491,Dinamico & Contrastante,0.4461,0.1504,0.1782,0.2253
2576,Pulsante & Sombrio,0.2673,0.2151,0.1935,0.324
20382,Brilhante & Intenso,0.1429,0.2268,0.539,0.0913
17220,Pulsante & Sombrio,0.2458,0.2117,0.2022,0.3403
22027,Quente & Encorpado,0.1774,0.3548,0.3326,0.1352
20928,Quente & Encorpado,0.1594,0.4979,0.2162,0.1265
11052,Quente & Encorpado,0.2044,0.3507,0.1855,0.2594
11236,Brilhante & Intenso,0.1936,0.2673,0.4291,0.11
4224,Brilhante & Intenso,0.2361,0.2193,0.4019,0.1427
16092,Dinamico & Contrastante,0.3658,0.1698,0.2002,0.2642
16562,Quente & Encorpado,0.2281,0.3111,0.249,0.2119
15259,Quente & Encorpado,0.2351,0.3437,0.2422,0.179
3641,Brilhante & Intenso,0.2021,0.314,0.3413,0.1425
14860,Brilhante & Intenso,0.2731,0.1905,0.3912,0.1452
3557,Brilhante & Intenso,0.2872,0.2125,0.3214,0.1789
16171,Brilhante & Intenso,0.1788,0.3312,0.3598,0.1302
16539,Dinamico & Contrastante,0.3518,0.1796,0.2196,0.2489
15760,Brilhante & Intenso,0.2268,0.2258,0.401,0.1465
12711,Brilhante & Intenso,0.2186,0.1974,0.4686,0.1155
18552,Pulsante & Sombrio,0.2546,0.1939,0.2236,0.3279
11801,Dinamico & Contrastante,0.296,0.1976,0.2305,0.2759
12242,Dinamico & Contrastante,0.4087,0.153,0.1491,0.2892
11385,Pulsante & Sombrio,0.2447,0.2373,0.2392,0.2788
12733,Brilhante & Intenso,0.2199,0.2298,0.4275,0.1228
19985,Brilhante & Intenso,0.1362,0.3044,0.4635,0.0959
12578,Pulsante & Sombrio,0.2929,0.1826,0.1839,0.3405
13277,Brilhante & Intenso,0.2227,0.2253,0.363,0.189
15943,Pulsante & Sombrio,0.2495,0.221,0.1492,0.3803
21551,Pulsante & Sombrio,0.2886,0.1687,0.155,0.3878
21440,Quente & Encorpado,0.2084,0.3502,0.2166,0.2248
2704,Pulsante & Sombrio,0.1839,0.2041,0.1377,0.4742
13579,Brilhante & Intenso,0.1841,0.2313,0.4569,0.1277
18307,Brilhante & Intenso,0.2062,0.2353,0.4416,0.1169
15707,Quente & Encorpado,0.146,0.4365,0.2298,0.1876
20833,Pulsante & Sombrio,0.2521,0.2433,0.2399,0.2648
17581,Pulsante & Sombrio,0.2212,0.3007,0.1767,0.3015
2362,Quente & Encorpado,0.1682,0.4133,0.2475,0.171
12732,Brilhante & Intenso,0.1614,0.3272,0.3657,0.1457
21150,Quente & Encorpado,0.2356,0.3404,0.2363,0.1877
10371,Quente & Encorpado,0.1833,0.3403,0.1784,0.298
16791,Dinamico & Contrastante,0.3566,0.1553,0.1374,0.3507
20478,Quente & Encorpado,0.2176,0.2927,0.2524,0.2373
13023,Quente & Encorpado,0.2864,0.3149,0.2022,0.1965
14826,Brilhante & Intenso,0.1795,0.3348,0.3699,0.1158
16917,Pulsante & Sombrio,0.2801,0.2048,0.1955,0.3196
20901,Brilhante & Intenso,0.2732,0.2332,0.3516,0.1419
17042,Quente & Encorpado,0.13,0.475,0.2157,0.1792
12455,Pulsante & Sombrio,0.1911,0.2967,0.1764,0.3358
22398,Dinamico & Contrastante,0.3367,0.1654,0.1775,0.3204
1395,Quente & Encorpado,0.1367,0.4083,0.3174,0.1376
2493,Quente & Encorpado,0.1892,0.3541,0.2889,0.1677
15657,Quente & Encorpado,0.2544,0.3335,0.2201,0.1919
17772,Brilhante & Intenso,0.2735,0.1946,0.3915,0.1404
20672,Quente & Encorpado,0.1621,0.3818,0.2923,0.1638
13520,Dinamico & Contrastante,0.3441,0.2284,0.1638,0.2637
20667,Pulsante & Sombrio,0.2047,0.2538,0.1787,0.3629
13317,Pulsante & Sombrio,0.2072,0.1962,0.1657,0.4309
11021,Brilhante & Intenso,0.1913,0.2951,0.3802,0.1334
12967,Quente & Encorpado,0.1982,0.3197,0.265,0.2171
13178,Brilhante & Intenso,0.2295,0.3067,0.3192,0.1445
19737,Dinamico & Contrastante,0.3507,0.1827,0.1883,0.2784
16104,Brilhante & Intenso,0.1827,0.2387,0.4746,0.104
17476,Quente & Encorpado,0.1338,0.4394,0.276,0.1508
11682,Quente & Encorpado,0.172,0.3459,0.2321,0.25
10873,Brilhante & Intenso,0.28,0.2171,0.3108,0.192
11007,Dinamico & Contrastante,0.3168,0.2046,0.1876,0.291
21643,Brilhante & Intenso,0.166,0.2811,0.4084,0.1445
16859,Quente & Encorpado,0.2695,0.2966,0.2643,0.1697
19410,Dinamico & Contrastante,0.3593,0.1685,0.1688,0.3033
20429,Quente & Encorpado,0.1403,0.4484,0.2431,0.1682
20078,Pulsante & Sombrio,0.2611,0.1785,0.1812,0.3791
18449,Dinamico & Contrastante,0.3451,0.2279,0.1858,0.2412
10045,Quente & Encorpado,0.1656,0.3703,0.3313,0.1328
16961,Dinamico & Contrastante,0.3417,0.1809,0.1426,0.3348
15480,Quente & Encorpado,0.2015,0.326,0.1832,0.2893
16115,Brilhante & Intenso,0.2176,0.194,0.4723,0.1161
20623,Quente & Encorpado,0.2466,0.3502,0.2005,0.2027
12763,Brilhante & Intenso,0.1617,0.3422,0.3627,0.1334
16187,Brilhante & Intenso,0.2538,0.192,0.4095,0.1447
18351,Quente & Encorpado,0.1441,0.4214,0.2252,0.2094
17779,Brilhante & Intenso,0.2554,0.2339,0.3034,0.2073
10438,Dinamico & Contrastante,0.4359,0.1851,0.1738,0.2051
14009,Pulsante & Sombrio,0.2493,0.2445,0.2266,0.2797
18783,Brilhante & Intenso,0.1382,0.188,0.595,0.0788
12873,Brilhante & Intenso,0.2241,0.2639,0.3914,0.1207
10807,Pulsante & Sombrio,0.2312,0.2397,0.2474,0.2817
16350,Dinamico & Contrastante,0.4072,0.1651,0.198,0.2297
15111,Brilhante & Intenso,0.1654,0.2055,0.5428,0.0863
19447,Dinamico & Contrastante,0.4234,0.1937,0.2003,0.1826
17488,Brilhante & Intenso,0.2147,0.2271,0.3833,0.1749
2332,Brilhante & Intenso,0.297,0.219,0.3136,0.1704
19601,Quente & Encorpado,0.1611,0.3716,0.3581,0.1092
1381,Brilhante & Intenso,0.2208,0.2363,0.4289,0.114
11445,Quente & Encorpado,0.1715,0.4319,0.2198,0.1767
10541,Brilhante & Intenso,0.1615,0.2213,0.5151,0.1021
3135,Quente & Encorpado,0.1369,0.3943,0.3473,0.1216
12191,Dinamico & Contrastante,0.3838,0.1878,0.277,0.1514
10616,Brilhante & Intenso,0.2401,0.2308,0.4261,0.103
21143,Brilhante & Intenso,0.2615,0.2145,0.3503,0.1738
20277,Quente & Encorpado,0.1821,0.3565,0.2823,0.1792
1616,Dinamico & Contrastante,0.3573,0.1557,0.1467,0.3403
21885,Dinamico & Contrastante,0.3453,0.2068,0.3197,0.1282
2463,Brilhante & Intenso,0.2491,0.2742,0.3116,0.1652
18128,Quente & Encorpado,0.2526,0.356,0.2062,0.1851
19607,Brilhante & Intenso,0.196,0.2796,0.4114,0.1129
10961,Dinamico & Contrastante,0.3453,0.1809,0.3138,0.16
2879,Dinamico & Contrastante,0.3338,0.2107,0.2057,0.2497
21228,Dinamico & Contrastante,0.4606,0.1466,0.2357,0.1572
3324,Brilhante & Intenso,0.2107,0.2049,0.4676,0.1168
13329,Quente & Encorpado,0.1701,0.4071,0.1837,0.2392
18802,Pulsante & Sombrio,0.2213,0.1686,0.139,0.4711
10835,Pulsante & Sombrio,0.2247,0.2243,0.1481,0.4029
1674,Quente & Encorpado,0.1756,0.4055,0.2973,0.1215
10711,Pulsante & Sombrio,0.1823,0.2176,0.1396,0.4605
2088,Pulsante & Sombrio,0.1927,0.2476,0.1934,0.3663
3249,Dinamico & Contrastante,0.2802,0.2077,0.2347,0.2773
20303,Brilhante & Intenso,0.2115,0.277,0.3671,0.1443
20430,Brilhante & Intenso,0.175,0.2502,0.4594,0.1155
12542,Brilhante & Intenso,0.2477,0.278,0.2952,0.1791
22592,Dinamico & Contrastante,0.4671,0.1355,0.2061,0.1914
12965,Pulsante & Sombrio,0.2497,0.2079,0.1738,0.3686
12098,Quente & Encorpado,0.1685,0.3526,0.2283,0.2505
11460,Dinamico & Contrastante,0.3367,0.1748,0.325,0.1636
14786,Quente & Encorpado,0.1816,0.4256,0.2133,0.1796
22248,Quente & Encorpado,0.1788,0.3606,0.2258,0.2348
4186,Pulsante & Sombrio,0.2477,0.2201,0.1953,0.3369
10278,Brilhante & Intenso,0.1652,0.2902,0.4425,0.1021
15601,Quente & Encorpado,0.1587,0.3701,0.338,0.1331
17680,Pulsante & Sombrio,0.2101,0.1906,0.1531,0.4462
3193,Pulsante & Sombrio,0.1963,0.2839,0.1713,0.3485
10473,Quente & Encorpado,0.1834,0.3945,0.1873,0.2348
19200,Pulsante & Sombrio,0.2112,0.2508,0.2512,0.2867
17864,Dinamico & Contrastante,0.4925,0.1366,0.2029,0.1681
12239,Pulsante & Sombrio,0.3221,0.1768,0.1594,0.3417
4463,Brilhante & Intenso,0.2795,0.2176,0.3386,0.1644
18235,Dinamico & Contrastante,0.3237,0.2046,0.2946,0.1771
15383,Pulsante & Sombrio,0.2224,0.2092,0.1675,0.4009
18216,Quente & Encorpado,0.234,0.3696,0.2048,0.1916
12134,Brilhante & Intenso,0.2291,0.2127,0.4628,0.0954
11183,Pulsante & Sombrio,0.253,0.1909,0.1638,0.3923
11138,Quente & Encorpado,0.2283,0.3091,0.2001,0.2625
10814,Quente & Encorpado,0.2152,0.3015,0.1957,0.2876
15465,Pulsante & Sombrio,0.2455,0.183,0.1326,0.4389
17755,Quente & Encorpado,0.1443,0.4108,0.3379,0.1069
19035,Brilhante & Intenso,0.1847,0.2636,0.4276,0.124
15065,Brilhante & Intenso,0.1745,0.2622,0.4482,0.1151
10047,Brilhante & Intenso,0.1689,0.2418,0.483,0.1062
20141,Pulsante & Sombrio,0.2488,0.2218,0.1511,0.3783
16012,Brilhante & Intenso,0.1597,0.3352,0.341,0.1641
12980,Dinamico & Contrastante,0.3258,0.1996,0.2155,0.2591
10118,Quente & Encorpado,0.1004,0.5933,0.2144,0.0919
14990,Brilhante & Intenso,0.2782,0.1747,0.4384,0.1087
4069,Quente & Encorpado,0.2013,0.3203,0.2732,0.2052
9718,Quente & Encorpado,0.1418,0.4733,0.2368,0.1481
19165,Dinamico & Contrastante,0.458,0.1429,0.2008,0.1983
3765,Quente & Encorpado,0.2045,0.2876,0.2246,0.2833
10692,Brilhante & Intenso,0.2127,0.3055,0.3175,0.1642
18837,Brilhante & Intenso,0.2939,0.1671,0.4282,0.1108
20669,Brilhante & Intenso,0.1683,0.2805,0.4058,0.1454
3291,Dinamico & Contrastante,0.4813,0.1536,0.1907,0.1744
11331,Pulsante & Sombrio,0.1944,0.2289,0.1824,0.3944
20929,Quente & Encorpado,0.1706,0.3737,0.2828,0.1728
16208,Brilhante & Intenso,0.2852,0.2457,0.306,0.1632
3650,Brilhante & Intenso,0.2477,0.2139,0.38,0.1583
11675,Dinamico & Contrastante,0.3442,0.178,0.1513,0.3265
13331,Quente & Encorpado,0.1658,0.4241,0.2598,0.1503
22239,Brilhante & Intenso,0.1164,0.2272,0.5788,0.0776
11437,Quente & Encorpado,0.2348,0.3479,0.1697,0.2476
22518,Pulsante & Sombrio,0.2213,0.2127,0.16,0.406
10397,Quente & Encorpado,0.1629,0.4266,0.1738,0.2367
11216,Quente & Encorpado,0.1909,0.3861,0.2145,0.2085
20686,Quente & Encorpado,0.1767,0.4464,0.2592,0.1176
17787,Quente & Encorpado,0.2086,0.3138,0.2311,0.2465
17499,Quente & Encorpado,0.2075,0.3194,0.1759,0.2972
17996,Brilhante & Intenso,0.1988,0.2037,0.4562,0.1413
10179,Quente & Encorpado,0.1898,0.3484,0.2139,0.248
12105,Dinamico & Contrastante,0.3313,0.2566,0.2498,0.1622
11184,Brilhante & Intenso,0.2717,0.2643,0.3119,0.1522
10834,Quente & Encorpado,0.1856,0.3621,0.2433,0.209
19192,Dinamico & Contrastante,0.3353,0.1964,0.1754,0.2929
19739,Quente & Encorpado,0.1553,0.4096,0.1718,0.2632
14873,Quente & Encorpado,0.2193,0.3848,0.1888,0.2071
22551,Quente & Encorpado,0.1566,0.4096,0.2743,0.1595
18907,Brilhante & Intenso,0.1513,0.3367,0.4156,0.0964
13160,Pulsante & Sombrio,0.2053,0.2631,0.1782,0.3534
16351,Brilhante & Intenso,0.1828,0.2894,0.3915,0.1362
12755,Pulsante & Sombrio,0.2009,0.2085,0.134,0.4566
20777,Quente & Encorpado,0.1893,0.3233,0.3097,0.1777
10410,Dinamico & Contrastante,0.3408,0.1938,0.2949,0.1705
21083,Brilhante & Intenso,0.188,0.1991,0.518,0.0949
15958,Quente & Encorpado,0.1809,0.3295,0.2542,0.2354
10496,Brilhante & Intenso,0.1543,0.2655,0.4526,0.1276
16638,Brilhante & Intenso,0.2003,0.2681,0.3823,0.1492
2732,Quente & Encorpado,0.2197,0.3212,0.2458,0.2133
12228,Pulsante & Sombrio,0.3224,0.1611,0.1479,0.3685
16467,Brilhante & Intenso,0.322,0.2132,0.3398,0.125
12562,Brilhante & Intenso,0.2544,0.2539,0.292,0.1998
1526,Pulsante & Sombrio,0.2833,0.1787,0.1373,0.4007
12325,Brilhante & Intenso,0.2378,0.2313,0.305,0.2259
15328,Dinamico & Contrastante,0.2741,0.2632,0.2044,0.2583
18226,Pulsante & Sombrio,0.2144,0.1961,0.1458,0.4436
10937,Dinamico & Contrastante,0.4048,0.1866,0.2148,0.1938
15305,Pulsante & Sombrio,0.2051,0.2345,0.1624,0.398
19568,Quente & Encorpado,0.2175,0.3499,0.2401,0.1925
15680,Dinamico & Contrastante,0.3278,0.1748,0.1914,0.306
20932,Pulsante & Sombrio,0.2652,0.1985,0.2503,0.286
11774,Dinamico & Contrastante,0.3986,0.1518,0.1593,0.2903
11292,Brilhante & Intenso,0.2705,0.2478,0.2713,0.2104
18474,Dinamico & Contrastante,0.3423,0.2035,0.2744,0.1798
16434,Dinamico & Contrastante,0.3071,0.2368,0.1856,0.2706
11870,Quente & Encorpado,0.195,0.416,0.2504,0.1386
15745,Brilhante & Intenso,0.2828,0.203,0.2857,0.2285
15645,Pulsante & Sombrio,0.2296,0.2179,0.149,0.4035
12059,Brilhante & Intenso,0.2037,0.2528,0.3831,0.1603
12043,Pulsante & Sombrio,0.2403,0.1839,0.1546,0.4211
16878,Dinamico & Contrastante,0.3911,0.1712,0.1643,0.2734
19166,Brilhante & Intenso,0.2056,0.294,0.3566,0.1439
10313,Quente & Encorpado,0.1584,0.47,0.2405,0.1311
20495,Brilhante & Intenso,0.1906,0.268,0.4189,0.1226
3300,Brilhante & Intenso,0.3159,0.1738,0.3397,0.1706
22165,Quente & Encorpado,0.2606,0.3175,0.2173,0.2046
16142,Pulsante & Sombrio,0.1777,0.2737,0.1387,0.4098
4055,Dinamico & Contrastante,0.3351,0.179,0.2703,0.2156
2516,Dinamico & Contrastante,0.386,0.1587,0.2274,0.2279
2956,Dinamico & Contrastante,0.337,0.1863,0.2883,0.1884
14756,Brilhante & Intenso,0.2424,0.2469,0.3542,0.1565
4053,Pulsante & Sombrio,0.2612,0.2573,0.1374,0.3441
21580,Quente & Encorpado,0.1789,0.36,0.3129,0.1482
12710,Dinamico & Contrastante,0.3315,0.1734,0.1736,0.3214
16870,Brilhante & Intenso,0.1979,0.1881,0.5065,0.1075
12430,Dinamico & Contrastante,0.2957,0.2885,0.2725,0.1432
13429,Dinamico & Contrastante,0.3236,0.2016,0.32,0.1547
17915,Quente & Encorpado,0.18,0.4026,0.1935,0.2239
16487,Pulsante & Sombrio,0.2404,0.2387,0.1625,0.3583
21136,Pulsante & Sombrio,0.2567,0.2402,0.2389,0.2642
15423,Dinamico & Contrastante,0.3607,0.1803,0.1494,0.3097
16872,Quente & Encorpado,0.1636,0.3907,0.152,0.2937
19602,Quente & Encorpado,0.1628,0.3422,0.3282,0.1668
4162,Brilhante & Intenso,0.2173,0.2639,0.2887,0.2301
12352,Quente & Encorpado,0.2444,0.2642,0.2487,0.2427
20076,Dinamico & Contrastante,0.327,0.2282,0.2395,0.2053
10480,Dinamico & Contrastante,0.2754,0.2491,0.254,0.2215
20737,Brilhante & Intenso,0.2778,0.1737,0.4392,0.1094
10950,Quente & Encorpado,0.2217,0.3676,0.2167,0.1941
16839,Brilhante & Intenso,0.1563,0.3381,0.4013,0.1043
11196,Quente & Encorpado,0.1984,0.3472,0.2903,0.1641
4385,Brilhante & Intenso,0.2508,0.2387,0.339,0.1714
1724,Quente & Encorpado,0.2205,0.2794,0.2328,0.2672
9998,Brilhante & Intenso,0.2117,0.2164,0.4548,0.117
10358,Quente & Encorpado,0.151,0.4032,0.2721,0.1738
3124,Dinamico & Contrastante,0.304,0.2833,0.2853,0.1274
2574,Pulsante & Sombrio,0.2522,0.1767,0.1359,0.4351
15329,Pulsante & Sombrio,0.2478,0.2721,0.1529,0.3271
1631,Brilhante & Intenso,0.2638,0.2007,0.3482,0.1873
20445,Pulsante & Sombrio,0.2507,0.1902,0.1673,0.3918
14802,Brilhante & Intenso,0.2888,0.2219,0.3228,0.1665
20385,Dinamico & Contrastante,0.3637,0.2258,0.2746,0.1359
12049,Quente & Encorpado,0.1414,0.4772,0.2692,0.1123
15609,Quente & Encorpado,0.1492,0.3718,0.1756,0.3034
19267,Pulsante & Sombrio,0.2319,0.2771,0.2061,0.2848
16251,Quente & Encorpado,0.162,0.4866,0.1868,0.1646
18207,Quente & Encorpado,0.2193,0.3114,0.2107,0.2585
13020,Dinamico & Contrastante,0.4832,0.1484,0.1737,0.1947
10492,Dinamico & Contrastante,0.3764,0.207,0.2401,0.1765
19317,Dinamico & Contrastante,0.2872,0.2739,0.2485,0.1904
15797,Dinamico & Contrastante,0.3452,0.1878,0.2167,0.2503
12113,Dinamico & Contrastante,0.4461,0.1442,0.2111,0.1986
13323,Quente & Encorpado,0.119,0.5115,0.2705,0.099
18875,Brilhante & Intenso,0.3195,0.2081,0.3257,0.1467
19624,Pulsante & Sombrio,0.2965,0.182,0.168,0.3536
11446,Brilhante & Intenso,0.1921,0.2118,0.4825,0.1136
19702,Brilhante & Intenso,0.1644,0.2966,0.3867,0.1523
15482,Quente & Encorpado,0.1871,0.3581,0.3118,0.143
10838,Dinamico & Contrastante,0.29,0.2226,0.2313,0.2561
11752,Quente & Encorpado,0.2148,0.4102,0.1828,0.1922
15706,Brilhante & Intenso,0.2665,0.2483,0.3353,0.15
15424,Pulsante & Sombrio,0.2253,0.1746,0.1395,0.4607
16382,Quente & Encorpado,0.2559,0.3229,0.2754,0.1458
12874,Dinamico & Contrastante,0.3138,0.2232,0.2962,0.1668
13646,Brilhante & Intenso,0.232,0.2429,0.3773,0.1478
17850,Brilhante & Intenso,0.2269,0.2295,0.344,0.1995
17889,Quente & Encorpado,0.2991,0.3009,0.2747,0.1253
17341,Brilhante & Intenso,0.1893,0.2915,0.2994,0.2198
11762,Quente & Encorpado,0.1523,0.4367,0.2863,0.1247
20560,Dinamico & Contrastante,0.2799,0.2674,0.2308,0.2219
3199,Quente & Encorpado,0.174,0.3249,0.1826,0.3185
12788,Brilhante & Intenso,0.2385,0.2267,0.3424,0.1924
14754,Brilhante & Intenso,0.1949,0.2379,0.4287,0.1385
15201,Brilhante & Intenso,0.1432,0.3422,0.3782,0.1364
10513,Quente & Encorpado,0.2239,0.2978,0.2139,0.2644
10132,Brilhante & Intenso,0.2939,0.2128,0.2998,0.1935
20948,Pulsante & Sombrio,0.1891,0.2434,0.1792,0.3883
2121,Brilhante & Intenso,0.2336,0.2186,0.3533,0.1945
17984,Quente & Encorpado,0.1728,0.3534,0.3288,0.1451
4451,Brilhante & Intenso,0.2937,0.2032,0.3752,0.1279
11529,Dinamico & Contrastante,0.4002,0.2081,0.2521,0.1396
18110,Quente & Encorpado,0.1504,0.3578,0.1951,0.2967
20545,Pulsante & Sombrio,0.2248,0.1639,0.1474,0.464
15192,Brilhante & Intenso,0.1437,0.269,0.5092,0.078
19424,Brilhante & Intenso,0.2923,0.1989,0.3563,0.1525
19713,Pulsante & Sombrio,0.2783,0.1636,0.1552,0.4029
18618,Pulsante & Sombrio,0.2521,0.2192,0.1977,0.331
17123,Quente & Encorpado,0.2297,0.2995,0.2087,0.2621
22664,Quente & Encorpado,0.2305,0.2799,0.2141,0.2755
17379,Quente & Encorpado,0.1325,0.503,0.1706,0.194
10319,Pulsante & Sombrio,0.2185,0.2697,0.2051,0.3068
12348,Brilhante & Intenso,0.2019,0.2668,0.3842,0.147
1688,Brilhante & Intenso,0.2071,0.1932,0.4989,0.1008
10245,Dinamico & Contrastante,0.3397,0.1885,0.1988,0.2731
18615,Quente & Encorpado,0.2383,0.3143,0.1802,0.2672
19354,Dinamico & Contrastante,0.3582,0.1959,0.2926,0.1533
17409,Quente & Encorpado,0.1457,0.4618,0.2191,0.1735
15594,Quente & Encorpado,0.1931,0.3095,0.2092,0.2882
12902,Brilhante & Intenso,0.2256,0.2181,0.3808,0.1755
12553,Quente & Encorpado,0.1539,0.3694,0.3244,0.1523
10600,Dinamico & Contrastante,0.3546,0.2363,0.227,0.1821
17150,Pulsante & Sombrio,0.2067,0.231,0.144,0.4183
11881,Quente & Encorpado,0.2304,0.3252,0.2184,0.226
20051,Brilhante & Intenso,0.1767,0.3194,0.3773,0.1266
17840,Brilhante & Intenso,0.3064,0.1883,0.3412,0.1641
1971,Brilhante & Intenso,0.1641,0.2717,0.4171,0.1471
21115,Pulsante & Sombrio,0.2333,0.2178,0.1423,0.4067
12517,Dinamico & Contrastante,0.3792,0.1998,0.2067,0.2144
10626,Dinamico & Contrastante,0.4024,0.1864,0.1669,0.2443
15155,Brilhante & Intenso,0.1983,0.2379,0.4231,0.1407
1745,Brilhante & Intenso,0.2989,0.2475,0.3091,0.1446
22210,Brilhante & Intenso,0.1783,0.3217,0.3448,0.1552
20311,Dinamico & Contrastante,0.3437,0.1932,0.3236,0.1395
11489,Quente & Encorpado,0.1648,0.4112,0.178,0.2459
18594,Dinamico & Contrastante,0.414,0.154,0.3144,0.1177
20397,Quente & Encorpado,0.1849,0.368,0.2874,0.1597
11413,Quente & Encorpado,0.155,0.4173,0.2304,0.1974
2290,Pulsante & Sombrio,0.3297,0.1472,0.1295,0.3936
3860,Brilhante & Intenso,0.1933,0.189,0.4937,0.1241
15624,Pulsante & Sombrio,0.2376,0.2914,0.1785,0.2924
10963,Brilhante & Intenso,0.2341,0.2276,0.4198,0.1186
20759,Dinamico & Contrastante,0.2745,0.2643,0.2533,0.2079
19118,Quente & Encorpado,0.1452,0.5014,0.2094,0.144
21545,Brilhante & Intenso,0.1719,0.2529,0.4363,0.139
10039,Quente & Encorpado,0.2053,0.3267,0.2337,0.2343
13557,Quente & Encorpado,0.2109,0.3772,0.2815,0.1304
16582,Brilhante & Intenso,0.2122,0.2547,0.3858,0.1473
16112,Dinamico & Contrastante,0.3859,0.228,0.1929,0.1933
18506,Dinamico & Contrastante,0.4516,0.1516,0.2107,0.1861
19638,Pulsante & Sombrio,0.2772,0.1786,0.1594,0.3848
10781,Brilhante & Intenso,0.2286,0.2033,0.4587,0.1094
21049,Brilhante & Intenso,0.2422,0.261,0.2684,0.2283
19694,Dinamico & Contrastante,0.3169,0.2049,0.1864,0.2918
3558,Brilhante & Intenso,0.2558,0.2583,0.3623,0.1236
11874,Brilhante & Intenso,0.2253,0.2198,0.4284,0.1266
17522,Quente & Encorpado,0.1792,0.4099,0.2326,0.1783
21760,Brilhante & Intenso,0.2502,0.2167,0.3961,0.1369
2217,Dinamico & Contrastante,0.4016,0.1555,0.2229,0.22
14938,Quente & Encorpado,0.1875,0.3577,0.207,0.2479
19212,Pulsante & Sombrio,0.2001,0.266,0.1814,0.3526
11661,Pulsante & Sombrio,0.2127,0.2406,0.1744,0.3724
3863,Dinamico & Contrastante,0.3905,0.1605,0.2124,0.2365
19913,Dinamico & Contrastante,0.3374,0.1985,0.327,0.1371
20285,Pulsante & Sombrio,0.1873,0.1795,0.1432,0.49
22621,Brilhante & Intenso,0.2672,0.2211,0.3302,0.1815
12218,Dinamico & Contrastante,0.4442,0.1399,0.1312,0.2847
15630,Dinamico & Contrastante,0.4143,0.1588,0.2211,0.2058
18930,Quente & Encorpado,0.1227,0.5232,0.2399,0.1143
1548,Dinamico & Contrastante,0.3624,0.2251,0.1909,0.2216
21956,Pulsante & Sombrio,0.263,0.2119,0.225,0.3
15078,Dinamico & Contrastante,0.3328,0.1893,0.2212,0.2567
15337,Pulsante & Sombrio,0.262,0.1808,0.2021,0.3552
12117,Pulsante & Sombrio,0.2474,0.2383,0.1564,0.358
19289,Pulsante & Sombrio,0.1971,0.2034,0.1491,0.4504
22218,Dinamico & Contrastante,0.489,0.1593,0.1794,0.1724
11700,Brilhante & Intenso,0.1655,0.2206,0.5141,0.0998
22477,Brilhante & Intenso,0.1974,0.2063,0.4982,0.0981
16069,Pulsante & Sombrio,0.3001,0.1982,0.1869,0.3148
12498,Pulsante & Sombrio,0.2024,0.1696,0.1184,0.5096
10792,Pulsante & Sombrio,0.253,0.2236,0.2077,0.3157
2579,Pulsante & Sombrio,0.1569,0.327,0.1578,0.3583
11575,Brilhante & Intenso,0.2216,0.2189,0.4004,0.1591
2696,Quente & Encorpado,0.1364,0.4308,0.3237,0.109
10898,Quente & Encorpado,0.1575,0.431,0.2226,0.1889
13355,Brilhante & Intenso,0.2074,0.2184,0.4212,0.153
17771,Brilhante & Intenso,0.2104,0.2678,0.3691,0.1527
15446,Pulsante & Sombrio,0.2645,0.2239,0.1694,0.3422
11567,Brilhante & Intenso,0.2476,0.2548,0.3349,0.1627
11503,Quente & Encorpado,0.152,0.4869,0.2281,0.133
3104,Quente & Encorpado,0.1333,0.3997,0.363,0.104
21110,Quente & Encorpado,0.2139,0.2849,0.2628,0.2384
10857,Brilhante & Intenso,0.2503,0.2054,0.3694,0.1748
17396,Brilhante & Intenso,0.2725,0.2118,0.3525,0.1632
15587,Pulsante & Sombrio,0.1947,0.2812,0.2055,0.3186
11272,Brilhante & Intenso,0.2173,0.2513,0.4201,0.1113
10539,Quente & Encorpado,0.2418,0.2967,0.2761,0.1853
22111,Dinamico & Contrastante,0.2838,0.2226,0.2245,0.2691
20600,Quente & Encorpado,0.205,0.3341,0.1865,0.2744
19005,Dinamico & Contrastante,0.3691,0.1707,0.2074,0.2528
12324,Brilhante & Intenso,0.1733,0.2043,0.5234,0.099
15667,Brilhante & Intenso,0.1641,0.2501,0.4604,0.1254
17983,Brilhante & Intenso,0.1362,0.3603,0.4095,0.094
10246,Dinamico & Contrastante,0.4182,0.1604,0.2051,0.2164
16149,Dinamico & Contrastante,0.3332,0.2287,0.293,0.1452
3383,Brilhante & Intenso,0.2036,0.2703,0.3489,0.1772
12747,Quente & Encorpado,0.1748,0.3369,0.1962,0.2921
11914,Brilhante & Intenso,0.1482,0.2191,0.5364,0.0963
15291,Pulsante & Sombrio,0.2382,0.2741,0.2022,0.2855
20213,Quente & Encorpado,0.2208,0.3202,0.1941,0.2649
20499,Quente & Encorpado,0.2403,0.3026,0.292,0.1651
2310,Brilhante & Intenso,0.1384,0.2829,0.4874,0.0913
19617,Quente & Encorpado,0.204,0.29,0.2203,0.2857
17188,Dinamico & Contrastante,0.2796,0.2013,0.2593,0.2598
16937,Dinamico & Contrastante,0.3553,0.2198,0.2054,0.2195
20527,Brilhante & Intenso,0.2027,0.2027,0.4792,0.1155
4241,Brilhante & Intenso,0.241,0.237,0.3368,0.1851
13485,Dinamico & Contrastante,0.3704,0.2467,0.2302,0.1527
16744,Quente & Encorpado,0.1604,0.4457,0.1867,0.2072
15725,Brilhante & Intenso,0.2372,0.1827,0.4568,0.1232
13188,Pulsante & Sombrio,0.3059,0.1542,0.1295,0.4103
18310,Quente & Encorpado,0.1349,0.4774,0.1773,0.2105
16308,Dinamico & Contrastante,0.3445,0.2395,0.2885,0.1276
3633,Dinamico & Contrastante,0.3543,0.1707,0.2396,0.2353
16952,Quente & Encorpado,0.2293,0.3226,0.3118,0.1362
11029,Brilhante & Intenso,0.2374,0.2287,0.3971,0.1368
20555,Quente & Encorpado,0.2702,0.3022,0.2432,0.1845
14668,Quente & Encorpado,0.1863,0.4195,0.2283,0.1659
2039,Brilhante & Intenso,0.1471,0.3018,0.459,0.0922
21776,Pulsante & Sombrio,0.2587,0.1718,0.13,0.4395
15573,Dinamico & Contrastante,0.3921,0.1606,0.2325,0.2148
20955,Quente & Encorpado,0.1954,0.372,0.1544,0.2783
21758,Brilhante & Intenso,0.2519,0.2214,0.3623,0.1644
10690,Pulsante & Sombrio,0.2246,0.2244,0.1608,0.3902
12625,Dinamico & Contrastante,0.3477,0.1749,0.1576,0.3198
20135,Dinamico & Contrastante,0.2772,0.275,0.192,0.2559
17171,Brilhante & Intenso,0.2298,0.1897,0.4765,0.104
10721,Pulsante & Sombrio,0.3378,0.1519,0.1605,0.3499
10304,Brilhante & Intenso,0.2287,0.2238,0.426,0.1215
17331,Dinamico & Contrastante,0.306,0.2335,0.1953,0.2652
17481,Quente & Encorpado,0.2274,0.3201,0.1753,0.2772
2293,Dinamico & Contrastante,0.3642,0.1727,0.1931,0.2701
10091,Quente & Encorpado,0.2113,0.3706,0.2493,0.1688
1327,Quente & Encorpado,0.1924,0.3085,0.2622,0.237
1280,Brilhante & Intenso,0.1657,0.3037,0.4144,0.1162
20035,Brilhante & Intenso,0.2336,0.2127,0.4084,0.1453
11775,Quente & Encorpado,0.1415,0.3772,0.3494,0.1319
8012,Quente & Encorpado,0.1498,0.3848,0.3159,0.1494
21620,Dinamico & Contrastante,0.3685,0.1802,0.1914,0.2599
3525,Pulsante & Sombrio,0.1878,0.2648,0.1323,0.4151
9960,Quente & Encorpado,0.1973,0.3351,0.2851,0.1825
19697,Brilhante & Intenso,0.1185,0.278,0.5163,0.0872
11594,Dinamico & Contrastante,0.3658,0.187,0.2455,0.2016
10778,Quente & Encorpado,0.1645,0.3732,0.188,0.2743
3686,Pulsante & Sombrio,0.2086,0.2911,0.1731,0.3272
16748,Dinamico & Contrastante,0.3765,0.155,0.1719,0.2966
22531,Brilhante & Intenso,0.2676,0.2579,0.2683,0.2062
18260,Brilhante & Intenso,0.1788,0.254,0.4473,0.1199
20197,Pulsante & Sombrio,0.2547,0.2679,0.1694,0.3079
17211,Dinamico & Contrastante,0.512,0.1347,0.133,0.2203
16542,Pulsante & Sombrio,0.2694,0.1872,0.1479,0.3956
20216,Pulsante & Sombrio,0.2925,0.1678,0.1436,0.3961
4080,Dinamico & Contrastante,0.3768,0.2073,0.2797,0.1362
14673,Brilhante & Intenso,0.2756,0.2153,0.3782,0.1309
19814,Brilhante & Intenso,0.2539,0.2715,0.3455,0.1291
11781,Brilhante & Intenso,0.2671,0.2542,0.3311,0.1475
16108,Pulsante & Sombrio,0.2505,0.1969,0.1868,0.3658
16528,Dinamico & Contrastante,0.4714,0.1518,0.208,0.1689
20293,Quente & Encorpado,0.1617,0.4455,0.2015,0.1913
12991,Pulsante & Sombrio,0.2225,0.2363,0.1612,0.38
19247,Quente & Encorpado,0.2144,0.3129,0.2675,0.2052
20222,Brilhante & Intenso,0.2948,0.2153,0.3199,0.17
4184,Brilhante & Intenso,0.2891,0.2033,0.343,0.1645
17866,Brilhante & Intenso,0.2876,0.1805,0.3942,0.1377
18917,Brilhante & Intenso,0.1736,0.3132,0.3529,0.1603
12571,Quente & Encorpado,0.136,0.4477,0.2896,0.1267
21463,Brilhante & Intenso,0.1534,0.3002,0.3997,0.1467
16290,Brilhante & Intenso,0.1887,0.2436,0.4654,0.1024
3010,Brilhante & Intenso,0.2345,0.2421,0.2864,0.237
12953,Brilhante & Intenso,0.1521,0.2767,0.4554,0.1158
10789,Quente & Encorpado,0.2099,0.3184,0.2376,0.2341
19227,Brilhante & Intenso,0.2159,0.2662,0.3412,0.1767
13350,Brilhante & Intenso,0.2827,0.2413,0.3395,0.1364
17208,Dinamico & Contrastante,0.3579,0.176,0.2221,0.244
10762,Brilhante & Intenso,0.1555,0.252,0.4956,0.0968
12111,Quente & Encorpado,0.1667,0.3758,0.3385,0.119
11238,Dinamico & Contrastante,0.4431,0.165,0.2642,0.1277
18593,Dinamico & Contrastante,0.3287,0.206,0.32,0.1453
10696,Brilhante & Intenso,0.1918,0.2775,0.4169,0.1138
1591,Pulsante & Sombrio,0.2852,0.1831,0.1976,0.3342
11115,Pulsante & Sombrio,0.2147,0.2335,0.1481,0.4036
22336,Brilhante & Intenso,0.2521,0.2255,0.3758,0.1466
17495,Brilhante & Intenso,0.2413,0.1917,0.4623,0.1047
13368,Quente & Encorpado,0.1983,0.3801,0.176,0.2456
15792,Brilhante & Intenso,0.2715,0.1684,0.4177,0.1423
12909,Pulsante & Sombrio,0.2708,0.2112,0.1403,0.3776
10036,Brilhante & Intenso,0.1701,0.3419,0.3494,0.1386
18323,Brilhante & Intenso,0.2737,0.1853,0.4139,0.1271
11047,Brilhante & Intenso,0.2802,0.1683,0.4103,0.1412
12414,Dinamico & Contrastante,0.3865,0.1618,0.1617,0.2901
21309,Quente & Encorpado,0.2663,0.2733,0.2584,0.202
20129,Quente & Encorpado,0.142,0.5138,0.2078,0.1364
12206,Brilhante & Intenso,0.1027,0.2159,0.6143,0.0672
15419,Brilhante & Intenso,0.2377,0.2507,0.2658,0.2458
17236,Brilhante & Intenso,0.203,0.1726,0.5213,0.1031
10879,Dinamico & Contrastante,0.4177,0.1888,0.2448,0.1486
4480,Dinamico & Contrastante,0.3463,0.2085,0.1988,0.2464
11154,Quente & Encorpado,0.119,0.4887,0.2461,0.1462
22258,Pulsante & Sombrio,0.2661,0.1807,0.1506,0.4026
1337,Pulsante & Sombrio,0.248,0.2133,0.1487,0.39
11852,Pulsante & Sombrio,0.2278,0.2024,0.1742,0.3956
18245,Pulsante & Sombrio,0.2326,0.2495,0.2447,0.2732
3445,Brilhante & Intenso,0.1731,0.2756,0.4464,0.1049
17278,Brilhante & Intenso,0.2343,0.2193,0.4349,0.1115
21996,Dinamico & Contrastante,0.3626,0.2327,0.2616,0.143
3885,Brilhante & Intenso,0.2738,0.2227,0.2801,0.2234
12741,Brilhante & Intenso,0.2681,0.233,0.3698,0.1292
12389,Brilhante & Intenso,0.2292,0.2193,0.421,0.1305
16038,Dinamico & Contrastante,0.3439,0.1884,0.2039,0.2639
19955,Pulsante & Sombrio,0.2521,0.2433,0.2399,0.2648
10265,Dinamico & Contrastante,0.286,0.2722,0.2018,0.24
10449,Dinamico & Contrastante,0.4206,0.156,0.2287,0.1947
20472,Brilhante & Intenso,0.2305,0.2336,0.3377,0.1982
21199,Quente & Encorpado,0.2063,0.3569,0.256,0.1808
4406,Quente & Encorpado,0.1809,0.2937,0.2394,0.286
10239,Brilhante & Intenso,0.2275,0.2464,0.3371,0.189
12048,Quente & Encorpado,0.2074,0.346,0.295,0.1515
13561,Quente & Encorpado,0.2156,0.3319,0.2104,0.2421
19764,Brilhante & Intenso,0.2921,0.2223,0.3088,0.1768
17497,Dinamico & Contrastante,0.3664,0.171,0.1652,0.2974
13025,Pulsante & Sombrio,0.2067,0.1496,0.1182,0.5255
18364,Brilhante & Intenso,0.2182,0.2333,0.3834,0.1651
3049,Quente & Encorpado,0.277,0.2965,0.2435,0.1831
15223,Dinamico & Contrastante,0.3318,0.2051,0.3293,0.1338
18343,Dinamico & Contrastante,0.3108,0.2202,0.1602,0.3088
10709,Brilhante & Intenso,0.2336,0.2428,0.2633,0.2603
12474,Brilhante & Intenso,0.2289,0.2181,0.3819,0.1712
11259,Quente & Encorpado,0.2409,0.3389,0.2846,0.1356
12240,Pulsante & Sombrio,0.3259,0.1709,0.1707,0.3325
21898,Brilhante & Intenso,0.1891,0.2459,0.4598,0.1052
10505,Quente & Encorpado,0.2062,0.3101,0.3029,0.1808
13344,Pulsante & Sombrio,0.227,0.1957,0.1804,0.3969
10414,Pulsante & Sombrio,0.2023,0.1351,0.0979,0.5647
20806,Brilhante & Intenso,0.1772,0.2983,0.3572,0.1672
16688,Brilhante & Intenso,0.2167,0.284,0.3629,0.1365
17763,Dinamico & Contrastante,0.4262,0.1909,0.2201,0.1628
15559,Quente & Encorpado,0.2053,0.3065,0.2388,0.2494
17393,Dinamico & Contrastante,0.4846,0.1508,0.152,0.2125
9927,Quente & Encorpado,0.1891,0.3178,0.2976,0.1955
13353,Pulsante & Sombrio,0.1796,0.2598,0.1477,0.4129
17603,Quente & Encorpado,0.2253,0.3257,0.2923,0.1568
12056,Dinamico & Contrastante,0.338,0.2132,0.1958,0.253
20291,Brilhante & Intenso,0.294,0.1799,0.3685,0.1576
15787,Brilhante & Intenso,0.1723,0.3135,0.3475,0.1667
16632,Brilhante & Intenso,0.2471,0.2569,0.3691,0.1269
22462,Dinamico & Contrastante,0.3554,0.1789,0.2784,0.1872
20195,Brilhante & Intenso,0.3201,0.1766,0.3796,0.1238
15806,Brilhante & Intenso,0.2142,0.1848,0.4885,0.1124
22362,Quente & Encorpado,0.1708,0.3889,0.2531,0.1872
16048,Brilhante & Intenso,0.2062,0.3018,0.3052,0.1868
15309,Dinamico & Contrastante,0.373,0.2049,0.2335,0.1886
14751,Dinamico & Contrastante,0.4369,0.1556,0.1932,0.2142
15295,Pulsante & Sombrio,0.2468,0.219,0.1592,0.375
20967,Quente & Encorpado,0.2639,0.3204,0.2676,0.1482
16485,Dinamico & Contrastante,0.4109,0.1607,0.1934,0.235
20503,Brilhante & Intenso,0.1779,0.3043,0.3186,0.1991
16861,Quente & Encorpado,0.1801,0.3706,0.2926,0.1567
20719,Brilhante & Intenso,0.2545,0.2544,0.2589,0.2323
16390,Dinamico & Contrastante,0.4176,0.1886,0.2362,0.1575
16912,Pulsante & Sombrio,0.2217,0.2506,0.1773,0.3503
14989,Brilhante & Intenso,0.2969,0.273,0.2978,0.1322
20649,Brilhante & Intenso,0.1843,0.2686,0.4262,0.1209
16704,Dinamico & Contrastante,0.3571,0.1547,0.3354,0.1528
1806,Quente & Encorpado,0.247,0.3031,0.2227,0.2272
20403,Pulsante & Sombrio,0.2437,0.2723,0.1758,0.3083
17693,Pulsante & Sombrio,0.182,0.2457,0.1977,0.3747
19292,Quente & Encorpado,0.1406,0.4799,0.1737,0.2058
12670,Brilhante & Intenso,0.2988,0.1981,0.368,0.1352
11903,Pulsante & Sombrio,0.2642,0.1593,0.1216,0.455
17106,Brilhante & Intenso,0.2811,0.239,0.3484,0.1315
21026,Quente & Encorpado,0.244,0.3065,0.2112,0.2383
9768,Brilhante & Intenso,0.1496,0.3344,0.431,0.0851
10823,Brilhante & Intenso,0.2464,0.2761,0.3278,0.1497
3891,Brilhante & Intenso,0.1904,0.292,0.3561,0.1615
14950,Brilhante & Intenso,0.1808,0.2684,0.4487,0.1021
10260,Dinamico & Contrastante,0.3347,0.2298,0.2247,0.2109
16097,Dinamico & Contrastante,0.3611,0.1989,0.3037,0.1363
11158,Dinamico & Contrastante,0.4896,0.1529,0.1467,0.2107
20471,Quente & Encorpado,0.2712,0.3028,0.2376,0.1884
9760,Dinamico & Contrastante,0.4004,0.1852,0.2261,0.1883
12725,Dinamico & Contrastante,0.398,0.1962,0.1498,0.256
22075,Dinamico & Contrastante,0.4192,0.1815,0.1871,0.2123
12723,Pulsante & Sombrio,0.1998,0.2111,0.148,0.4411
14623,Brilhante & Intenso,0.2034,0.2669,0.3008,0.2289
10533,Pulsante & Sombrio,0.2354,0.2776,0.1863,0.3007
10448,Dinamico & Contrastante,0.2839,0.2158,0.2578,0.2424
13388,Quente & Encorpado,0.1832,0.3501,0.1919,0.2749
4026,Pulsante & Sombrio,0.2103,0.2127,0.1364,0.4407
15585,Dinamico & Contrastante,0.3863,0.1664,0.2057,0.2416
21258,Quente & Encorpado,0.1778,0.4117,0.2779,0.1325
17459,Dinamico & Contrastante,0.3196,0.2669,0.2571,0.1564
20251,Quente & Encorpado,0.1888,0.3334,0.3234,0.1544
13486,Quente & Encorpado,0.1623,0.4639,0.1892,0.1846
2363,Pulsante & Sombrio,0.271,0.2064,0.1825,0.34
17568,Dinamico & Contrastante,0.3492,0.1963,0.2066,0.248
10471,Quente & Encorpado,0.117,0.5278,0.2157,0.1395
15875,Pulsante & Sombrio,0.2168,0.173,0.1114,0.4988
12546,Pulsante & Sombrio,0.2042,0.2848,0.1816,0.3295
3689,Quente & Encorpado,0.1492,0.3811,0.3037,0.166
10794,Dinamico & Contrastante,0.399,0.1676,0.2799,0.1535
19517,Dinamico & Contrastante,0.3781,0.1986,0.2206,0.2027
19306,Quente & Encorpado,0.199,0.3721,0.2012,0.2277
10017,Brilhante & Intenso,0.1775,0.3401,0.3462,0.1362
10506,Brilhante & Intenso,0.1689,0.3239,0.3247,0.1826
15649,Quente & Encorpado,0.2341,0.3174,0.2858,0.1627
16403,Pulsante & Sombrio,0.2149,0.2528,0.1693,0.3629
11643,Brilhante & Intenso,0.1895,0.1902,0.5289,0.0914
12557,Brilhante & Intenso,0.2228,0.2338,0.316,0.2274
12592,Brilhante & Intenso,0.1507,0.2147,0.5398,0.0947
12209,Dinamico & Contrastante,0.2898,0.2527,0.1996,0.258
10891,Quente & Encorpado,0.1974,0.3482,0.2322,0.2222
3187,Quente & Encorpado,0.263,0.2765,0.2332,0.2273
19767,Quente & Encorpado,0.2288,0.2682,0.2594,0.2436
21014,Brilhante & Intenso,0.1749,0.3169,0.3795,0.1287
18412,Pulsante & Sombrio,0.2265,0.1956,0.1296,0.4483
3272,Dinamico & Contrastante,0.3069,0.1778,0.2123,0.303
15161,Pulsante & Sombrio,0.2054,0.2123,0.1848,0.3974
22022,Pulsante & Sombrio,0.2044,0.178,0.157,0.4606
11136,Pulsante & Sombrio,0.3026,0.2078,0.184,0.3056
12287,Pulsante & Sombrio,0.2082,0.1929,0.1653,0.4336
20705,Brilhante & Intenso,0.2707,0.2233,0.2919,0.2141
12224,Brilhante & Intenso,0.2428,0.2755,0.3127,0.169
10379,Brilhante & Intenso,0.1196,0.2266,0.5716,0.0823
18969,Quente & Encorpado,0.2071,0.3381,0.3026,0.1522
16858,Dinamico & Contrastante,0.3402,0.2123,0.2418,0.2057
19724,Quente & Encorpado,0.1697,0.3528,0.3496,0.1279
18898,Brilhante & Intenso,0.2056,0.2221,0.448,0.1242
22235,Brilhante & Intenso,0.2727,0.2931,0.3074,0.1268
15623,Pulsante & Sombrio,0.2358,0.2309,0.1835,0.3498
20172,Brilhante & Intenso,0.1687,0.308,0.3673,0.156
12984,Quente & Encorpado,0.1354,0.4135,0.2944,0.1567
4127,Dinamico & Contrastante,0.3072,0.2441,0.2168,0.2318
1520,Brilhante & Intenso,0.1993,0.2711,0.3704,0.1592
13337,Pulsante & Sombrio,0.2704,0.1701,0.1607,0.3989
16856,Brilhante & Intenso,0.3006,0.1658,0.3868,0.1469
22252,Brilhante & Intenso,0.204,0.2085,0.4808,0.1067
11205,Quente & Encorpado,0.1459,0.4088,0.2637,0.1817
11968,Dinamico & Contrastante,0.3109,0.2759,0.1806,0.2325
18525,Brilhante & Intenso,0.271,0.2593,0.304,0.1657
12092,Quente & Encorpado,0.1793,0.393,0.261,0.1666
22453,Brilhante & Intenso,0.274,0.2384,0.2903,0.1973
1528,Brilhante & Intenso,0.2308,0.2893,0.3248,0.1551
14625,Brilhante & Intenso,0.2347,0.2704,0.3114,0.1835
11691,Dinamico & Contrastante,0.4167,0.139,0.1645,0.2798
11500,Quente & Encorpado,0.2139,0.3361,0.2939,0.1561
15880,Brilhante & Intenso,0.1825,0.3172,0.3734,0.127
10594,Quente & Encorpado,0.1815,0.3343,0.2015,0.2827
12943,Pulsante & Sombrio,0.2634,0.2233,0.2485,0.2649
3946,Pulsante & Sombrio,0.2506,0.1858,0.1614,0.4022
17526,Pulsante & Sombrio,0.1779,0.3278,0.1594,0.3349
17500,Quente & Encorpado,0.2066,0.403,0.2161,0.1743
18831,Pulsante & Sombrio,0.1739,0.2869,0.1526,0.3866
21202,Brilhante & Intenso,0.2399,0.278,0.3025,0.1796
3348,Brilhante & Intenso,0.1834,0.186,0.5336,0.097
11065,Quente & Encorpado,0.1958,0.3102,0.2976,0.1964
15354,Pulsante & Sombrio,0.2083,0.185,0.1561,0.4505
11498,Brilhante & Intenso,0.1945,0.21,0.4928,0.1027
2945,Pulsante & Sombrio,0.3382,0.1734,0.1382,0.3502
22411,Brilhante & Intenso,0.2832,0.1881,0.392,0.1367
21990,Dinamico & Contrastante,0.3622,0.1638,0.1938,0.2802
10790,Pulsante & Sombrio,0.258,0.2438,0.1675,0.3306
14941,Pulsante & Sombrio,0.2264,0.2747,0.1932,0.3057
19999,Dinamico & Contrastante,0.3834,0.1545,0.1549,0.3072
19278,Quente & Encorpado,0.1105,0.4439,0.3535,0.0921
9689,Dinamico & Contrastante,0.3177,0.234,0.2899,0.1584
1968,Quente & Encorpado,0.2754,0.2805,0.1946,0.2496
14755,Brilhante & Intenso,0.2527,0.1948,0.4257,0.1268
13120,Brilhante & Intenso,0.2757,0.2309,0.3177,0.1756
2830,Pulsante & Sombrio,0.2333,0.2104,0.1852,0.3711
17873,Quente & Encorpado,0.223,0.2935,0.2499,0.2336
2589,Brilhante & Intenso,0.2662,0.2544,0.3197,0.1597
3352,Brilhante & Intenso,0.2794,0.1984,0.2956,0.2266
22304,Quente & Encorpado,0.1627,0.482,0.2129,0.1424
18450,Pulsante & Sombrio,0.1858,0.1834,0.1074,0.5234
16513,Pulsante & Sombrio,0.2103,0.2125,0.1467,0.4305
13533,Quente & Encorpado,0.1549,0.4875,0.1781,0.1796
10842,Pulsante & Sombrio,0.2435,0.191,0.1396,0.426
2544,Dinamico & Contrastante,0.3096,0.2278,0.2811,0.1815
21098,Pulsante & Sombrio,0.2246,0.2322,0.2309,0.3124
17083,Dinamico & Contrastante,0.3509,0.1883,0.1875,0.2734
19145,Brilhante & Intenso,0.2749,0.2292,0.3092,0.1867
4059,Pulsante & Sombrio,0.2613,0.1721,0.1382,0.4284
15915,Pulsante & Sombrio,0.2808,0.1871,0.1778,0.3543
18660,Brilhante & Intenso,0.2445,0.2186,0.387,0.15
11972,Brilhante & Intenso,0.2953,0.2306,0.3217,0.1524
6467,Dinamico & Contrastante,0.3744,0.1644,0.2782,0.183
16605,Brilhante & Intenso,0.2183,0.2788,0.3273,0.1756
12304,Brilhante & Intenso,0.165,0.3167,0.4067,0.1116
15402,Quente & Encorpado,0.1443,0.4514,0.245,0.1594
3879,Brilhante & Intenso,0.2151,0.2285,0.3936,0.1628
7325,Dinamico & Contrastante,0.5007,0.1515,0.2118,0.136
21674,Pulsante & Sombrio,0.2112,0.2489,0.1434,0.3965
1556,Brilhante & Intenso,0.1897,0.2801,0.4315,0.0987
12865,Dinamico & Contrastante,0.4711,0.1432,0.1533,0.2324
15006,Dinamico & Contrastante,0.3184,0.1966,0.1819,0.3031
15299,Brilhante & Intenso,0.301,0.186,0.3413,0.1717
15076,Dinamico & Contrastante,0.3807,0.1533,0.1453,0.3206
18441,Quente & Encorpado,0.2236,0.3243,0.2689,0.1831
21857,Pulsante & Sombrio,0.1841,0.1977,0.1525,0.4657
18389,Dinamico & Contrastante,0.477,0.1301,0.2322,0.1608
18074,Quente & Encorpado,0.1552,0.3832,0.34,0.1216
10851,Pulsante & Sombrio,0.2635,0.2474,0.1938,0.2953
19522,Quente & Encorpado,0.1601,0.4286,0.2673,0.144
15355,Pulsante & Sombrio,0.1819,0.2848,0.179,0.3543
17505,Brilhante & Intenso,0.2174,0.2718,0.3499,0.1609
1570,Quente & Encorpado,0.2237,0.3255,0.2659,0.1849
16186,Brilhante & Intenso,0.2038,0.2895,0.3737,0.1329
17334,Pulsante & Sombrio,0.2216,0.1901,0.1692,0.4192
12335,Pulsante & Sombrio,0.2884,0.1957,0.1421,0.3737
10745,Dinamico & Contrastante,0.4432,0.1723,0.1886,0.196
12808,Brilhante & Intenso,0.2211,0.1823,0.4975,0.099
18993,Pulsante & Sombrio,0.2446,0.2684,0.195,0.292
10591,Brilhante & Intenso,0.2316,0.2298,0.3971,0.1415
15842,Quente & Encorpado,0.1898,0.3947,0.2033,0.2122
4226,Dinamico & Contrastante,0.3282,0.2562,0.2525,0.163
11827,Dinamico & Contrastante,0.3713,0.1664,0.1687,0.2936
4326,Pulsante & Sombrio,0.2011,0.187,0.1375,0.4745
17314,Pulsante & Sombrio,0.2082,0.2045,0.1156,0.4716
13389,Brilhante & Intenso,0.1362,0.3638,0.3986,0.1015
12872,Dinamico & Contrastante,0.3984,0.1781,0.2371,0.1864
21958,Brilhante & Intenso,0.2081,0.253,0.3481,0.1907
13358,Brilhante & Intenso,0.2266,0.2589,0.3871,0.1273
16947,Quente & Encorpado,0.1738,0.4317,0.2302,0.1642
19404,Quente & Encorpado,0.178,0.3448,0.3432,0.134
6235,Quente & Encorpado,0.2549,0.2968,0.2767,0.1716
20419,Quente & Encorpado,0.1931,0.3204,0.265,0.2215
21086,Brilhante & Intenso,0.1682,0.2882,0.3915,0.1521
15297,Pulsante & Sombrio,0.2018,0.1766,0.1449,0.4766
15605,Quente & Encorpado,0.1602,0.3789,0.1941,0.2667
12950,Brilhante & Intenso,0.2547,0.243,0.2981,0.2043
21404,Brilhante & Intenso,0.333,0.1824,0.3423,0.1423
11939,Brilhante & Intenso,0.2482,0.2754,0.3007,0.1757
3903,Quente & Encorpado,0.1922,0.393,0.2232,0.1915
11497,Dinamico & Contrastante,0.3804,0.1706,0.2634,0.1857
3550,Quente & Encorpado,0.1884,0.3335,0.3299,0.1481
21509,Pulsante & Sombrio,0.2807,0.1998,0.169,0.3505
11737,Dinamico & Contrastante,0.3579,0.1636,0.3366,0.1419
20526,Dinamico & Contrastante,0.3593,0.1646,0.2034,0.2727
3629,Brilhante & Intenso,0.1744,0.264,0.4541,0.1076
10607,Dinamico & Contrastante,0.3334,0.2213,0.2434,0.2019
18472,Dinamico & Contrastante,0.3188,0.24,0.3106,0.1305
21766,Brilhante & Intenso,0.1466,0.2146,0.5504,0.0884
17464,Brilhante & Intenso,0.1551,0.3095,0.4055,0.1299
1983,Dinamico & Contrastante,0.4089,0.2076,0.2121,0.1714
21198,Brilhante & Intenso,0.194,0.2789,0.3744,0.1527
1915,Dinamico & Contrastante,0.3768,0.1911,0.2856,0.1465
18231,Brilhante & Intenso,0.2309,0.1809,0.4711,0.1171
20621,Brilhante & Intenso,0.1897,0.278,0.4254,0.1069
13257,Quente & Encorpado,0.1388,0.4237,0.3134,0.124
10440,Dinamico & Contrastante,0.3241,0.2432,0.2992,0.1334
13241,Brilhante & Intenso,0.1566,0.3461,0.3549,0.1424
15970,Dinamico & Contrastante,0.308,0.1974,0.2816,0.2131
11640,Pulsante & Sombrio,0.246,0.2674,0.1872,0.2993
18461,Brilhante & Intenso,0.1487,0.2586,0.4813,0.1114
12682,Dinamico & Contrastante,0.3074,0.2596,0.2868,0.1462
21007,Brilhante & Intenso,0.1477,0.2806,0.443,0.1286
17551,Pulsante & Sombrio,0.2066,0.1819,0.1563,0.4551
12168,Quente & Encorpado,0.1555,0.4484,0.2407,0.1554
19573,Brilhante & Intenso,0.2266,0.2244,0.3788,0.1701
11250,Dinamico & Contrastante,0.3477,0.221,0.2281,0.2033
18757,Dinamico & Contrastante,0.3502,0.2021,0.2477,0.2
3875,Quente & Encorpado,0.1887,0.2979,0.2301,0.2833
19549,Brilhante & Intenso,0.1947,0.2711,0.3091,0.225
13151,Brilhante & Intenso,0.2851,0.2214,0.3127,0.1808
10284,Brilhante & Intenso,0.2316,0.2611,0.3651,0.1423
21257,Brilhante & Intenso,0.181,0.2664,0.4304,0.1223
12869,Brilhante & Intenso,0.177,0.2314,0.4887,0.103
13086,Brilhante & Intenso,0.2819,0.1854,0.385,0.1478
21973,Dinamico & Contrastante,0.3419,0.1725,0.3023,0.1833
16733,Brilhante & Intenso,0.238,0.2426,0.3197,0.1997
12514,Brilhante & Intenso,0.2083,0.2494,0.384,0.1584
11540,Pulsante & Sombrio,0.2123,0.2284,0.142,0.4173
11085,Brilhante & Intenso,0.1627,0.3012,0.3629,0.1732
16532,Pulsante & Sombrio,0.2156,0.2048,0.1329,0.4466
20053,Quente & Encorpado,0.1824,0.3823,0.2863,0.1489
2153,Pulsante & Sombrio,0.2421,0.1829,0.1397,0.4353
16275,Pulsante & Sombrio,0.2734,0.195,0.1572,0.3744
11425,Brilhante & Intenso,0.2362,0.235,0.3051,0.2237
20752,Pulsante & Sombrio,0.2252,0.1814,0.1435,0.4499
16816,Quente & Encorpado,0.1315,0.5137,0.1438,0.2111
11466,Pulsante & Sombrio,0.2172,0.2679,0.1764,0.3385
15108,Quente & Encorpado,0.1499,0.3761,0.3033,0.1707
15495,Quente & Encorpado,0.234,0.3197,0.1843,0.262
11172,Quente & Encorpado,0.2771,0.2894,0.2874,0.1462
19363,Brilhante & Intenso,0.2969,0.2011,0.3629,0.1391
17289,Brilhante & Intenso,0.293,0.185,0.3693,0.1527
15304,Quente & Encorpado,0.1859,0.3266,0.2141,0.2735
11740,Quente & Encorpado,0.2056,0.3379,0.2793,0.1771
19746,Brilhante & Intenso,0.2575,0.2622,0.3526,0.1277
20178,Pulsante & Sombrio,0.2348,0.271,0.1742,0.32
12993,Pulsante & Sombrio,0.2763,0.1936,0.1956,0.3345
2425,Dinamico & Contrastante,0.3659,0.2148,0.2454,0.1739
12229,Brilhante & Intenso,0.166,0.2939,0.4058,0.1344
18545,Quente & Encorpado,0.1571,0.3652,0.3264,0.1514
15829,Dinamico & Contrastante,0.3656,0.1886,0.2259,0.2199
10285,Dinamico & Contrastante,0.37,0.159,0.2398,0.2312
18350,Pulsante & Sombrio,0.1716,0.1838,0.1207,0.5239
17461,Dinamico & Contrastante,0.2723,0.2669,0.248,0.2128
14819,Quente & Encorpado,0.1672,0.3909,0.2804,0.1615
18071,Quente & Encorpado,0.1636,0.406,0.2202,0.2101
14852,Dinamico & Contrastante,0.3042,0.216,0.2682,0.2116
11523,Quente & Encorpado,0.1674,0.3493,0.1648,0.3185
14917,Quente & Encorpado,0.1777,0.4177,0.2167,0.1878
10806,Dinamico & Contrastante,0.347,0.182,0.2564,0.2146
22563,Quente & Encorpado,0.1696,0.4319,0.2029,0.1956
13289,Brilhante & Intenso,0.2603,0.1752,0.4459,0.1186
12513,Quente & Encorpado,0.1487,0.4529,0.2553,0.1431
18867,Brilhante & Intenso,0.2534,0.2733,0.2887,0.1846
16055,Dinamico & Contrastante,0.2858,0.222,0.262,0.2302
12070,Pulsante & Sombrio,0.1746,0.2605,0.1857,0.3792
16004,Pulsante & Sombrio,0.2543,0.2032,0.1712,0.3714
19782,Brilhante & Intenso,0.2478,0.244,0.3647,0.1434
16239,Pulsante & Sombrio,0.1712,0.2456,0.1517,0.4315
11760,Dinamico & Contrastante,0.2992,0.2059,0.2193,0.2757
12397,Brilhante & Intenso,0.1509,0.3008,0.4343,0.114
13108,Dinamico & Contrastante,0.3606,0.1838,0.2541,0.2015
11239,Pulsante & Sombrio,0.1761,0.227,0.1506,0.4462
19270,Brilhante & Intenso,0.2259,0.2749,0.3898,0.1094
16121,Pulsante & Sombrio,0.1456,0.2996,0.1499,0.4049
11535,Quente & Encorpado,0.2207,0.3088,0.2437,0.2268
20054,Quente & Encorpado,0.1879,0.4144,0.2585,0.1392
12089,Dinamico & Contrastante,0.338,0.2217,0.2699,0.1704
15618,Quente & Encorpado,0.1172,0.5045,0.2752,0.1031
12130,Dinamico & Contrastante,0.3362,0.1656,0.1871,0.3111
19327,Quente & Encorpado,0.147,0.5275,0.1906,0.1348
16122,Brilhante & Intenso,0.2416,0.2617,0.3599,0.1368
12254,Brilhante & Intenso,0.2155,0.2121,0.4385,0.134
15392,Quente & Encorpado,0.1568,0.4051,0.2338,0.2043
21949,Brilhante & Intenso,0.2919,0.2325,0.2969,0.1788
16848,Brilhante & Intenso,0.2919,0.1782,0.3523,0.1777
17856,Quente & Encorpado,0.2383,0.2657,0.2473,0.2487
1639,Dinamico & Contrastante,0.4032,0.1934,0.2004,0.203
11771,Brilhante & Intenso,0.1685,0.2254,0.4912,0.1149
20966,Pulsante & Sombrio,0.2144,0.2223,0.2006,0.3627
11167,Pulsante & Sombrio,0.2536,0.2457,0.1641,0.3366
15222,Dinamico & Contrastante,0.356,0.1844,0.1761,0.2834
13027,Quente & Encorpado,0.1933,0.3713,0.2288,0.2066
11322,Quente & Encorpado,0.1682,0.3706,0.2178,0.2434
18306,Quente & Encorpado,0.1516,0.4276,0.3064,0.1145
1512,Brilhante & Intenso,0.1888,0.2048,0.4986,0.1077
17098,Brilhante & Intenso,0.1766,0.2816,0.4112,0.1306
3573,Pulsante & Sombrio,0.2665,0.2372,0.2025,0.2938
3084,Brilhante & Intenso,0.1887,0.232,0.4771,0.1021
18894,Brilhante & Intenso,0.2828,0.2022,0.3376,0.1775
13243,Dinamico & Contrastante,0.3764,0.164,0.1757,0.2839
11697,Pulsante & Sombrio,0.2851,0.1686,0.1646,0.3817
18248,Brilhante & Intenso,0.2475,0.221,0.4108,0.1207
15344,Quente & Encorpado,0.1605,0.4114,0.2975,0.1306
21311,Dinamico & Contrastante,0.3049,0.2287,0.2368,0.2296
20117,Brilhante & Intenso,0.2692,0.2179,0.3438,0.1692
12351,Quente & Encorpado,0.2112,0.3231,0.3102,0.1555
10676,Brilhante & Intenso,0.2554,0.268,0.3089,0.1677
17599,Pulsante & Sombrio,0.1745,0.2105,0.1524,0.4626
4289,Dinamico & Contrastante,0.3223,0.2608,0.2294,0.1876
16978,Brilhante & Intenso,0.23,0.2153,0.4363,0.1184
13130,Pulsante & Sombrio,0.2296,0.2409,0.1508,0.3788
11745,Quente & Encorpado,0.2527,0.3394,0.2608,0.1472
19612,Quente & Encorpado,0.2212,0.3185,0.3015,0.1588
19551,Brilhante & Intenso,0.1714,0.2888,0.4218,0.118
19277,Brilhante & Intenso,0.2362,0.2646,0.308,0.1912
20041,Quente & Encorpado,0.247,0.305,0.2637,0.1843
21113,Dinamico & Contrastante,0.2905,0.2697,0.2378,0.2021
16654,Pulsante & Sombrio,0.1792,0.2611,0.1384,0.4213
21341,Dinamico & Contrastante,0.2928,0.2728,0.1862,0.2482
16002,Brilhante & Intenso,0.1747,0.2556,0.456,0.1136
11506,Pulsante & Sombrio,0.2363,0.1604,0.1153,0.4879
15491,Quente & Encorpado,0.2041,0.3936,0.2417,0.1606
19974,Brilhante & Intenso,0.2778,0.1849,0.441,0.0963
10700,Brilhante & Intenso,0.1915,0.2839,0.3721,0.1525
14774,Dinamico & Contrastante,0.3917,0.1404,0.1607,0.3072
17205,Brilhante & Intenso,0.2252,0.222,0.4446,0.1081
20252,Brilhante & Intenso,0.2183,0.2137,0.473,0.095
11668,Brilhante & Intenso,0.3048,0.1883,0.3077,0.1992
22620,Brilhante & Intenso,0.264,0.2199,0.3406,0.1755
18494,Brilhante & Intenso,0.2547,0.2346,0.3476,0.1631
13261,Pulsante & Sombrio,0.2602,0.2086,0.2185,0.3127
17842,Dinamico & Contrastante,0.3304,0.2182,0.2238,0.2275
10945,Brilhante & Intenso,0.21,0.2668,0.3513,0.1719
11512,Quente & Encorpado,0.193,0.3193,0.2836,0.2042
13109,Quente & Encorpado,0.1632,0.3494,0.1668,0.3206
12526,Brilhante & Intenso,0.2074,0.3001,0.3445,0.148
15718,Pulsante & Sombrio,0.2467,0.2164,0.1785,0.3584
1789,Brilhante & Intenso,0.1416,0.3689,0.3907,0.0987
12864,Quente & Encorpado,0.204,0.3295,0.1769,0.2897
18267,Dinamico & Contrastante,0.3297,0.2334,0.2581,0.1788
15617,Brilhante & Intenso,0.2275,0.2791,0.3767,0.1167
15804,Brilhante & Intenso,0.2326,0.1964,0.4468,0.1242
14785,Quente & Encorpado,0.1937,0.2978,0.2459,0.2626
22236,Quente & Encorpado,0.1676,0.4062,0.2194,0.2067
22370,Brilhante & Intenso,0.2609,0.2081,0.2768,0.2542
13062,Pulsante & Sombrio,0.2475,0.2624,0.186,0.3041
15968,Brilhante & Intenso,0.2349,0.2635,0.3342,0.1674
12554,Brilhante & Intenso,0.1587,0.2875,0.4436,0.1102
16958,Quente & Encorpado,0.2233,0.2883,0.2737,0.2147
17564,Dinamico & Contrastante,0.3705,0.1902,0.2746,0.1647
21191,Pulsante & Sombrio,0.1668,0.2026,0.1153,0.5153
16067,Dinamico & Contrastante,0.3255,0.1932,0.3034,0.1779
15421,Brilhante & Intenso,0.2184,0.2549,0.3655,0.1611
13171,Pulsante & Sombrio,0.243,0.2473,0.2257,0.2841
16439,Pulsante & Sombrio,0.262,0.2311,0.1942,0.3127
16645,Brilhante & Intenso,0.2073,0.3137,0.3412,0.1379
20284,Pulsante & Sombrio,0.1943,0.1924,0.1427,0.4706
3298,Brilhante & Intenso,0.2353,0.2263,0.4255,0.1129
17255,Pulsante & Sombrio,0.2542,0.2577,0.1537,0.3344
3289,Brilhante & Intenso,0.202,0.2395,0.4238,0.1347
11227,Brilhante & Intenso,0.2446,0.2911,0.3269,0.1373
16598,Brilhante & Intenso,0.2279,0.1952,0.4857,0.0912
10708,Pulsante & Sombrio,0.2471,0.2105,0.1601,0.3823
16376,Brilhante & Intenso,0.211,0.221,0.4161,0.1519
21738,Brilhante & Intenso,0.1887,0.2154,0.4883,0.1075
18274,Pulsante & Sombrio,0.225,0.2463,0.1484,0.3803
12529,Brilhante & Intenso,0.2101,0.2278,0.4484,0.1137
20920,Brilhante & Intenso,0.2473,0.2197,0.3535,0.1795
15216,Pulsante & Sombrio,0.2947,0.1767,0.1349,0.3938
10767,Quente & Encorpado,0.1476,0.3822,0.1662,0.304
2969,Dinamico & Contrastante,0.3977,0.1906,0.2364,0.1753
19982,Brilhante & Intenso,0.2247,0.2929,0.331,0.1514
16229,Dinamico & Contrastante,0.3797,0.1477,0.1721,0.3005
18936,Brilhante & Intenso,0.2677,0.232,0.2883,0.212
4246,Brilhante & Intenso,0.1824,0.2288,0.4955,0.0933
11491,Brilhante & Intenso,0.2957,0.2352,0.3192,0.1499
22359,Quente & Encorpado,0.2645,0.3391,0.1729,0.2235
20175,Pulsante & Sombrio,0.2489,0.1994,0.1784,0.3733
10435,Quente & Encorpado,0.1699,0.411,0.1934,0.2257
19772,Quente & Encorpado,0.128,0.4871,0.2593,0.1257
13308,Brilhante & Intenso,0.2211,0.275,0.2755,0.2283
21549,Quente & Encorpado,0.172,0.3849,0.3243,0.1188
17529,Pulsante & Sombrio,0.3096,0.1832,0.1491,0.358
13122,Pulsante & Sombrio,0.2187,0.2275,0.1716,0.3822
11666,Quente & Encorpado,0.1418,0.4815,0.2192,0.1575
21916,Dinamico & Contrastante,0.3805,0.1747,0.2649,0.18
10712,Brilhante & Intenso,0.1958,0.27,0.37,0.1642
13185,Dinamico & Contrastante,0.3396,0.2133,0.2656,0.1816
17737,Pulsante & Sombrio,0.2944,0.1689,0.1508,0.3859
2339,Dinamico & Contrastante,0.3341,0.3112,0.1904,0.1644
11635,Pulsante & Sombrio,0.2919,0.185,0.1782,0.3449
10934,Pulsante & Sombrio,0.1823,0.2041,0.1492,0.4644
17671,Brilhante & Intenso,0.2524,0.1849,0.4393,0.1233
4298,Quente & Encorpado,0.1937,0.3777,0.2656,0.1631
20651,Brilhante & Intenso,0.18,0.3063,0.3753,0.1384
18553,Pulsante & Sombrio,0.2567,0.1902,0.159,0.3941
15769,Quente & Encorpado,0.228,0.3666,0.2608,0.1446
10511,Dinamico & Contrastante,0.4002,0.1688,0.2127,0.2182
11495,Quente & Encorpado,0.1529,0.4215,0.3006,0.125
19485,Brilhante & Intenso,0.1476,0.2755,0.4635,0.1135
14784,Brilhante & Intenso,0.1617,0.2462,0.4995,0.0926
2744,Quente & Encorpado,0.2318,0.3116,0.2363,0.2204
12061,Brilhante & Intenso,0.2327,0.2401,0.3791,0.148
2725,Quente & Encorpado,0.167,0.3358,0.2337,0.2635
3592,Brilhante & Intenso,0.2577,0.2813,0.3343,0.1268
17795,Quente & Encorpado,0.1592,0.377,0.2979,0.1659
18666,Brilhante & Intenso,0.2363,0.2027,0.4289,0.1321
16602,Brilhante & Intenso,0.1374,0.3805,0.3868,0.0952
13539,Quente & Encorpado,0.1836,0.3172,0.2822,0.217
12063,Brilhante & Intenso,0.2361,0.2966,0.3061,0.1612
10316,Pulsante & Sombrio,0.289,0.1767,0.1907,0.3436
10537,Dinamico & Contrastante,0.3507,0.2007,0.1535,0.2951
3684,Pulsante & Sombrio,0.2426,0.2795,0.1936,0.2843
15763,Brilhante & Intenso,0.2356,0.2365,0.3689,0.1589
12566,Dinamico & Contrastante,0.3564,0.1699,0.2191,0.2546
20805,Brilhante & Intenso,0.2274,0.2903,0.3335,0.1488
17890,Pulsante & Sombrio,0.173,0.2032,0.1366,0.4872
19346,Brilhante & Intenso,0.2747,0.244,0.2916,0.1897
10114,Quente & Encorpado,0.2059,0.3212,0.2539,0.2189
12136,Pulsante & Sombrio,0.2664,0.2047,0.2176,0.3113
10680,Quente & Encorpado,0.1741,0.401,0.2965,0.1284
15263,Dinamico & Contrastante,0.3744,0.2077,0.2708,0.1471
17111,Quente & Encorpado,0.2017,0.4198,0.2534,0.1252
18478,Quente & Encorpado,0.2094,0.3037,0.2184,0.2686
17037,Brilhante & Intenso,0.1514,0.3182,0.3968,0.1337
10374,Dinamico & Contrastante,0.3706,0.2058,0.2002,0.2234
12605,Pulsante & Sombrio,0.2112,0.1676,0.1402,0.4811
17274,Quente & Encorpado,0.1417,0.3808,0.3526,0.1249
15855,Pulsante & Sombrio,0.241,0.2229,0.2463,0.2897
17175,Brilhante & Intenso,0.2422,0.2462,0.3899,0.1218
20140,Quente & Encorpado,0.1443,0.4649,0.2626,0.1282
18667,Dinamico & Contrastante,0.3863,0.1579,0.1811,0.2747
10595,Dinamico & Contrastante,0.3737,0.2123,0.2696,0.1445
21302,Quente & Encorpado,0.1948,0.3088,0.254,0.2424
13643,Pulsante & Sombrio,0.1752,0.2437,0.149,0.4321
15366,Quente & Encorpado,0.1674,0.354,0.3124,0.1661
16588,Quente & Encorpado,0.1719,0.3903,0.2578,0.18
2365,Dinamico & Contrastante,0.2827,0.2344,0.2307,0.2522
17972,Brilhante & Intenso,0.1987,0.2826,0.3075,0.2112
13249,Pulsante & Sombrio,0.242,0.2221,0.18,0.3558
18182,Quente & Encorpado,0.1534,0.4313,0.264,0.1512
15969,Brilhante & Intenso,0.2242,0.2444,0.3662,0.1652
16991,Dinamico & Contrastante,0.3376,0.2421,0.2328,0.1876
12298,Brilhante & Intenso,0.1972,0.2731,0.3752,0.1545
3784,Dinamico & Contrastante,0.3862,0.2086,0.1778,0.2273
18093,Quente & Encorpado,0.1099,0.5821,0.1795,0.1285
21460,Brilhante & Intenso,0.2205,0.2149,0.4328,0.1317
9972,Quente & Encorpado,0.2283,0.3436,0.2796,0.1486
2074,Brilhante & Intenso,0.196,0.2934,0.3239,0.1867
10301,Pulsante & Sombrio,0.2562,0.2381,0.165,0.3407
4215,Dinamico & Contrastante,0.3729,0.1797,0.3012,0.1462
15562,Brilhante & Intenso,0.171,0.2854,0.3958,0.1479
18436,Pulsante & Sombrio,0.2217,0.1879,0.1453,0.445
15187,Dinamico & Contrastante,0.3234,0.1879,0.2884,0.2003
17641,Pulsante & Sombrio,0.2355,0.2367,0.1875,0.3403
20122,Brilhante & Intenso,0.1985,0.2828,0.3086,0.2101
14805,Pulsante & Sombrio,0.263,0.2278,0.1736,0.3356
20012,Quente & Encorpado,0.2571,0.2895,0.265,0.1884
10723,Dinamico & Contrastante,0.3147,0.2808,0.2254,0.1791
15352,Quente & Encorpado,0.2227,0.3813,0.2313,0.1647
13396,Pulsante & Sombrio,0.2132,0.1728,0.1292,0.4848
10491,Dinamico & Contrastante,0.3483,0.1989,0.2547,0.1981
10191,Pulsante & Sombrio,0.2417,0.2212,0.1624,0.3747
17358,Quente & Encorpado,0.2251,0.3344,0.2899,0.1506
13091,Pulsante & Sombrio,0.2484,0.2072,0.18,0.3644
20217,Pulsante & Sombrio,0.273,0.2151,0.1832,0.3287
16573,Quente & Encorpado,0.1163,0.4866,0.282,0.1151
15550,Dinamico & Contrastante,0.431,0.2016,0.2217,0.1457
3315,Brilhante & Intenso,0.2931,0.2092,0.3407,0.1569
16076,Dinamico & Contrastante,0.3464,0.1544,0.1762,0.323
20328,Brilhante & Intenso,0.2963,0.2163,0.3345,0.1529
16236,Brilhante & Intenso,0.1934,0.2905,0.3802,0.1359
12448,Brilhante & Intenso,0.2122,0.3178,0.3308,0.1391
18542,Brilhante & Intenso,0.2708,0.2215,0.3543,0.1534
13276,Pulsante & Sombrio,0.1974,0.2139,0.1571,0.4316
19579,Brilhante & Intenso,0.2002,0.2454,0.3956,0.1588
19608,Brilhante & Intenso,0.3355,0.1716,0.3373,0.1556
12476,Dinamico & Contrastante,0.3354,0.2236,0.1877,0.2534
12958,Quente & Encorpado,0.1459,0.415,0.2929,0.1462
12507,Pulsante & Sombrio,0.2203,0.2736,0.1688,0.3373
22114,Quente & Encorpado,0.1973,0.3253,0.1792,0.2982
21405,Dinamico & Contrastante,0.3162,0.2341,0.2833,0.1665
3350,Dinamico & Contrastante,0.3236,0.2506,0.2026,0.2232
21216,Dinamico & Contrastante,0.2833,0.2637,0.2513,0.2017
10703,Brilhante & Intenso,0.195,0.27,0.3686,0.1664
11742,Pulsante & Sombrio,0.2581,0.195,0.1404,0.4065
10674,Dinamico & Contrastante,0.4761,0.1401,0.1691,0.2147
13076,Brilhante & Intenso,0.1855,0.273,0.4059,0.1356
12213,Brilhante & Intenso,0.1574,0.2197,0.5066,0.1163
14894,Dinamico & Contrastante,0.3433,0.2235,0.2931,0.14
15072,Quente & Encorpado,0.2082,0.4004,0.227,0.1644
12170,Quente & Encorpado,0.2289,0.3206,0.2682,0.1823
19520,Brilhante & Intenso,0.1901,0.2994,0.3047,0.2058
15437,Pulsante & Sombrio,0.2151,0.1781,0.1316,0.4752
12029,Dinamico & Contrastante,0.4278,0.1549,0.179,0.2383
11645,Pulsante & Sombrio,0.2271,0.2381,0.1982,0.3367
1952,Brilhante & Intenso,0.2512,0.3,0.3081,0.1407
15767,Pulsante & Sombrio,0.2496,0.1651,0.1245,0.4609
1831,Pulsante & Sombrio,0.235,0.2745,0.1543,0.3362
2488,Brilhante & Intenso,0.2092,0.3033,0.3711,0.1165
10691,Pulsante & Sombrio,0.2442,0.2905,0.1629,0.3024
11140,Dinamico & Contrastante,0.3522,0.1542,0.2508,0.2428
12804,Dinamico & Contrastante,0.4167,0.1514,0.158,0.2738
12854,Brilhante & Intenso,0.1691,0.3019,0.3801,0.1489
12952,Brilhante & Intenso,0.1549,0.2967,0.4377,0.1107
1319,Quente & Encorpado,0.2291,0.3274,0.2635,0.18
16246,Pulsante & Sombrio,0.219,0.2144,0.1607,0.4059
13399,Pulsante & Sombrio,0.1762,0.2854,0.1871,0.3514
16665,Dinamico & Contrastante,0.3694,0.1596,0.1594,0.3116
16728,Quente & Encorpado,0.1602,0.423,0.2886,0.1282
12985,Brilhante & Intenso,0.2639,0.2085,0.3815,0.146
12524,Quente & Encorpado,0.2459,0.2679,0.2284,0.2578
22569,Pulsante & Sombrio,0.1912,0.2091,0.1711,0.4286
12821,Dinamico & Contrastante,0.3448,0.2343,0.1797,0.2412
21931,Quente & Encorpado,0.2551,0.3483,0.2366,0.1601
10221,Pulsante & Sombrio,0.2491,0.2181,0.1825,0.3503
15243,Dinamico & Contrastante,0.3248,0.2101,0.1863,0.2787
16482,Quente & Encorpado,0.2022,0.3427,0.1871,0.268
10717,Pulsante & Sombrio,0.2014,0.279,0.2274,0.2922
3192,Quente & Encorpado,0.1629,0.3796,0.3361,0.1214
13129,Brilhante & Intenso,0.2026,0.3236,0.3358,0.138
3771,Brilhante & Intenso,0.2435,0.2098,0.438,0.1087
17119,Dinamico & Contrastante,0.464,0.1528,0.1621,0.221
20872,Dinamico & Contrastante,0.3644,0.2087,0.2309,0.1961
20981,Quente & Encorpado,0.2155,0.3904,0.2178,0.1763
3150,Brilhante & Intenso,0.1655,0.2723,0.4233,0.139
20380,Brilhante & Intenso,0.1636,0.2453,0.4559,0.1352
1409,Quente & Encorpado,0.1622,0.3449,0.167,0.3259
13312,Quente & Encorpado,0.1907,0.3475,0.2995,0.1623
22058,Pulsante & Sombrio,0.2388,0.2481,0.2008,0.3123
11166,Pulsante & Sombrio,0.2737,0.1937,0.1324,0.4002
16815,Pulsante & Sombrio,0.2677,0.1425,0.1216,0.4682
20841,Quente & Encorpado,0.1837,0.3579,0.1846,0.2738
10307,Dinamico & Contrastante,0.4452,0.1636,0.1998,0.1914
15261,Quente & Encorpado,0.237,0.3118,0.1898,0.2614
17143,Quente & Encorpado,0.1613,0.4585,0.2053,0.1749
15195,Quente & Encorpado,0.1882,0.3051,0.2781,0.2286
11170,Pulsante & Sombrio,0.1948,0.2604,0.1498,0.395
14846,Dinamico & Contrastante,0.3569,0.2043,0.2549,0.184
12842,Pulsante & Sombrio,0.2797,0.1902,0.1981,0.332
16367,Brilhante & Intenso,0.2605,0.2432,0.3851,0.1111
2189,Pulsante & Sombrio,0.1834,0.2768,0.1495,0.3902
1549,Pulsante & Sombrio,0.1702,0.3184,0.1621,0.3494
21868,Quente & Encorpado,0.2025,0.3268,0.2248,0.2458
12859,Brilhante & Intenso,0.1723,0.2987,0.4194,0.1096
22415,Brilhante & Intenso,0.2789,0.1773,0.3858,0.1581
1304,Brilhante & Intenso,0.176,0.2041,0.5031,0.1168
11971,Brilhante & Intenso,0.1802,0.2213,0.4812,0.1174
18138,Quente & Encorpado,0.1835,0.3995,0.2683,0.1487
12346,Dinamico & Contrastante,0.3151,0.2181,0.2665,0.2003
19252,Pulsante & Sombrio,0.2688,0.1919,0.2033,0.336
12520,Dinamico & Contrastante,0.3234,0.2665,0.2086,0.2015
20541,Brilhante & Intenso,0.288,0.2056,0.3625,0.1439
19557,Brilhante & Intenso,0.1808,0.3152,0.3678,0.1362
13042,Quente & Encorpado,0.174,0.3775,0.2914,0.1571
19033,Brilhante & Intenso,0.2173,0.2726,0.3082,0.202
13146,Brilhante & Intenso,0.2771,0.2293,0.3174,0.1762
16084,Quente & Encorpado,0.1756,0.3726,0.2963,0.1555
18848,Brilhante & Intenso,0.2754,0.212,0.3811,0.1315
15385,Pulsante & Sombrio,0.244,0.1792,0.1546,0.4221
20469,Quente & Encorpado,0.1395,0.4998,0.1676,0.1931
20130,Pulsante & Sombrio,0.2371,0.2336,0.1518,0.3775
19632,Quente & Encorpado,0.1972,0.3702,0.2191,0.2135
20038,Dinamico & Contrastante,0.4044,0.1729,0.1456,0.2771
18177,Brilhante & Intenso,0.147,0.2803,0.4676,0.1051
11828,Brilhante & Intenso,0.1767,0.1842,0.5522,0.0869
17523,Quente & Encorpado,0.1517,0.3614,0.1708,0.3161
14099,Quente & Encorpado,0.233,0.2872,0.1965,0.2833
10746,Pulsante & Sombrio,0.2592,0.2535,0.1748,0.3125
2552,Dinamico & Contrastante,0.3934,0.1852,0.1458,0.2756
13418,Pulsante & Sombrio,0.2092,0.2324,0.1939,0.3645
17284,Quente & Encorpado,0.2518,0.3224,0.2482,0.1775
16779,Dinamico & Contrastante,0.3591,0.2177,0.2582,0.1651
18526,Pulsante & Sombrio,0.2409,0.2315,0.1703,0.3573
1485,Brilhante & Intenso,0.2974,0.2104,0.3431,0.149
12823,Brilhante & Intenso,0.1813,0.2991,0.3887,0.1308
4259,Pulsante & Sombrio,0.2667,0.1827,0.1773,0.3734
11016,Brilhante & Intenso,0.164,0.345,0.3499,0.1411
19121,Brilhante & Intenso,0.2842,0.205,0.3493,0.1615
17332,Dinamico & Contrastante,0.3355,0.2095,0.2618,0.1932
5791,Quente & Encorpado,0.1842,0.3121,0.3024,0.2012
3826,Dinamico & Contrastante,0.3562,0.2183,0.2878,0.1377
16768,Quente & Encorpado,0.2731,0.2841,0.2595,0.1833
21876,Pulsante & Sombrio,0.2357,0.1838,0.1261,0.4544
3922,Quente & Encorpado,0.1918,0.316,0.3051,0.1871
10848,Dinamico & Contrastante,0.3208,0.2019,0.2492,0.2282
22145,Dinamico & Contrastante,0.349,0.2493,0.2232,0.1785
18727,Quente & Encorpado,0.2283,0.3115,0.2797,0.1805
17751,Brilhante & Intenso,0.2765,0.2324,0.3224,0.1687
12293,Quente & Encorpado,0.2556,0.2905,0.2128,0.2411
18770,Quente & Encorpado,0.1902,0.3636,0.2579,0.1883
20152,Pulsante & Sombrio,0.2474,0.2299,0.1692,0.3536
20112,Dinamico & Contrastante,0.3812,0.1826,0.1775,0.2588
12328,Brilhante & Intenso,0.2889,0.2247,0.3799,0.1065
15289,Brilhante & Intenso,0.2188,0.2685,0.3503,0.1624
19709,Pulsante & Sombrio,0.2066,0.2327,0.1459,0.4148
21913,Quente & Encorpado,0.1171,0.4358,0.3425,0.1047
13321,Pulsante & Sombrio,0.254,0.2027,0.2027,0.3405
21340,Quente & Encorpado,0.1863,0.3838,0.2671,0.1628
20091,Brilhante & Intenso,0.2384,0.2738,0.3048,0.183
17018,Quente & Encorpado,0.1636,0.4526,0.2195,0.1643
19353,Dinamico & Contrastante,0.5425,0.1358,0.1726,0.1491
20370,Dinamico & Contrastante,0.3632,0.1999,0.269,0.1679
12047,Dinamico & Contrastante,0.3332,0.1947,0.1507,0.3214
1757,Brilhante & Intenso,0.2601,0.2042,0.3768,0.159
13532,Quente & Encorpado,0.1789,0.3955,0.2091,0.2165
20756,Pulsante & Sombrio,0.1667,0.3111,0.1593,0.3628
17712,Quente & Encorpado,0.1734,0.3861,0.268,0.1725
1356,Brilhante & Intenso,0.1599,0.2586,0.4705,0.111
13090,Brilhante & Intenso,0.3028,0.2461,0.3178,0.1333
20851,Pulsante & Sombrio,0.1868,0.2891,0.1805,0.3436
21906,Quente & Encorpado,0.1565,0.351,0.1658,0.3267
15268,Dinamico & Contrastante,0.3349,0.1732,0.2544,0.2374
14841,Brilhante & Intenso,0.2708,0.2303,0.2881,0.2108
10315,Brilhante & Intenso,0.2334,0.2906,0.3251,0.1509
20514,Quente & Encorpado,0.1815,0.424,0.2516,0.1429
20888,Quente & Encorpado,0.1208,0.4424,0.3168,0.1201
10693,Brilhante & Intenso,0.1235,0.204,0.5938,0.0788
5661,Quente & Encorpado,0.2701,0.2827,0.2338,0.2133
13448,Pulsante & Sombrio,0.2708,0.2065,0.1787,0.344
16445,Pulsante & Sombrio,0.2487,0.1649,0.1208,0.4656
12914,Brilhante & Intenso,0.1732,0.3229,0.3298,0.174
9953,Brilhante & Intenso,0.1977,0.2346,0.4674,0.1003
3867,Brilhante & Intenso,0.2028,0.2942,0.3681,0.1349
20207,Dinamico & Contrastante,0.3565,0.2298,0.2556,0.1581
16777,Dinamico & Contrastante,0.3755,0.178,0.2141,0.2325
18521,Quente & Encorpado,0.1978,0.3924,0.2385,0.1714
15284,Dinamico & Contrastante,0.276,0.2622,0.2709,0.1908
18696,Pulsante & Sombrio,0.174,0.3188,0.1798,0.3274
11207,Brilhante & Intenso,0.2954,0.1959,0.3254,0.1833
11175,Pulsante & Sombrio,0.2766,0.2297,0.1458,0.3479
16536,Quente & Encorpado,0.1586,0.4233,0.2828,0.1352
10579,Pulsante & Sombrio,0.3035,0.1792,0.1645,0.3528
17089,Quente & Encorpado,0.1784,0.3459,0.1619,0.3137
19592,Quente & Encorpado,0.1555,0.4382,0.2564,0.1499
11884,Brilhante & Intenso,0.1653,0.3178,0.3923,0.1245
19323,Pulsante & Sombrio,0.2715,0.1879,0.2352,0.3054
15981,Brilhante & Intenso,0.1506,0.2463,0.5046,0.0985
11599,Quente & Encorpado,0.1524,0.415,0.2218,0.2108
17973,Brilhante & Intenso,0.2121,0.2575,0.4034,0.127
4309,Quente & Encorpado,0.2311,0.3019,0.2082,0.2588
17144,Quente & Encorpado,0.1501,0.4314,0.2463,0.1722
4301,Quente & Encorpado,0.139,0.4125,0.293,0.1554
17885,Pulsante & Sombrio,0.1564,0.2901,0.1403,0.4132
10740,Quente & Encorpado,0.2587,0.3545,0.2442,0.1427
17732,Brilhante & Intenso,0.3193,0.1839,0.36,0.1368
12851,Dinamico & Contrastante,0.3601,0.2085,0.1802,0.2511
11374,Pulsante & Sombrio,0.2366,0.2198,0.1562,0.3874
12342,Dinamico & Contrastante,0.3966,0.1691,0.1702,0.264
1517,Pulsante & Sombrio,0.2478,0.2243,0.222,0.3059
14996,Pulsante & Sombrio,0.2526,0.1733,0.1405,0.4336
17863,Brilhante & Intenso,0.211,0.1695,0.5333,0.0862
21681,Pulsante & Sombrio,0.2356,0.2151,0.1764,0.3729
15771,Pulsante & Sombrio,0.155,0.354,0.1257,0.3653
3450,Pulsante & Sombrio,0.3064,0.189,0.1769,0.3277
16949,Brilhante & Intenso,0.1724,0.232,0.5025,0.0931
16102,Quente & Encorpado,0.1576,0.3926,0.2106,0.2392
10450,Dinamico & Contrastante,0.309,0.2413,0.2755,0.1741
10364,Pulsante & Sombrio,0.2086,0.2174,0.1579,0.4161
22487,Brilhante & Intenso,0.1835,0.2121,0.4847,0.1196
21884,Brilhante & Intenso,0.1313,0.332,0.4396,0.097
19963,Pulsante & Sombrio,0.2829,0.2184,0.202,0.2967
1683,Dinamico & Contrastante,0.3279,0.2021,0.2298,0.2401
12570,Brilhante & Intenso,0.1954,0.2311,0.4669,0.1066
12879,Pulsante & Sombrio,0.1979,0.2655,0.1673,0.3692
20949,Brilhante & Intenso,0.2141,0.2614,0.3548,0.1696
16930,Brilhante & Intenso,0.1963,0.2217,0.4784,0.1036
12114,Brilhante & Intenso,0.2352,0.263,0.2696,0.2323
11842,Brilhante & Intenso,0.2115,0.1823,0.5005,0.1057
19486,Dinamico & Contrastante,0.3143,0.2899,0.1954,0.2003
11393,Quente & Encorpado,0.1473,0.3675,0.3396,0.1456
1505,Dinamico & Contrastante,0.3244,0.2738,0.2412,0.1606
20747,Brilhante & Intenso,0.2034,0.2379,0.4293,0.1293
11813,Pulsante & Sombrio,0.2432,0.2441,0.2066,0.3062
17668,Pulsante & Sombrio,0.1878,0.2718,0.162,0.3783
19488,Dinamico & Contrastante,0.4291,0.1482,0.236,0.1867
21740,Pulsante & Sombrio,0.1952,0.1775,0.1445,0.4827
18086,Dinamico & Contrastante,0.5122,0.1243,0.1901,0.1734
11266,Brilhante & Intenso,0.1824,0.2793,0.4153,0.123
17717,Dinamico & Contrastante,0.4173,0.1565,0.1554,0.2708
18941,Dinamico & Contrastante,0.3118,0.2558,0.2341,0.1983
12086,Brilhante & Intenso,0.2718,0.207,0.3385,0.1827
17190,Quente & Encorpado,0.1654,0.3364,0.2638,0.2345
4455,Dinamico & Contrastante,0.4191,0.1434,0.1501,0.2874
21249,Quente & Encorpado,0.2009,0.3333,0.2207,0.2452
15653,Quente & Encorpado,0.174,0.3177,0.2483,0.26
2469,Pulsante & Sombrio,0.2877,0.1521,0.1234,0.4367
16792,Quente & Encorpado,0.2601,0.2828,0.1773,0.2798
21430,Brilhante & Intenso,0.2466,0.2443,0.3073,0.2018
10261,Brilhante & Intenso,0.1834,0.2148,0.4969,0.105
3342,Brilhante & Intenso,0.1909,0.2568,0.388,0.1643
2295,Brilhante & Intenso,0.186,0.2676,0.44,0.1064
15092,Dinamico & Contrastante,0.4718,0.1576,0.1438,0.2268
11677,Brilhante & Intenso,0.2028,0.2696,0.385,0.1425
20758,Quente & Encorpado,0.1876,0.3187,0.2665,0.2272
10618,Dinamico & Contrastante,0.4066,0.1664,0.1711,0.2559
2335,Brilhante & Intenso,0.2012,0.3128,0.3774,0.1086
20348,Dinamico & Contrastante,0.3503,0.1804,0.243,0.2263
16884,Quente & Encorpado,0.1813,0.3285,0.2877,0.2025
19882,Dinamico & Contrastante,0.3002,0.2035,0.2617,0.2346
19501,Quente & Encorpado,0.1521,0.3727,0.3437,0.1315
21359,Dinamico & Contrastante,0.369,0.1763,0.1397,0.3149
15306,Brilhante & Intenso,0.2895,0.1975,0.3508,0.1622
16707,Quente & Encorpado,0.2392,0.2985,0.2771,0.1852
17340,Brilhante & Intenso,0.2407,0.2354,0.3661,0.1579
15945,Brilhante & Intenso,0.2363,0.222,0.3643,0.1774
19056,Brilhante & Intenso,0.2554,0.2131,0.3935,0.1379
13302,Dinamico & Contrastante,0.3052,0.236,0.2014,0.2574
21387,Dinamico & Contrastante,0.3192,0.2057,0.2523,0.2228
10200,Pulsante & Sombrio,0.2269,0.1419,0.1176,0.5136
17782,Quente & Encorpado,0.1656,0.3649,0.3449,0.1245
11793,Pulsante & Sombrio,0.1815,0.2927,0.172,0.3538
14807,Brilhante & Intenso,0.1386,0.3074,0.4334,0.1205
11557,Quente & Encorpado,0.161,0.4162,0.2134,0.2094
13567,Dinamico & Contrastante,0.3382,0.2396,0.2911,0.1311
15610,Brilhante & Intenso,0.1648,0.3355,0.3818,0.1179
19838,Pulsante & Sombrio,0.3019,0.1674,0.1602,0.3704
10589,Quente & Encorpado,0.1728,0.4358,0.1777,0.2138
17294,Brilhante & Intenso,0.1415,0.3589,0.4105,0.0891
10345,Quente & Encorpado,0.2272,0.3644,0.2005,0.2078
18446,Quente & Encorpado,0.2052,0.3241,0.1814,0.2893
10432,Dinamico & Contrastante,0.3141,0.1959,0.2253,0.2647
12527,Quente & Encorpado,0.1845,0.3524,0.17,0.2931
12669,Dinamico & Contrastante,0.3837,0.1784,0.159,0.2789
13650,Dinamico & Contrastante,0.3358,0.1664,0.1676,0.3302
11290,Quente & Encorpado,0.1505,0.4189,0.2182,0.2124
19262,Pulsante & Sombrio,0.2393,0.2251,0.1907,0.3448
20842,Brilhante & Intenso,0.1889,0.2763,0.3931,0.1416
3430,Quente & Encorpado,0.1979,0.4026,0.2444,0.155
11005,Pulsante & Sombrio,0.1911,0.2924,0.1682,0.3483
3852,Brilhante & Intenso,0.2402,0.2426,0.3674,0.1499
11499,Brilhante & Intenso,0.2563,0.1639,0.4466,0.1332
19799,Brilhante & Intenso,0.2751,0.2025,0.3717,0.1506
12402,Quente & Encorpado,0.2548,0.3444,0.2462,0.1545
22659,Brilhante & Intenso,0.228,0.274,0.2992,0.1988
15460,Quente & Encorpado,0.1807,0.387,0.1984,0.2339
17162,Brilhante & Intenso,0.1488,0.2267,0.5122,0.1123
13479,Brilhante & Intenso,0.2311,0.2386,0.3056,0.2248
11477,Dinamico & Contrastante,0.291,0.2429,0.1928,0.2733
2507,Pulsante & Sombrio,0.2401,0.2362,0.2615,0.2622
16967,Brilhante & Intenso,0.2314,0.2225,0.4323,0.1138
16025,Quente & Encorpado,0.203,0.3058,0.22,0.2712
12636,Dinamico & Contrastante,0.3867,0.1708,0.2603,0.1821
15870,Dinamico & Contrastante,0.3786,0.1558,0.3267,0.1388
21668,Brilhante & Intenso,0.1737,0.2542,0.4435,0.1287
16655,Brilhante & Intenso,0.226,0.2323,0.3961,0.1455
13037,Dinamico & Contrastante,0.3494,0.1729,0.1766,0.3011
21582,Brilhante & Intenso,0.2204,0.2705,0.3869,0.1222
11323,Quente & Encorpado,0.1759,0.3321,0.1916,0.3003
21467,Brilhante & Intenso,0.1627,0.2257,0.495,0.1166
16630,Pulsante & Sombrio,0.2557,0.2297,0.1938,0.3209
12499,Quente & Encorpado,0.1654,0.3464,0.1738,0.3144
1702,Dinamico & Contrastante,0.4235,0.18,0.2182,0.1783
10677,Brilhante & Intenso,0.2356,0.2323,0.3825,0.1496
12615,Quente & Encorpado,0.19,0.3576,0.2756,0.1768
10276,Quente & Encorpado,0.1832,0.3299,0.324,0.1629
18178,Pulsante & Sombrio,0.2463,0.1861,0.174,0.3936
17479,Pulsante & Sombrio,0.2029,0.214,0.1442,0.4389
22224,Brilhante & Intenso,0.2402,0.2368,0.3877,0.1353
15371,Dinamico & Contrastante,0.3933,0.1729,0.1817,0.2521
20075,Pulsante & Sombrio,0.2086,0.217,0.1545,0.4198
2773,Brilhante & Intenso,0.2355,0.2245,0.3824,0.1577
18196,Brilhante & Intenso,0.1866,0.1963,0.5113,0.1058
22122,Quente & Encorpado,0.1293,0.4803,0.1969,0.1935
3914,Quente & Encorpado,0.2053,0.3574,0.2802,0.1571
2374,Pulsante & Sombrio,0.2896,0.182,0.1432,0.3852
10912,Quente & Encorpado,0.2028,0.3274,0.2961,0.1737
12390,Dinamico & Contrastante,0.4085,0.1985,0.2283,0.1647
16188,Brilhante & Intenso,0.1844,0.3014,0.3043,0.2098
15762,Quente & Encorpado,0.1852,0.3384,0.2339,0.2425
15668,Pulsante & Sombrio,0.2772,0.2088,0.1695,0.3445
9914,Pulsante & Sombrio,0.2441,0.2127,0.1458,0.3974
2794,Quente & Encorpado,0.2515,0.272,0.2075,0.2689
20312,Brilhante & Intenso,0.2153,0.2365,0.3697,0.1785
21466,Quente & Encorpado,0.1797,0.362,0.1903,0.268
17026,Brilhante & Intenso,0.1377,0.3411,0.3983,0.1229
12233,Dinamico & Contrastante,0.4593,0.1561,0.1852,0.1994
11709,Pulsante & Sombrio,0.2316,0.1838,0.1428,0.4418
13059,Dinamico & Contrastante,0.2693,0.2535,0.222,0.2551
16617,Quente & Encorpado,0.1731,0.3473,0.3161,0.1635
11530,Brilhante & Intenso,0.193,0.2368,0.4575,0.1126
18676,Dinamico & Contrastante,0.3987,0.1925,0.2848,0.1239
11416,Dinamico & Contrastante,0.3669,0.2038,0.1873,0.242
13545,Dinamico & Contrastante,0.3403,0.2036,0.1985,0.2576
21779,Dinamico & Contrastante,0.2652,0.2257,0.2572,0.252
10673,Quente & Encorpado,0.1405,0.4532,0.2598,0.1464
12419,Brilhante & Intenso,0.1553,0.3188,0.4145,0.1114
14913,Brilhante & Intenso,0.1636,0.3088,0.4106,0.1169
10786,Pulsante & Sombrio,0.1672,0.2954,0.1914,0.346
20006,Brilhante & Intenso,0.1912,0.215,0.4989,0.0949
15898,Dinamico & Contrastante,0.384,0.1915,0.2176,0.2069
10887,Pulsante & Sombrio,0.2988,0.1835,0.1345,0.3832
21431,Dinamico & Contrastante,0.4638,0.1683,0.1704,0.1975
16481,Dinamico & Contrastante,0.4051,0.1735,0.2193,0.2021
11019,Brilhante & Intenso,0.1489,0.2734,0.4748,0.1029
22139,Dinamico & Contrastante,0.4305,0.1747,0.1901,0.2047
20248,Dinamico & Contrastante,0.3843,0.203,0.1751,0.2375
11436,Dinamico & Contrastante,0.4394,0.1659,0.2244,0.1703
20963,Brilhante & Intenso,0.1916,0.2999,0.3708,0.1377
17824,Pulsante & Sombrio,0.3361,0.1625,0.1556,0.3458
11602,Pulsante & Sombrio,0.2159,0.237,0.1722,0.3749
17231,Quente & Encorpado,0.2205,0.3174,0.2474,0.2148
11300,Dinamico & Contrastante,0.3539,0.1904,0.1658,0.2898
11116,Quente & Encorpado,0.1419,0.4385,0.1728,0.2468
20052,Pulsante & Sombrio,0.3273,0.1641,0.1407,0.3679
1360,Pulsante & Sombrio,0.2233,0.206,0.1595,0.4112
16662,Dinamico & Contrastante,0.262,0.2556,0.2578,0.2247
22087,Quente & Encorpado,0.2183,0.3255,0.2391,0.2171
17797,Dinamico & Contrastante,0.3119,0.2615,0.2469,0.1797
17736,Brilhante & Intenso,0.269,0.2609,0.3028,0.1673
16410,Dinamico & Contrastante,0.3547,0.1889,0.1698,0.2866
3740,Pulsante & Sombrio,0.2451,0.2423,0.2165,0.2961
15784,Brilhante & Intenso,0.2936,0.1835,0.3403,0.1827
4107,Brilhante & Intenso,0.2367,0.282,0.3166,0.1647
3614,Dinamico & Contrastante,0.3118,0.2344,0.2889,0.1649
11956,Dinamico & Contrastante,0.3912,0.1713,0.2048,0.2327
17427,Dinamico & Contrastante,0.3897,0.1493,0.1949,0.2661
19041,Quente & Encorpado,0.1191,0.4104,0.3653,0.1052
2422,Dinamico & Contrastante,0.3512,0.2185,0.258,0.1723
1540,Pulsante & Sombrio,0.252,0.1665,0.154,0.4276
16191,Dinamico & Contrastante,0.4045,0.1963,0.1718,0.2274
17163,Brilhante & Intenso,0.202,0.1821,0.5054,0.1105
19054,Brilhante & Intenso,0.2263,0.2467,0.3915,0.1356
12645,Dinamico & Contrastante,0.3946,0.1746,0.1902,0.2406
11012,Quente & Encorpado,0.1764,0.3375,0.2208,0.2652
11376,Quente & Encorpado,0.2131,0.3648,0.2657,0.1564
19309,Quente & Encorpado,0.2285,0.3099,0.2623,0.1993
17886,Dinamico & Contrastante,0.2977,0.2516,0.2029,0.2478
21119,Brilhante & Intenso,0.196,0.2236,0.4573,0.1232
10981,Dinamico & Contrastante,0.5382,0.1283,0.1868,0.1468
2966,Pulsante & Sombrio,0.1963,0.2539,0.142,0.4077
17560,Quente & Encorpado,0.2691,0.2748,0.2572,0.1989
10635,Brilhante & Intenso,0.2635,0.2368,0.3143,0.1855
17028,Dinamico & Contrastante,0.3433,0.1789,0.2421,0.2357
14503,Brilhante & Intenso,0.2124,0.3076,0.3252,0.1548
16380,Brilhante & Intenso,0.2436,0.2051,0.4117,0.1396
3512,Brilhante & Intenso,0.2359,0.2225,0.2914,0.2502
3004,Brilhante & Intenso,0.2305,0.2392,0.4086,0.1217
17348,Dinamico & Contrastante,0.3582,0.1918,0.1374,0.3126
11554,Quente & Encorpado,0.2071,0.3106,0.2787,0.2035
16103,Brilhante & Intenso,0.2355,0.288,0.3229,0.1535
15938,Quente & Encorpado,0.2104,0.3047,0.2555,0.2295
19727,Brilhante & Intenso,0.1652,0.359,0.3683,0.1075
2852,Brilhante & Intenso,0.2061,0.2868,0.3169,0.1902
12917,Brilhante & Intenso,0.1999,0.2985,0.3112,0.1904
15929,Brilhante & Intenso,0.2441,0.2153,0.4196,0.121
18796,Dinamico & Contrastante,0.2859,0.2784,0.2577,0.178
21428,Brilhante & Intenso,0.2298,0.3173,0.3284,0.1244
1678,Dinamico & Contrastante,0.3239,0.2356,0.2145,0.226
16464,Brilhante & Intenso,0.2233,0.292,0.33,0.1548
17871,Brilhante & Intenso,0.2505,0.196,0.4168,0.1367
3861,Quente & Encorpado,0.1922,0.4142,0.2315,0.1621
17290,Brilhante & Intenso,0.2465,0.2312,0.3567,0.1655
7562,Pulsante & Sombrio,0.2037,0.2301,0.1762,0.39
11670,Brilhante & Intenso,0.2067,0.28,0.3696,0.1437
15376,Quente & Encorpado,0.1907,0.3881,0.2826,0.1387
10402,Brilhante & Intenso,0.1829,0.2757,0.4322,0.1093
19770,Quente & Encorpado,0.2176,0.3152,0.2005,0.2667
17775,Brilhante & Intenso,0.1632,0.3268,0.3929,0.1171
3221,Quente & Encorpado,0.1295,0.5524,0.152,0.1661
22126,Quente & Encorpado,0.1766,0.342,0.1769,0.3046
17875,Pulsante & Sombrio,0.2289,0.2336,0.2386,0.2989
15492,Pulsante & Sombrio,0.2802,0.196,0.1474,0.3764
15004,Pulsante & Sombrio,0.1964,0.2098,0.1544,0.4394
12729,Brilhante & Intenso,0.2843,0.2439,0.3417,0.1301
10413,Quente & Encorpado,0.2374,0.3103,0.2915,0.1607
16531,Dinamico & Contrastante,0.3294,0.2038,0.2104,0.2564
16168,Brilhante & Intenso,0.1391,0.278,0.4932,0.0897
11407,Brilhante & Intenso,0.3008,0.1974,0.3431,0.1587
2043,Pulsante & Sombrio,0.2262,0.1647,0.1351,0.4739
11487,Pulsante & Sombrio,0.1984,0.2564,0.1947,0.3505
11792,Dinamico & Contrastante,0.3002,0.242,0.2193,0.2385
11667,Quente & Encorpado,0.2016,0.2926,0.2769,0.2289
16062,Quente & Encorpado,0.2491,0.3059,0.2032,0.2418
12220,Dinamico & Contrastante,0.3475,0.1986,0.1762,0.2777
17605,Pulsante & Sombrio,0.2027,0.1716,0.1274,0.4983
21554,Brilhante & Intenso,0.1851,0.2836,0.4134,0.1179
10258,Brilhante & Intenso,0.167,0.2887,0.4158,0.1285
16224,Pulsante & Sombrio,0.2663,0.2548,0.159,0.3199
3200,Quente & Encorpado,0.2,0.3795,0.2215,0.199
16151,Quente & Encorpado,0.2051,0.3592,0.3094,0.1264
3323,Dinamico & Contrastante,0.3934,0.1871,0.2586,0.1609
21225,Quente & Encorpado,0.1529,0.3772,0.3429,0.127
12054,Brilhante & Intenso,0.2404,0.2247,0.3642,0.1707
15761,Brilhante & Intenso,0.1962,0.3003,0.3728,0.1306
15294,Quente & Encorpado,0.1577,0.3852,0.2897,0.1674
10681,Quente & Encorpado,0.2454,0.3162,0.2856,0.1528
13145,Dinamico & Contrastante,0.3664,0.193,0.1822,0.2584
10598,Dinamico & Contrastante,0.415,0.17,0.1689,0.246
13103,Quente & Encorpado,0.1875,0.3891,0.2475,0.1759
19856,Pulsante & Sombrio,0.2028,0.2139,0.1577,0.4255
12624,Brilhante & Intenso,0.1941,0.1881,0.5127,0.1052
3256,Dinamico & Contrastante,0.3523,0.2266,0.1773,0.2438
17853,Pulsante & Sombrio,0.3124,0.1813,0.1593,0.347
3561,Brilhante & Intenso,0.2022,0.2889,0.3434,0.1656
12187,Quente & Encorpado,0.2128,0.351,0.27,0.1663
13349,Brilhante & Intenso,0.2067,0.2282,0.4105,0.1545
10731,Brilhante & Intenso,0.3094,0.1927,0.3881,0.1097
22637,Dinamico & Contrastante,0.374,0.1823,0.2389,0.2048
11415,Pulsante & Sombrio,0.3442,0.1503,0.1353,0.3702
16465,Quente & Encorpado,0.1887,0.3204,0.249,0.2418
1892,Quente & Encorpado,0.145,0.4272,0.2667,0.1612
21865,Brilhante & Intenso,0.1392,0.302,0.45,0.1087
12071,Brilhante & Intenso,0.1853,0.2499,0.4571,0.1076
20664,Brilhante & Intenso,0.276,0.2659,0.2925,0.1656
15800,Brilhante & Intenso,0.2559,0.2364,0.2841,0.2236
13324,Brilhante & Intenso,0.1679,0.1641,0.5768,0.0912
11964,Brilhante & Intenso,0.2218,0.2824,0.3407,0.155
21409,Quente & Encorpado,0.1647,0.4189,0.2376,0.1789
18632,Dinamico & Contrastante,0.3315,0.1959,0.2252,0.2473
19578,Quente & Encorpado,0.1676,0.3506,0.2523,0.2295
20970,Brilhante & Intenso,0.2293,0.204,0.4555,0.1113
22423,Dinamico & Contrastante,0.353,0.2195,0.204,0.2234
20426,Brilhante & Intenso,0.1875,0.2651,0.4287,0.1187
11659,Dinamico & Contrastante,0.4716,0.1607,0.2201,0.1476
15194,Quente & Encorpado,0.1414,0.3698,0.3352,0.1536
18623,Brilhante & Intenso,0.1951,0.3308,0.3432,0.1309
2514,Pulsante & Sombrio,0.1785,0.2971,0.1843,0.3401
3216,Brilhante & Intenso,0.1883,0.2537,0.4175,0.1405
4360,Pulsante & Sombrio,0.3202,0.1748,0.1784,0.3266
12608,Pulsante & Sombrio,0.2434,0.2845,0.1563,0.3157
21817,Quente & Encorpado,0.1548,0.4381,0.2489,0.1583
22448,Quente & Encorpado,0.1495,0.4569,0.2475,0.1461
12758,Brilhante & Intenso,0.194,0.3343,0.3518,0.12
11364,Quente & Encorpado,0.2378,0.2842,0.2691,0.209
21799,Brilhante & Intenso,0.2129,0.2698,0.3744,0.1429
1342,Brilhante & Intenso,0.2024,0.2122,0.4856,0.0998
19440,Quente & Encorpado,0.1998,0.3497,0.3113,0.1392
2005,Dinamico & Contrastante,0.2963,0.2021,0.2219,0.2797
9863,Brilhante & Intenso,0.3185,0.1926,0.3361,0.1528
10494,Brilhante & Intenso,0.1525,0.3111,0.4009,0.1355
18877,Brilhante & Intenso,0.2963,0.2441,0.3255,0.1342
11520,Quente & Encorpado,0.1598,0.346,0.331,0.1632
3506,Pulsante & Sombrio,0.2429,0.2198,0.2627,0.2746
1740,Pulsante & Sombrio,0.2091,0.2682,0.1774,0.3452
13158,Dinamico & Contrastante,0.3621,0.1579,0.2865,0.1935
4077,Quente & Encorpado,0.1492,0.4784,0.2319,0.1404
17154,Brilhante & Intenso,0.1874,0.2655,0.3974,0.1497
12190,Dinamico & Contrastante,0.3338,0.2079,0.1791,0.2792
13040,Brilhante & Intenso,0.2694,0.2195,0.3561,0.1551
19069,Pulsante & Sombrio,0.2371,0.2318,0.2228,0.3083
17881,Dinamico & Contrastante,0.3344,0.2208,0.2053,0.2395
11543,Quente & Encorpado,0.1935,0.3323,0.24,0.2342
21669,Quente & Encorpado,0.2446,0.2958,0.2777,0.1819
11251,Dinamico & Contrastante,0.2856,0.2283,0.2524,0.2337
12479,Pulsante & Sombrio,0.3095,0.1721,0.1681,0.3503
18773,Dinamico & Contrastante,0.3494,0.1918,0.152,0.3068
22604,Pulsante & Sombrio,0.2712,0.1867,0.1486,0.3935
9795,Dinamico & Contrastante,0.3002,0.2216,0.1965,0.2817
17884,Brilhante & Intenso,0.1545,0.3278,0.4086,0.1092
16274,Quente & Encorpado,0.1224,0.5219,0.2225,0.1333
10892,Brilhante & Intenso,0.1958,0.2178,0.455,0.1314
15171,Pulsante & Sombrio,0.1517,0.2341,0.1309,0.4833
2491,Brilhante & Intenso,0.163,0.2773,0.4459,0.1137
19195,Quente & Encorpado,0.198,0.3272,0.25,0.2248
18753,Brilhante & Intenso,0.2667,0.1633,0.4548,0.1152
16419,Brilhante & Intenso,0.2619,0.2307,0.3359,0.1716
22211,Brilhante & Intenso,0.2183,0.266,0.3825,0.1331
22115,Quente & Encorpado,0.1392,0.4466,0.2667,0.1475
20986,Brilhante & Intenso,0.142,0.2018,0.5679,0.0884
20334,Pulsante & Sombrio,0.2373,0.2508,0.1648,0.347
18408,Brilhante & Intenso,0.1541,0.3198,0.403,0.1231
16948,Pulsante & Sombrio,0.1908,0.2539,0.1701,0.3851
10998,Quente & Encorpado,0.1383,0.4682,0.2196,0.1738
10380,Dinamico & Contrastante,0.3784,0.1873,0.3025,0.1318
11591,Brilhante & Intenso,0.2157,0.2489,0.4022,0.1333
18740,Quente & Encorpado,0.2235,0.3322,0.2957,0.1487
11707,Dinamico & Contrastante,0.3757,0.1602,0.1607,0.3033
18735,Pulsante & Sombrio,0.2159,0.2419,0.1759,0.3662
17081,Dinamico & Contrastante,0.3166,0.2593,0.2612,0.1628
3317,Quente & Encorpado,0.1472,0.4628,0.2352,0.1548
20307,Brilhante & Intenso,0.2145,0.2436,0.4074,0.1345
4359,Brilhante & Intenso,0.1689,0.326,0.3634,0.1417
16009,Brilhante & Intenso,0.1672,0.332,0.3464,0.1544
1544,Brilhante & Intenso,0.2883,0.25,0.3382,0.1235
12060,Dinamico & Contrastante,0.4433,0.1687,0.185,0.203
1900,Brilhante & Intenso,0.3109,0.232,0.3132,0.1439
15461,Dinamico & Contrastante,0.4304,0.16,0.2536,0.156
10994,Pulsante & Sombrio,0.1908,0.2973,0.1886,0.3232
3858,Pulsante & Sombrio,0.2102,0.2621,0.2011,0.3266
18806,Brilhante & Intenso,0.2305,0.281,0.2916,0.1969
11270,Dinamico & Contrastante,0.3664,0.1847,0.2395,0.2093
15750,Quente & Encorpado,0.1528,0.4262,0.284,0.137
6282,Brilhante & Intenso,0.2102,0.1954,0.4822,0.1122
22594,Brilhante & Intenso,0.1904,0.2929,0.3928,0.1239
17039,Pulsante & Sombrio,0.2966,0.1846,0.1762,0.3427
19762,Pulsante & Sombrio,0.265,0.1938,0.2151,0.3262
12781,Brilhante & Intenso,0.1976,0.307,0.3488,0.1466
17525,Pulsante & Sombrio,0.1744,0.2446,0.1599,0.4211
21251,Brilhante & Intenso,0.1489,0.3108,0.3899,0.1504
11125,Dinamico & Contrastante,0.4161,0.179,0.2485,0.1564
18252,Quente & Encorpado,0.2111,0.329,0.2241,0.2358
12252,Brilhante & Intenso,0.2221,0.2717,0.2866,0.2196
20811,Brilhante & Intenso,0.2025,0.2661,0.3725,0.1588
12906,Dinamico & Contrastante,0.3854,0.1599,0.148,0.3068
9814,Quente & Encorpado,0.1977,0.345,0.2945,0.1627
10710,Pulsante & Sombrio,0.2208,0.1941,0.1307,0.4544
22676,Brilhante & Intenso,0.2533,0.2583,0.3638,0.1246
20421,Pulsante & Sombrio,0.2972,0.1761,0.1563,0.3704
11340,Dinamico & Contrastante,0.4869,0.1458,0.1627,0.2046
4417,Brilhante & Intenso,0.2601,0.2051,0.3633,0.1715
3241,Pulsante & Sombrio,0.2716,0.2204,0.2087,0.2992
4155,Brilhante & Intenso,0.2563,0.2014,0.3979,0.1444
21294,Dinamico & Contrastante,0.344,0.1879,0.1764,0.2916
10254,Brilhante & Intenso,0.1655,0.3401,0.3956,0.0988
15088,Dinamico & Contrastante,0.3753,0.1867,0.2196,0.2184
10292,Brilhante & Intenso,0.1945,0.1731,0.5459,0.0865
3939,Dinamico & Contrastante,0.4389,0.1729,0.2024,0.1858
2008,Pulsante & Sombrio,0.1968,0.2211,0.1465,0.4356
17773,Brilhante & Intenso,0.2406,0.2071,0.402,0.1503
21407,Dinamico & Contrastante,0.3701,0.1856,0.243,0.2012
19701,Brilhante & Intenso,0.1669,0.2467,0.4648,0.1216
16219,Quente & Encorpado,0.1705,0.389,0.1863,0.2542
3142,Quente & Encorpado,0.1068,0.5719,0.1847,0.1366
21985,Quente & Encorpado,0.1372,0.488,0.269,0.1058
19853,Quente & Encorpado,0.1515,0.4064,0.3149,0.1272
2974,Quente & Encorpado,0.2145,0.283,0.267,0.2355
16389,Dinamico & Contrastante,0.3324,0.2041,0.2914,0.1721
17475,Dinamico & Contrastante,0.2981,0.2142,0.2024,0.2853
15592,Dinamico & Contrastante,0.3542,0.1823,0.1481,0.3154
22193,Quente & Encorpado,0.2101,0.3495,0.3161,0.1243
16183,Brilhante & Intenso,0.1953,0.2419,0.4207,0.142
3583,Brilhante & Intenso,0.2222,0.2632,0.3742,0.1404
3634,Quente & Encorpado,0.1333,0.5269,0.2149,0.125
10724,Brilhante & Intenso,0.2229,0.2066,0.4606,0.1099
11132,Brilhante & Intenso,0.2463,0.2065,0.4306,0.1166
21096,Brilhante & Intenso,0.2452,0.2375,0.3902,0.1271
22474,Pulsante & Sombrio,0.2733,0.2491,0.1908,0.2868
20746,Brilhante & Intenso,0.1911,0.2989,0.3952,0.1148
21051,Quente & Encorpado,0.2359,0.301,0.2957,0.1674
12938,Quente & Encorpado,0.1852,0.3675,0.2494,0.1978
19143,Quente & Encorpado,0.1965,0.3333,0.1567,0.3134
17949,Dinamico & Contrastante,0.3239,0.2424,0.2602,0.1735
16211,Pulsante & Sombrio,0.1802,0.2249,0.1398,0.4551
12032,Dinamico & Contrastante,0.4082,0.1384,0.1455,0.3079
18814,Dinamico & Contrastante,0.3764,0.1936,0.2664,0.1636
17713,Quente & Encorpado,0.1381,0.41,0.3232,0.1286
12210,Brilhante & Intenso,0.1543,0.2127,0.5161,0.1169
10493,Quente & Encorpado,0.1277,0.5119,0.199,0.1614
12812,Pulsante & Sombrio,0.2289,0.2494,0.1767,0.345
12760,Pulsante & Sombrio,0.2935,0.1826,0.179,0.345
13451,Quente & Encorpado,0.2444,0.3392,0.1941,0.2223
21994,Dinamico & Contrastante,0.3081,0.2523,0.2497,0.1899
10429,Pulsante & Sombrio,0.233,0.1873,0.1186,0.4611
15313,Brilhante & Intenso,0.3033,0.1859,0.3467,0.1641
18250,Brilhante & Intenso,0.1363,0.3234,0.4341,0.1063
11210,Brilhante & Intenso,0.1824,0.321,0.365,0.1316
18812,Quente & Encorpado,0.1604,0.403,0.2999,0.1368
11647,Dinamico & Contrastante,0.2957,0.2182,0.2043,0.2818
12715,Quente & Encorpado,0.2458,0.3266,0.2511,0.1765
11039,Brilhante & Intenso,0.2196,0.2132,0.452,0.1152
16761,Brilhante & Intenso,0.2352,0.2277,0.4088,0.1284
11777,Brilhante & Intenso,0.1516,0.2801,0.4657,0.1027
18502,Pulsante & Sombrio,0.249,0.1501,0.1461,0.4548
1468,Dinamico & Contrastante,0.2964,0.2526,0.1749,0.2761
10732,Quente & Encorpado,0.1459,0.4479,0.2168,0.1894
10479,Quente & Encorpado,0.219,0.3021,0.3019,0.177
15176,Quente & Encorpado,0.1422,0.4172,0.2156,0.2249
15288,Brilhante & Intenso,0.2194,0.2497,0.3288,0.202
18290,Pulsante & Sombrio,0.2727,0.2385,0.176,0.3128
19936,Brilhante & Intenso,0.2016,0.2549,0.3794,0.1641
17153,Dinamico & Contrastante,0.3523,0.2008,0.2868,0.16
13605,Brilhante & Intenso,0.2968,0.2367,0.3062,0.1603
19964,Brilhante & Intenso,0.2488,0.2056,0.448,0.0976
16198,Brilhante & Intenso,0.2952,0.199,0.3775,0.1284
11149,Brilhante & Intenso,0.1866,0.3205,0.379,0.1139
12482,Pulsante & Sombrio,0.3041,0.1631,0.1368,0.396
12273,Brilhante & Intenso,0.2211,0.2897,0.3374,0.1518
12668,Brilhante & Intenso,0.238,0.2686,0.3137,0.1797
22128,Brilhante & Intenso,0.2079,0.2691,0.39,0.133
1260,Quente & Encorpado,0.1826,0.3989,0.1899,0.2287
19670,Pulsante & Sombrio,0.322,0.1786,0.1402,0.3592
11038,Pulsante & Sombrio,0.2535,0.2127,0.1413,0.3925
12850,Pulsante & Sombrio,0.2072,0.2117,0.1543,0.4268
13290,Dinamico & Contrastante,0.3379,0.193,0.2937,0.1755
16070,Quente & Encorpado,0.2161,0.2997,0.243,0.2412
14795,Pulsante & Sombrio,0.3104,0.1716,0.1278,0.3901
16647,Quente & Encorpado,0.1915,0.412,0.2135,0.183
16226,Pulsante & Sombrio,0.2202,0.2054,0.167,0.4074
12558,Brilhante & Intenso,0.2811,0.2347,0.353,0.1312
2181,Brilhante & Intenso,0.1474,0.3225,0.412,0.118
12217,Pulsante & Sombrio,0.1808,0.3237,0.1683,0.3272
13421,Pulsante & Sombrio,0.2247,0.2315,0.1415,0.4023
3191,Quente & Encorpado,0.1779,0.378,0.2893,0.1549
10056,Quente & Encorpado,0.2184,0.3221,0.2943,0.1653
2107,Pulsante & Sombrio,0.3071,0.1514,0.1459,0.3956
15567,Quente & Encorpado,0.2199,0.3046,0.2421,0.2334
14994,Quente & Encorpado,0.2419,0.2947,0.1905,0.2729
10921,Quente & Encorpado,0.2914,0.2933,0.2312,0.1841
12072,Quente & Encorpado,0.1946,0.3165,0.3057,0.1832
17336,Quente & Encorpado,0.2105,0.3217,0.2402,0.2275
15732,Quente & Encorpado,0.1873,0.3447,0.3304,0.1376
12031,Dinamico & Contrastante,0.3313,0.1827,0.2585,0.2275
11004,Quente & Encorpado,0.2344,0.3198,0.2003,0.2455
10571,Brilhante & Intenso,0.1792,0.2457,0.4547,0.1203
1350,Pulsante & Sombrio,0.1526,0.3061,0.1386,0.4027
4027,Pulsante & Sombrio,0.2899,0.2077,0.184,0.3184
13536,Brilhante & Intenso,0.2095,0.2277,0.4409,0.1219
10596,Dinamico & Contrastante,0.3562,0.1797,0.2958,0.1682
12824,Quente & Encorpado,0.2306,0.3406,0.2671,0.1617
3534,Dinamico & Contrastante,0.3114,0.2475,0.1966,0.2445
3603,Brilhante & Intenso,0.2374,0.2511,0.3386,0.1728
16034,Dinamico & Contrastante,0.4274,0.1677,0.2653,0.1396
11885,Dinamico & Contrastante,0.3207,0.2113,0.1895,0.2785
10148,Brilhante & Intenso,0.2727,0.2484,0.3301,0.1488
12825,Quente & Encorpado,0.1628,0.4234,0.2408,0.1729
20484,Quente & Encorpado,0.1836,0.4026,0.2075,0.2063
10628,Dinamico & Contrastante,0.4193,0.1679,0.2207,0.1921
12121,Pulsante & Sombrio,0.2942,0.2079,0.1539,0.344
11891,Dinamico & Contrastante,0.3747,0.168,0.1549,0.3024
15834,Quente & Encorpado,0.2544,0.3335,0.2201,0.1919
12737,Quente & Encorpado,0.1724,0.4335,0.2073,0.1868
20475,Pulsante & Sombrio,0.2494,0.2193,0.2469,0.2844
17607,Dinamico & Contrastante,0.3678,0.2192,0.2207,0.1924
17566,Pulsante & Sombrio,0.2647,0.2066,0.2145,0.3142
16558,Dinamico & Contrastante,0.2966,0.212,0.2377,0.2537
20294,Brilhante & Intenso,0.2469,0.2433,0.3824,0.1274
10820,Brilhante & Intenso,0.167,0.3248,0.3891,0.1192
11507,Dinamico & Contrastante,0.4869,0.1337,0.1663,0.2131
20974,Brilhante & Intenso,0.2073,0.3268,0.3345,0.1314
12214,Dinamico & Contrastante,0.2722,0.2368,0.2464,0.2446
19116,Quente & Encorpado,0.1679,0.3513,0.2446,0.2361
12326,Quente & Encorpado,0.172,0.3955,0.2656,0.167
10310,Brilhante & Intenso,0.2624,0.1755,0.4363,0.1258
6663,Pulsante & Sombrio,0.3029,0.1772,0.1621,0.3577
20853,Pulsante & Sombrio,0.193,0.2457,0.1661,0.3952
19560,Brilhante & Intenso,0.2715,0.2227,0.3547,0.1511
20946,Quente & Encorpado,0.1556,0.4257,0.2719,0.1468
1357,Quente & Encorpado,0.2388,0.2577,0.2525,0.251
12889,Pulsante & Sombrio,0.221,0.1766,0.1675,0.4349
19978,Pulsante & Sombrio,0.2924,0.2195,0.1927,0.2954
9867,Quente & Encorpado,0.2523,0.2828,0.251,0.2138
22443,Brilhante & Intenso,0.194,0.2641,0.3871,0.1548
10295,Brilhante & Intenso,0.2435,0.3006,0.314,0.142
10055,Dinamico & Contrastante,0.3467,0.1713,0.2116,0.2703
15631,Quente & Encorpado,0.2701,0.2878,0.2583,0.1839
20103,Brilhante & Intenso,0.1909,0.313,0.3666,0.1295
13010,Pulsante & Sombrio,0.221,0.2372,0.1998,0.3419
20232,Quente & Encorpado,0.1798,0.3889,0.2462,0.1852
16997,Pulsante & Sombrio,0.1663,0.2938,0.1753,0.3646
12055,Pulsante & Sombrio,0.3155,0.1577,0.143,0.3838
10816,Brilhante & Intenso,0.2033,0.2885,0.3703,0.1378
12601,Quente & Encorpado,0.1932,0.397,0.2304,0.1795
15247,Brilhante & Intenso,0.2501,0.2421,0.3651,0.1427
15311,Pulsante & Sombrio,0.2039,0.2006,0.1455,0.45
21826,Dinamico & Contrastante,0.3022,0.2895,0.2373,0.171
20989,Dinamico & Contrastante,0.432,0.1988,0.1986,0.1707
11633,Pulsante & Sombrio,0.2545,0.173,0.1248,0.4478
16392,Brilhante & Intenso,0.2676,0.2106,0.2823,0.2394
10742,Brilhante & Intenso,0.2263,0.2185,0.4122,0.143
17926,Brilhante & Intenso,0.2434,0.2762,0.292,0.1885
10361,Quente & Encorpado,0.1565,0.3848,0.3262,0.1324
18626,Dinamico & Contrastante,0.3375,0.1711,0.1751,0.3163
17917,Brilhante & Intenso,0.1933,0.2429,0.421,0.1428
19080,Quente & Encorpado,0.2543,0.2839,0.2689,0.1928
16220,Dinamico & Contrastante,0.3415,0.2165,0.1702,0.2718
22434,Quente & Encorpado,0.147,0.4435,0.3002,0.1093
12369,Dinamico & Contrastante,0.456,0.147,0.2858,0.1112
2862,Brilhante & Intenso,0.1865,0.2493,0.4651,0.0992
20784,Pulsante & Sombrio,0.207,0.2174,0.1621,0.4135
18411,Quente & Encorpado,0.2179,0.3108,0.3046,0.1667
17932,Dinamico & Contrastante,0.3147,0.1817,0.2022,0.3014
21087,Quente & Encorpado,0.1781,0.3936,0.2111,0.2172
10585,Pulsante & Sombrio,0.2416,0.2251,0.2229,0.3103
2967,Brilhante & Intenso,0.1591,0.2095,0.5306,0.1007
18685,Brilhante & Intenso,0.2039,0.2221,0.4558,0.1182
16883,Pulsante & Sombrio,0.1915,0.2895,0.1546,0.3645
10584,Brilhante & Intenso,0.1789,0.2072,0.5103,0.1035
16757,Quente & Encorpado,0.1673,0.4397,0.2723,0.1206
12241,Pulsante & Sombrio,0.2747,0.2132,0.2235,0.2886
13256,Dinamico & Contrastante,0.3604,0.158,0.2153,0.2662
18949,Quente & Encorpado,0.2212,0.2924,0.2411,0.2454
18161,Pulsante & Sombrio,0.2045,0.188,0.1305,0.477
12787,Dinamico & Contrastante,0.3066,0.251,0.2171,0.2253
15209,Brilhante & Intenso,0.1518,0.2337,0.5199,0.0946
10749,Pulsante & Sombrio,0.1837,0.1924,0.1149,0.5089
3018,Brilhante & Intenso,0.2116,0.2616,0.3978,0.129
21378,Brilhante & Intenso,0.1586,0.345,0.3551,0.1413
12275,Pulsante & Sombrio,0.1868,0.2062,0.1386,0.4684
16650,Quente & Encorpado,0.2358,0.3571,0.2922,0.1149
18760,Brilhante & Intenso,0.2206,0.1803,0.4737,0.1255
21262,Pulsante & Sombrio,0.252,0.2417,0.1559,0.3504
3281,Pulsante & Sombrio,0.2142,0.166,0.1279,0.4919
17013,Brilhante & Intenso,0.1707,0.3075,0.4064,0.1154
21800,Quente & Encorpado,0.2014,0.3339,0.3329,0.1318
22129,Brilhante & Intenso,0.2527,0.2689,0.3409,0.1374
2216,Brilhante & Intenso,0.262,0.213,0.3859,0.1391
10251,Quente & Encorpado,0.2295,0.3396,0.2679,0.163
16699,Brilhante & Intenso,0.2839,0.2378,0.3042,0.174
21790,Brilhante & Intenso,0.1928,0.1714,0.5433,0.0925
17539,Quente & Encorpado,0.2545,0.3295,0.2003,0.2157
15779,Quente & Encorpado,0.1908,0.4157,0.2469,0.1467
18997,Dinamico & Contrastante,0.3952,0.1807,0.1574,0.2667
20261,Dinamico & Contrastante,0.3026,0.2009,0.1987,0.2978
4146,Pulsante & Sombrio,0.2403,0.2532,0.1694,0.3371
17344,Quente & Encorpado,0.1965,0.3396,0.2115,0.2525
15511,Brilhante & Intenso,0.1872,0.262,0.421,0.1298
12094,Dinamico & Contrastante,0.3551,0.1963,0.2174,0.2313
17844,Pulsante & Sombrio,0.2481,0.2605,0.21,0.2814
19265,Brilhante & Intenso,0.1947,0.2159,0.4658,0.1235
13107,Pulsante & Sombrio,0.2399,0.2835,0.1721,0.3046
19496,Dinamico & Contrastante,0.4234,0.1648,0.255,0.1568
2799,Quente & Encorpado,0.2079,0.3172,0.2052,0.2697
4123,Brilhante & Intenso,0.2783,0.2166,0.3127,0.1924
15181,Pulsante & Sombrio,0.2028,0.2675,0.2279,0.3018
19045,Brilhante & Intenso,0.2701,0.2688,0.2971,0.164
17906,Pulsante & Sombrio,0.1799,0.2911,0.182,0.3471
10106,Dinamico & Contrastante,0.3759,0.1889,0.2514,0.1838
15879,Brilhante & Intenso,0.1332,0.367,0.3872,0.1126
20020,Quente & Encorpado,0.1488,0.4026,0.2892,0.1594
3523,Brilhante & Intenso,0.1994,0.2696,0.3306,0.2004
10765,Quente & Encorpado,0.1727,0.3337,0.3287,0.1649
20968,Brilhante & Intenso,0.1554,0.1755,0.5831,0.0861
11687,Quente & Encorpado,0.1767,0.3824,0.2361,0.2048
9874,Quente & Encorpado,0.1044,0.4999,0.3,0.0957
21572,Pulsante & Sombrio,0.1727,0.3042,0.1826,0.3405
2037,Dinamico & Contrastante,0.4788,0.1578,0.1925,0.1709
13044,Brilhante & Intenso,0.1781,0.1951,0.5295,0.0973
20048,Brilhante & Intenso,0.14,0.244,0.5173,0.0986
14975,Dinamico & Contrastante,0.4494,0.1427,0.1714,0.2364
21523,Brilhante & Intenso,0.1959,0.2148,0.4622,0.1271
9925,Dinamico & Contrastante,0.3825,0.1867,0.1505,0.2802
18340,Pulsante & Sombrio,0.1772,0.2475,0.1464,0.4288
17158,Dinamico & Contrastante,0.3822,0.1845,0.1882,0.245
16030,Pulsante & Sombrio,0.2096,0.2901,0.1831,0.3172
17676,Quente & Encorpado,0.1747,0.3488,0.337,0.1394
3421,Quente & Encorpado,0.2508,0.3085,0.2544,0.1862
22057,Dinamico & Contrastante,0.4113,0.1951,0.2495,0.1441
18639,Quente & Encorpado,0.1643,0.4692,0.192,0.1744
1769,Brilhante & Intenso,0.2266,0.3208,0.3314,0.1212
20962,Dinamico & Contrastante,0.3458,0.1627,0.1527,0.3388
16478,Brilhante & Intenso,0.1554,0.3411,0.3795,0.124
18487,Brilhante & Intenso,0.1971,0.2677,0.4178,0.1174
2825,Brilhante & Intenso,0.324,0.1672,0.3725,0.1364
11800,Quente & Encorpado,0.2132,0.3183,0.2733,0.1952
12215,Pulsante & Sombrio,0.3092,0.17,0.1553,0.3655
11831,Brilhante & Intenso,0.1889,0.2277,0.4686,0.1148
19155,Pulsante & Sombrio,0.2664,0.228,0.2264,0.2793
15094,Pulsante & Sombrio,0.2864,0.1865,0.2079,0.3192
20709,Brilhante & Intenso,0.2363,0.2179,0.431,0.1148
12551,Brilhante & Intenso,0.2168,0.2748,0.3465,0.1619
12722,Brilhante & Intenso,0.298,0.2167,0.3192,0.166
20610,Pulsante & Sombrio,0.1835,0.3115,0.1721,0.3328
3333,Dinamico & Contrastante,0.3799,0.1975,0.1757,0.2469
2953,Quente & Encorpado,0.1892,0.347,0.2382,0.2255
11329,Brilhante & Intenso,0.16,0.2761,0.4502,0.1136
17941,Pulsante & Sombrio,0.1937,0.2695,0.179,0.3577
20329,Quente & Encorpado,0.1508,0.4331,0.2785,0.1376
1899,Pulsante & Sombrio,0.2699,0.1642,0.1411,0.4247
16323,Brilhante & Intenso,0.152,0.3414,0.3603,0.1463
3882,Dinamico & Contrastante,0.3673,0.1914,0.1651,0.2761
2939,Pulsante & Sombrio,0.2515,0.1996,0.1579,0.391
16517,Quente & Encorpado,0.235,0.3445,0.1887,0.2318
18313,Dinamico & Contrastante,0.3167,0.2107,0.1625,0.3101
15886,Dinamico & Contrastante,0.3729,0.1684,0.246,0.2126
13255,Dinamico & Contrastante,0.2801,0.2701,0.2704,0.1795
16629,Dinamico & Contrastante,0.3848,0.1851,0.2704,0.1597
19574,Quente & Encorpado,0.1336,0.5609,0.1694,0.1362
9688,Dinamico & Contrastante,0.3496,0.2426,0.2276,0.1802
15466,Pulsante & Sombrio,0.2044,0.1956,0.1378,0.4621
22112,Brilhante & Intenso,0.1424,0.2276,0.5418,0.0882
18460,Pulsante & Sombrio,0.1808,0.2801,0.1431,0.396
12997,Quente & Encorpado,0.1822,0.4044,0.2857,0.1278
11451,Quente & Encorpado,0.1362,0.4079,0.3316,0.1243
17136,Pulsante & Sombrio,0.1999,0.2931,0.1926,0.3145
18118,Brilhante & Intenso,0.1761,0.2952,0.3881,0.1405
10059,Dinamico & Contrastante,0.357,0.1616,0.1758,0.3055
13161,Brilhante & Intenso,0.2382,0.1642,0.4984,0.0992
10878,Pulsante & Sombrio,0.2719,0.2219,0.1421,0.3641
21935,Pulsante & Sombrio,0.27,0.1554,0.1104,0.4641
3406,Dinamico & Contrastante,0.4128,0.2101,0.222,0.1551
22180,Brilhante & Intenso,0.1254,0.2138,0.5606,0.1002
17731,Dinamico & Contrastante,0.4635,0.1401,0.2314,0.1649
10470,Brilhante & Intenso,0.1515,0.3286,0.3969,0.123
16525,Quente & Encorpado,0.1478,0.5079,0.1937,0.1507
11965,Quente & Encorpado,0.2288,0.3138,0.1747,0.2827
18767,Pulsante & Sombrio,0.2335,0.1707,0.1262,0.4696
12211,Quente & Encorpado,0.1929,0.3101,0.2614,0.2356
16200,Quente & Encorpado,0.1895,0.3241,0.1679,0.3185
1332,Pulsante & Sombrio,0.2215,0.2461,0.2362,0.2963
15537,Quente & Encorpado,0.1553,0.4311,0.2139,0.1997
18394,Pulsante & Sombrio,0.198,0.2077,0.1654,0.4289
11097,Quente & Encorpado,0.2114,0.3926,0.2694,0.1267
18813,Quente & Encorpado,0.2005,0.3079,0.2387,0.2529
22564,Dinamico & Contrastante,0.3648,0.1988,0.1915,0.2448
13135,Dinamico & Contrastante,0.3125,0.2462,0.2947,0.1467
3822,Pulsante & Sombrio,0.2566,0.2305,0.1698,0.3431
14952,Dinamico & Contrastante,0.3899,0.1901,0.1827,0.2373
15866,Quente & Encorpado,0.2171,0.3656,0.2649,0.1524
1370,Dinamico & Contrastante,0.3767,0.2332,0.2056,0.1845
14857,Quente & Encorpado,0.2901,0.2955,0.186,0.2284
11204,Brilhante & Intenso,0.2887,0.2402,0.2913,0.1797
16072,Brilhante & Intenso,0.1466,0.2999,0.4625,0.091
15139,Pulsante & Sombrio,0.209,0.2136,0.1724,0.405
16305,Quente & Encorpado,0.208,0.3336,0.2031,0.2553
11458,Brilhante & Intenso,0.1538,0.2985,0.4298,0.1178
18962,Brilhante & Intenso,0.239,0.2695,0.3284,0.1631
15207,Brilhante & Intenso,0.2058,0.2536,0.4372,0.1034
3682,Quente & Encorpado,0.2427,0.3761,0.1973,0.1839
4248,Brilhante & Intenso,0.1853,0.2828,0.4009,0.1311
11076,Quente & Encorpado,0.1704,0.326,0.3019,0.2017
17084,Brilhante & Intenso,0.239,0.2946,0.2992,0.1672
19364,Brilhante & Intenso,0.1484,0.2067,0.5378,0.1071
17224,Brilhante & Intenso,0.1757,0.2455,0.4823,0.0965
13452,Quente & Encorpado,0.2269,0.3406,0.1854,0.2471
12345,Pulsante & Sombrio,0.2442,0.2631,0.1927,0.3
17796,Dinamico & Contrastante,0.379,0.1722,0.2451,0.2037
5605,Quente & Encorpado,0.1935,0.3397,0.3352,0.1316
3832,Dinamico & Contrastante,0.2938,0.2529,0.2683,0.185
15888,Brilhante & Intenso,0.2137,0.1987,0.4445,0.1431
13292,Dinamico & Contrastante,0.3707,0.1705,0.2808,0.1779
21558,Dinamico & Contrastante,0.3147,0.2318,0.2083,0.2452
11146,Brilhante & Intenso,0.2153,0.2271,0.3837,0.174
19896,Brilhante & Intenso,0.2802,0.2039,0.3926,0.1232
11915,Dinamico & Contrastante,0.3356,0.2329,0.2094,0.2221
17151,Dinamico & Contrastante,0.3324,0.1869,0.2372,0.2435
10034,Brilhante & Intenso,0.2073,0.2227,0.4625,0.1076
12631,Brilhante & Intenso,0.227,0.2424,0.393,0.1376
11615,Quente & Encorpado,0.2074,0.338,0.2107,0.2439
21200,Dinamico & Contrastante,0.2722,0.2654,0.2171,0.2453
19892,Dinamico & Contrastante,0.3476,0.1988,0.1561,0.2975
21583,Pulsante & Sombrio,0.1818,0.2872,0.1872,0.3438
19604,Quente & Encorpado,0.2439,0.3316,0.2489,0.1755
20820,Quente & Encorpado,0.2631,0.3012,0.2589,0.1768
6861,Pulsante & Sombrio,0.2933,0.18,0.1842,0.3425
15256,Quente & Encorpado,0.2775,0.2782,0.2287,0.2156
15836,Pulsante & Sombrio,0.1753,0.2418,0.1614,0.4216
1508,Pulsante & Sombrio,0.2307,0.2344,0.1382,0.3966
18729,Dinamico & Contrastante,0.2825,0.2791,0.1687,0.2697
16545,Brilhante & Intenso,0.2263,0.2354,0.3614,0.177
3399,Quente & Encorpado,0.179,0.3549,0.3133,0.1528
14884,Dinamico & Contrastante,0.3066,0.2361,0.2929,0.1645
4247,Pulsante & Sombrio,0.1849,0.3192,0.1753,0.3207
10719,Pulsante & Sombrio,0.2773,0.1929,0.2043,0.3255
1905,Quente & Encorpado,0.1753,0.3922,0.2967,0.1358
13008,Brilhante & Intenso,0.1969,0.2836,0.3059,0.2136
18477,Brilhante & Intenso,0.2069,0.3082,0.3688,0.1161
17638,Dinamico & Contrastante,0.3175,0.268,0.2339,0.1805
9800,Quente & Encorpado,0.2344,0.3199,0.2686,0.1771
3416,Dinamico & Contrastante,0.3467,0.2239,0.1927,0.2367
13175,Quente & Encorpado,0.2647,0.3216,0.2429,0.1708
21465,Dinamico & Contrastante,0.3271,0.1957,0.3,0.1772
10966,Brilhante & Intenso,0.2099,0.2413,0.3787,0.1701
21131,Quente & Encorpado,0.1857,0.3243,0.237,0.253
20682,Pulsante & Sombrio,0.2097,0.1947,0.158,0.4375
18075,Brilhante & Intenso,0.2199,0.2126,0.4496,0.118
14899,Brilhante & Intenso,0.2576,0.2016,0.4074,0.1335
19050,Quente & Encorpado,0.1592,0.464,0.2287,0.148
19747,Brilhante & Intenso,0.2456,0.2676,0.3564,0.1303
1641,Quente & Encorpado,0.1472,0.4612,0.2084,0.1833
12478,Dinamico & Contrastante,0.3496,0.2074,0.1723,0.2707
10253,Pulsante & Sombrio,0.1888,0.1546,0.1053,0.5513
9798,Brilhante & Intenso,0.2359,0.2201,0.3283,0.2158
2989,Dinamico & Contrastante,0.2793,0.2687,0.2551,0.1969
15985,Pulsante & Sombrio,0.1569,0.2788,0.1388,0.4255
18445,Pulsante & Sombrio,0.2098,0.2245,0.1723,0.3934
10694,Pulsante & Sombrio,0.2741,0.1674,0.1265,0.4319
19678,Pulsante & Sombrio,0.2289,0.2404,0.1563,0.3744
1271,Dinamico & Contrastante,0.3704,0.2097,0.2074,0.2125
6184,Dinamico & Contrastante,0.3832,0.1813,0.1875,0.248
16732,Dinamico & Contrastante,0.3678,0.1818,0.2084,0.242
20617,Quente & Encorpado,0.2136,0.3255,0.2188,0.242
19633,Quente & Encorpado,0.2067,0.3168,0.1725,0.304
21531,Brilhante & Intenso,0.2385,0.2308,0.3288,0.2018
19771,Pulsante & Sombrio,0.2285,0.2199,0.1857,0.3659
12272,Pulsante & Sombrio,0.2085,0.1884,0.1461,0.4571
13299,Brilhante & Intenso,0.2381,0.24,0.3159,0.206
10422,Quente & Encorpado,0.2911,0.2965,0.2235,0.1888
20448,Brilhante & Intenso,0.1942,0.2942,0.4044,0.1072
9839,Pulsante & Sombrio,0.1921,0.2877,0.205,0.3152
2340,Brilhante & Intenso,0.1921,0.2799,0.3142,0.2137
15378,Pulsante & Sombrio,0.276,0.2055,0.1821,0.3365
3371,Brilhante & Intenso,0.1558,0.1969,0.5526,0.0947
11632,Brilhante & Intenso,0.238,0.2826,0.2923,0.1871
18159,Brilhante & Intenso,0.2284,0.2762,0.3349,0.1605
19957,Quente & Encorpado,0.1619,0.3938,0.2739,0.1704
16470,Dinamico & Contrastante,0.2934,0.2249,0.2682,0.2135
12263,Pulsante & Sombrio,0.2232,0.2792,0.163,0.3346
3841,Brilhante & Intenso,0.1749,0.2469,0.4562,0.122
22527,Brilhante & Intenso,0.2021,0.2955,0.3024,0.2
10053,Dinamico & Contrastante,0.4837,0.1409,0.1781,0.1973
10582,Quente & Encorpado,0.1832,0.3439,0.2025,0.2704
17494,Brilhante & Intenso,0.2928,0.1845,0.4083,0.1143
11723,Quente & Encorpado,0.1825,0.3368,0.3135,0.1672
11601,Dinamico & Contrastante,0.3232,0.2172,0.1879,0.2717
19180,Quente & Encorpado,0.2264,0.346,0.2264,0.2012
19489,Brilhante & Intenso,0.1715,0.3045,0.388,0.136
21897,Quente & Encorpado,0.1693,0.3692,0.3584,0.1031
12299,Brilhante & Intenso,0.1756,0.2829,0.4347,0.1067
16553,Brilhante & Intenso,0.275,0.1961,0.3956,0.1333
16093,Brilhante & Intenso,0.2328,0.2297,0.401,0.1365
15805,Brilhante & Intenso,0.2379,0.1856,0.452,0.1245
15984,Brilhante & Intenso,0.1849,0.2699,0.437,0.1082
16836,Dinamico & Contrastante,0.3498,0.2068,0.307,0.1364
19811,Quente & Encorpado,0.2238,0.3304,0.2894,0.1565
10861,Pulsante & Sombrio,0.2062,0.1771,0.1268,0.4899
9865,Brilhante & Intenso,0.1964,0.2451,0.4252,0.1333
11267,Brilhante & Intenso,0.1906,0.2731,0.3804,0.156
16535,Brilhante & Intenso,0.2129,0.24,0.4345,0.1125
13449,Brilhante & Intenso,0.2151,0.2361,0.3981,0.1507
22037,Pulsante & Sombrio,0.2489,0.1923,0.1506,0.4083
19088,Dinamico & Contrastante,0.3938,0.1923,0.2775,0.1364
18084,Dinamico & Contrastante,0.3591,0.1899,0.2528,0.1982
14986,Dinamico & Contrastante,0.3103,0.2242,0.2777,0.1878
21859,Dinamico & Contrastante,0.3285,0.2134,0.3005,0.1576
16178,Brilhante & Intenso,0.2048,0.2588,0.2728,0.2635
20153,Pulsante & Sombrio,0.2745,0.2017,0.1405,0.3833
5751,Brilhante & Intenso,0.2105,0.2147,0.4579,0.117
17135,Quente & Encorpado,0.2482,0.2942,0.2329,0.2247
12690,Quente & Encorpado,0.1512,0.4534,0.2306,0.1648
10420,Brilhante & Intenso,0.1665,0.2705,0.4533,0.1098
10882,Dinamico & Contrastante,0.4834,0.1455,0.1806,0.1905
21368,Brilhante & Intenso,0.2814,0.2648,0.2905,0.1633
21739,Pulsante & Sombrio,0.2308,0.1915,0.1663,0.4114
18659,Dinamico & Contrastante,0.3661,0.1776,0.2785,0.1778
19695,Dinamico & Contrastante,0.3317,0.1895,0.1593,0.3195
12408,Dinamico & Contrastante,0.3411,0.1932,0.2686,0.197
3243,Dinamico & Contrastante,0.3967,0.2319,0.208,0.1634
20371,Brilhante & Intenso,0.2838,0.2399,0.3276,0.1488
10741,Pulsante & Sombrio,0.203,0.2669,0.2364,0.2937
13314,Dinamico & Contrastante,0.3678,0.175,0.2359,0.2212
15574,Pulsante & Sombrio,0.3107,0.194,0.1723,0.323
21177,Brilhante & Intenso,0.2025,0.2234,0.4659,0.1082
3143,Dinamico & Contrastante,0.4049,0.1641,0.1772,0.2538
21112,Brilhante & Intenso,0.1663,0.2286,0.4977,0.1074
14862,Dinamico & Contrastante,0.3816,0.2178,0.214,0.1866
16233,Brilhante & Intenso,0.147,0.2023,0.5575,0.0932
3574,Dinamico & Contrastante,0.3834,0.2255,0.1703,0.2207
2101,Pulsante & Sombrio,0.2441,0.2417,0.2057,0.3085
18286,Brilhante & Intenso,0.2289,0.1834,0.4853,0.1023
12421,Quente & Encorpado,0.2042,0.3285,0.271,0.1963
12560,Brilhante & Intenso,0.1666,0.2353,0.4982,0.0999
17533,Quente & Encorpado,0.1751,0.3646,0.3263,0.134
3376,Quente & Encorpado,0.2421,0.3472,0.1713,0.2394
17997,Brilhante & Intenso,0.2461,0.2599,0.3383,0.1556
19949,Quente & Encorpado,0.1749,0.3161,0.2579,0.251
16457,Brilhante & Intenso,0.1319,0.3339,0.4166,0.1176
11652,Brilhante & Intenso,0.2543,0.2486,0.3002,0.1968
19295,Brilhante & Intenso,0.313,0.2019,0.3309,0.1542
16190,Brilhante & Intenso,0.224,0.219,0.416,0.141
18926,Brilhante & Intenso,0.2104,0.208,0.4531,0.1285
12828,Dinamico & Contrastante,0.2871,0.2581,0.1765,0.2783
10279,Quente & Encorpado,0.1844,0.375,0.27,0.1705
11794,Brilhante & Intenso,0.2396,0.2096,0.4043,0.1466
16822,Quente & Encorpado,0.2289,0.3026,0.1798,0.2887
2559,Quente & Encorpado,0.1968,0.4403,0.2154,0.1475
13345,Brilhante & Intenso,0.1707,0.2768,0.411,0.1415
20999,Brilhante & Intenso,0.231,0.2086,0.4016,0.1588
19059,Dinamico & Contrastante,0.4341,0.1574,0.2018,0.2067
12153,Quente & Encorpado,0.1986,0.3459,0.3073,0.1482
22091,Quente & Encorpado,0.1401,0.4506,0.1715,0.2378
3943,Brilhante & Intenso,0.2395,0.2522,0.3824,0.1259
18581,Brilhante & Intenso,0.1761,0.3266,0.3492,0.1481
10718,Brilhante & Intenso,0.1171,0.2472,0.5437,0.092
12467,Dinamico & Contrastante,0.3326,0.2099,0.2314,0.2261
21880,Brilhante & Intenso,0.2532,0.1783,0.4142,0.1543
12437,Pulsante & Sombrio,0.2431,0.21,0.1678,0.3791
9694,Quente & Encorpado,0.1313,0.501,0.2141,0.1536
11705,Brilhante & Intenso,0.151,0.2895,0.4546,0.105
11935,Quente & Encorpado,0.1639,0.3738,0.2251,0.2373
22026,Brilhante & Intenso,0.1604,0.2856,0.4491,0.1049
19895,Dinamico & Contrastante,0.3108,0.2132,0.2913,0.1848
13275,Brilhante & Intenso,0.2092,0.1994,0.4846,0.1068
15995,Dinamico & Contrastante,0.3254,0.2078,0.3132,0.1536
10142,Pulsante & Sombrio,0.3045,0.1912,0.181,0.3232
12724,Brilhante & Intenso,0.2485,0.2876,0.3178,0.146
21808,Dinamico & Contrastante,0.3335,0.1824,0.2218,0.2623
11936,Dinamico & Contrastante,0.3506,0.205,0.1963,0.2481
9762,Quente & Encorpado,0.1797,0.3919,0.3111,0.1173
21698,Quente & Encorpado,0.235,0.3169,0.2652,0.1828
7346,Dinamico & Contrastante,0.3426,0.163,0.1656,0.3288
12366,Quente & Encorpado,0.2152,0.3496,0.2635,0.1717
18173,Brilhante & Intenso,0.2459,0.2911,0.2971,0.1658
12103,Brilhante & Intenso,0.1969,0.2238,0.4471,0.1322
20339,Brilhante & Intenso,0.1856,0.3134,0.3741,0.1269
12040,Brilhante & Intenso,0.3176,0.191,0.323,0.1685
12349,Quente & Encorpado,0.1561,0.4311,0.2418,0.171
3666,Dinamico & Contrastante,0.421,0.1567,0.1826,0.2397
12232,Brilhante & Intenso,0.1635,0.2196,0.502,0.1148
17827,Quente & Encorpado,0.1567,0.3671,0.3219,0.1543
19347,Quente & Encorpado,0.2081,0.3283,0.2827,0.1809
20754,Brilhante & Intenso,0.2763,0.2352,0.3136,0.1748
12574,Dinamico & Contrastante,0.3293,0.1793,0.1909,0.3005
17540,Pulsante & Sombrio,0.2385,0.2496,0.22,0.292
14922,Brilhante & Intenso,0.1831,0.2198,0.4809,0.1161
2558,Brilhante & Intenso,0.149,0.3077,0.4297,0.1136
17351,Brilhante & Intenso,0.3128,0.1594,0.4061,0.1217
21654,Brilhante & Intenso,0.1568,0.317,0.4124,0.1137
17822,Brilhante & Intenso,0.2447,0.1666,0.4947,0.094
19661,Brilhante & Intenso,0.164,0.318,0.3897,0.1283
21701,Brilhante & Intenso,0.2789,0.1745,0.4062,0.1403
16091,Brilhante & Intenso,0.1914,0.2045,0.4884,0.1157
22149,Dinamico & Contrastante,0.3432,0.2099,0.2747,0.1722
16377,Quente & Encorpado,0.1572,0.3524,0.2317,0.2587
12107,Quente & Encorpado,0.2206,0.3199,0.2601,0.1994
11779,Brilhante & Intenso,0.1739,0.3032,0.3915,0.1315
13232,Dinamico & Contrastante,0.4017,0.1987,0.2275,0.1721
22431,Brilhante & Intenso,0.2802,0.1873,0.3943,0.1383
12679,Brilhante & Intenso,0.2269,0.2721,0.3456,0.1555
16289,Brilhante & Intenso,0.2247,0.2232,0.4057,0.1464
20624,Quente & Encorpado,0.2884,0.292,0.242,0.1776
19600,Pulsante & Sombrio,0.2463,0.2597,0.1692,0.3249
16241,Pulsante & Sombrio,0.2142,0.2307,0.1737,0.3814
2062,Brilhante & Intenso,0.1523,0.2945,0.4501,0.1031
19021,Brilhante & Intenso,0.2167,0.1858,0.4799,0.1176
15964,Dinamico & Contrastante,0.3194,0.1892,0.2615,0.2299
6933,Pulsante & Sombrio,0.2805,0.1812,0.1798,0.3584
15655,Pulsante & Sombrio,0.2747,0.1955,0.2457,0.284
18912,Dinamico & Contrastante,0.3174,0.2155,0.2212,0.2458
3215,Brilhante & Intenso,0.1738,0.3343,0.3673,0.1246
16869,Brilhante & Intenso,0.1979,0.1881,0.5065,0.1075
19864,Dinamico & Contrastante,0.3748,0.2071,0.2391,0.179
17565,Pulsante & Sombrio,0.27,0.1926,0.2023,0.3351
13136,Dinamico & Contrastante,0.4113,0.1681,0.1954,0.2252
10419,Brilhante & Intenso,0.1854,0.1921,0.5113,0.1112
18579,Quente & Encorpado,0.217,0.3219,0.2516,0.2095
22249,Brilhante & Intenso,0.1426,0.2632,0.4795,0.1147
20869,Quente & Encorpado,0.2524,0.2988,0.242,0.2069
2603,Brilhante & Intenso,0.195,0.2597,0.4053,0.14
17976,Brilhante & Intenso,0.1958,0.2095,0.4917,0.1031
18809,Brilhante & Intenso,0.1566,0.2508,0.5064,0.0862
21652,Quente & Encorpado,0.2254,0.3043,0.2399,0.2303
12096,Brilhante & Intenso,0.2092,0.2686,0.3763,0.1459
11525,Pulsante & Sombrio,0.2991,0.1644,0.1327,0.4039
22557,Brilhante & Intenso,0.2211,0.2902,0.3656,0.1231
17833,Pulsante & Sombrio,0.2308,0.2845,0.1876,0.2972
20674,Quente & Encorpado,0.1563,0.4124,0.2538,0.1776
22203,Quente & Encorpado,0.2459,0.2552,0.2495,0.2494
20030,Pulsante & Sombrio,0.3095,0.2144,0.1599,0.3162
2372,Brilhante & Intenso,0.2291,0.2842,0.3141,0.1727
15278,Quente & Encorpado,0.1511,0.4251,0.202,0.2218
18087,Quente & Encorpado,0.2398,0.331,0.2081,0.2211
11896,Quente & Encorpado,0.1702,0.4041,0.2685,0.1572
2752,Brilhante & Intenso,0.2482,0.2567,0.27,0.2251
16393,Quente & Encorpado,0.2013,0.347,0.1967,0.2551
22291,Quente & Encorpado,0.1999,0.3749,0.1504,0.2748
15087,Quente & Encorpado,0.1896,0.353,0.2014,0.256
12910,Quente & Encorpado,0.1345,0.4273,0.2808,0.1574
19540,Quente & Encorpado,0.208,0.3503,0.3077,0.1341
12712,Pulsante & Sombrio,0.2899,0.1837,0.2091,0.3173
16847,Brilhante & Intenso,0.1765,0.3349,0.3724,0.1162
10769,Pulsante & Sombrio,0.2493,0.1841,0.1472,0.4193
11741,Brilhante & Intenso,0.1861,0.2261,0.4662,0.1217
12459,Pulsante & Sombrio,0.2511,0.1854,0.1431,0.4204
19611,Quente & Encorpado,0.2221,0.2891,0.2813,0.2075
15625,Pulsante & Sombrio,0.2242,0.1986,0.1592,0.418
15751,Pulsante & Sombrio,0.2204,0.214,0.1421,0.4235
11701,Pulsante & Sombrio,0.2275,0.2266,0.2564,0.2895
12837,Pulsante & Sombrio,0.2983,0.1924,0.1755,0.3338
10564,Quente & Encorpado,0.1807,0.3507,0.3089,0.1598
20266,Pulsante & Sombrio,0.1783,0.2354,0.1826,0.4037
20537,Dinamico & Contrastante,0.4409,0.1617,0.1551,0.2423
4180,Dinamico & Contrastante,0.3976,0.1745,0.2081,0.2198
15724,Brilhante & Intenso,0.2223,0.2293,0.4319,0.1165
16584,Brilhante & Intenso,0.1535,0.2444,0.4995,0.1025
11618,Quente & Encorpado,0.161,0.4538,0.2108,0.1744
16974,Brilhante & Intenso,0.2942,0.2381,0.312,0.1557
18324,Dinamico & Contrastante,0.2774,0.234,0.24,0.2486
12426,Pulsante & Sombrio,0.1901,0.2106,0.1574,0.442
17872,Brilhante & Intenso,0.2693,0.2261,0.3101,0.1946
20096,Pulsante & Sombrio,0.1979,0.2327,0.1672,0.4022
11414,Dinamico & Contrastante,0.3231,0.2543,0.1852,0.2374
21749,Pulsante & Sombrio,0.2176,0.269,0.2025,0.3109
19017,Brilhante & Intenso,0.1575,0.2888,0.4396,0.1141
13288,Quente & Encorpado,0.2291,0.3123,0.2023,0.2562
21619,Dinamico & Contrastante,0.3354,0.2088,0.184,0.2718
16721,Brilhante & Intenso,0.1904,0.3076,0.3782,0.1239
21240,Pulsante & Sombrio,0.1951,0.2129,0.1583,0.4337
3981,Quente & Encorpado,0.2398,0.3781,0.2003,0.1819
11134,Brilhante & Intenso,0.1682,0.1946,0.5336,0.1036
17300,Dinamico & Contrastante,0.3614,0.2197,0.2977,0.1212
10726,Quente & Encorpado,0.1716,0.4453,0.2536,0.1295
14855,Dinamico & Contrastante,0.371,0.1931,0.2117,0.2242
18919,Pulsante & Sombrio,0.1791,0.3067,0.1748,0.3395
10048,Quente & Encorpado,0.2055,0.2984,0.2338,0.2624
3611,Quente & Encorpado,0.1634,0.3868,0.2686,0.1812
21503,Brilhante & Intenso,0.2996,0.1724,0.4168,0.1112
10235,Brilhante & Intenso,0.2542,0.2443,0.3624,0.1391
3058,Dinamico & Contrastante,0.3446,0.1838,0.2102,0.2614
10647,Dinamico & Contrastante,0.3596,0.1857,0.276,0.1787
11472,Brilhante & Intenso,0.2049,0.2538,0.3751,0.1662
3395,Dinamico & Contrastante,0.4363,0.1919,0.2021,0.1697
19193,Quente & Encorpado,0.2027,0.3116,0.1982,0.2875
12822,Brilhante & Intenso,0.2255,0.2519,0.37,0.1526
22586,Quente & Encorpado,0.1679,0.3484,0.3177,0.166
21923,Brilhante & Intenso,0.2313,0.1785,0.4797,0.1104
10634,Pulsante & Sombrio,0.3006,0.2207,0.1725,0.3062
18315,Dinamico & Contrastante,0.2907,0.2097,0.2657,0.234
16993,Pulsante & Sombrio,0.2395,0.1959,0.2116,0.3529
3623,Brilhante & Intenso,0.1675,0.2007,0.5386,0.0931
10274,Dinamico & Contrastante,0.3195,0.2373,0.2291,0.2141
22578,Dinamico & Contrastante,0.3183,0.2881,0.1902,0.2034
10575,Dinamico & Contrastante,0.3736,0.2143,0.209,0.2032
10365,Brilhante & Intenso,0.2631,0.184,0.3746,0.1783
15110,Dinamico & Contrastante,0.4141,0.1622,0.2347,0.1889
14683,Dinamico & Contrastante,0.3494,0.1856,0.2175,0.2476
19907,Quente & Encorpado,0.1871,0.3677,0.3335,0.1118
20183,Dinamico & Contrastante,0.3059,0.225,0.282,0.1871
16217,Quente & Encorpado,0.2625,0.2808,0.2609,0.1958
15807,Brilhante & Intenso,0.213,0.2424,0.3964,0.1482
12066,Quente & Encorpado,0.1451,0.3861,0.3143,0.1545
10922,Dinamico & Contrastante,0.3253,0.1947,0.2382,0.2418
15673,Brilhante & Intenso,0.1555,0.3506,0.3625,0.1314
17353,Quente & Encorpado,0.1312,0.4737,0.2754,0.1197
19676,Quente & Encorpado,0.1831,0.3727,0.1528,0.2914
12278,Brilhante & Intenso,0.2399,0.2555,0.3758,0.1288
17672,Quente & Encorpado,0.1518,0.4545,0.215,0.1786
11469,Brilhante & Intenso,0.3218,0.1938,0.3459,0.1385
17650,Quente & Encorpado,0.1857,0.4461,0.2243,0.1439
10523,Dinamico & Contrastante,0.3776,0.1843,0.306,0.1321
11621,Quente & Encorpado,0.2158,0.3882,0.225,0.1711
12585,Quente & Encorpado,0.1781,0.3936,0.2111,0.2172
18473,Dinamico & Contrastante,0.3006,0.1942,0.2384,0.2667
14881,Pulsante & Sombrio,0.2792,0.2196,0.1822,0.319
22669,Brilhante & Intenso,0.2119,0.2522,0.3691,0.1668
19163,Quente & Encorpado,0.1759,0.4182,0.2046,0.2013
15188,Pulsante & Sombrio,0.1933,0.2801,0.1701,0.3566
17127,Brilhante & Intenso,0.248,0.2395,0.382,0.1305
11098,Dinamico & Contrastante,0.3459,0.1931,0.2904,0.1707
4465,Dinamico & Contrastante,0.3627,0.2129,0.184,0.2404
18136,Dinamico & Contrastante,0.3602,0.2261,0.2414,0.1723
12754,Brilhante & Intenso,0.2461,0.2816,0.2839,0.1884
10761,Quente & Encorpado,0.2539,0.2999,0.2463,0.1999
13309,Quente & Encorpado,0.2644,0.3019,0.2846,0.1491
17449,Pulsante & Sombrio,0.1951,0.2339,0.1584,0.4125
4255,Quente & Encorpado,0.1977,0.3201,0.3066,0.1757
1456,Dinamico & Contrastante,0.3122,0.2444,0.2912,0.1522
18497,Dinamico & Contrastante,0.2896,0.228,0.2474,0.235
14880,Quente & Encorpado,0.1615,0.4046,0.2905,0.1434
10441,Quente & Encorpado,0.146,0.3967,0.2563,0.201
16037,Brilhante & Intenso,0.2287,0.2419,0.269,0.2604
19230,Quente & Encorpado,0.2216,0.278,0.2645,0.2359
20807,Brilhante & Intenso,0.1617,0.3308,0.3647,0.1428
22538,Pulsante & Sombrio,0.2011,0.2425,0.2023,0.3541
18089,Brilhante & Intenso,0.2166,0.1984,0.4724,0.1126
4288,Pulsante & Sombrio,0.2521,0.2036,0.1532,0.3912
12515,Dinamico & Contrastante,0.3142,0.2476,0.2462,0.192
16575,Brilhante & Intenso,0.2175,0.2509,0.3812,0.1503
16653,Pulsante & Sombrio,0.1759,0.1954,0.1299,0.4988
12398,Pulsante & Sombrio,0.2418,0.2251,0.2218,0.3113
4464,Pulsante & Sombrio,0.2692,0.1922,0.2351,0.3036
10574,Quente & Encorpado,0.2021,0.4044,0.2113,0.1823
21534,Quente & Encorpado,0.261,0.3154,0.2224,0.2011
12662,Quente & Encorpado,0.1834,0.314,0.1922,0.3104
21415,Quente & Encorpado,0.1643,0.4362,0.267,0.1325
10111,Dinamico & Contrastante,0.3175,0.2223,0.1543,0.3059
17750,Quente & Encorpado,0.2245,0.28,0.2734,0.2221
13215,Dinamico & Contrastante,0.4623,0.1522,0.1707,0.2148
13326,Quente & Encorpado,0.2414,0.3596,0.2408,0.1582
16245,Brilhante & Intenso,0.1767,0.2091,0.5104,0.1038
1656,Quente & Encorpado,0.1113,0.4544,0.3295,0.1048
2957,Pulsante & Sombrio,0.2303,0.1873,0.1657,0.4167
18948,Brilhante & Intenso,0.2456,0.1957,0.3905,0.1682
18821,Brilhante & Intenso,0.2079,0.2595,0.3326,0.2
19640,Quente & Encorpado,0.1951,0.3558,0.2637,0.1854
10630,Dinamico & Contrastante,0.3495,0.1737,0.2503,0.2264
17386,Brilhante & Intenso,0.239,0.2659,0.3248,0.1703
10531,Quente & Encorpado,0.235,0.3072,0.2194,0.2384
18241,Pulsante & Sombrio,0.2229,0.2322,0.1649,0.38
1775,Quente & Encorpado,0.2608,0.3063,0.2801,0.1529
22123,Dinamico & Contrastante,0.3601,0.1891,0.2368,0.214
12006,Dinamico & Contrastante,0.3467,0.1817,0.1965,0.2751
17439,Pulsante & Sombrio,0.2056,0.2453,0.1884,0.3608
18921,Pulsante & Sombrio,0.1912,0.2363,0.1275,0.445
16922,Brilhante & Intenso,0.1559,0.3159,0.421,0.1071
18708,Dinamico & Contrastante,0.3476,0.2142,0.1669,0.2713
10196,Brilhante & Intenso,0.1905,0.3074,0.3582,0.1439
12692,Brilhante & Intenso,0.136,0.3684,0.4106,0.085
21285,Pulsante & Sombrio,0.1854,0.244,0.2015,0.3691
14613,Dinamico & Contrastante,0.3257,0.1805,0.3128,0.181
12549,Pulsante & Sombrio,0.1999,0.2197,0.1392,0.4413
16202,Brilhante & Intenso,0.2156,0.1918,0.4483,0.1442
17557,Brilhante & Intenso,0.2779,0.2372,0.3262,0.1586
6046,Pulsante & Sombrio,0.1579,0.3202,0.1757,0.3462
11844,Brilhante & Intenso,0.2738,0.2191,0.329,0.1781
11383,Pulsante & Sombrio,0.2412,0.1893,0.1639,0.4056
9879,Quente & Encorpado,0.1732,0.3847,0.2435,0.1985
17631,Pulsante & Sombrio,0.2576,0.1871,0.1514,0.4039
1443,Quente & Encorpado,0.1607,0.5263,0.1577,0.1553
18728,Dinamico & Contrastante,0.3802,0.2131,0.1776,0.229
18295,Brilhante & Intenso,0.2115,0.2429,0.4127,0.133
17145,Brilhante & Intenso,0.2799,0.2069,0.3454,0.1678
3268,Quente & Encorpado,0.2736,0.3105,0.2152,0.2006
16119,Quente & Encorpado,0.1753,0.4139,0.2081,0.2028
11386,Pulsante & Sombrio,0.164,0.2833,0.1515,0.4012
15781,Brilhante & Intenso,0.147,0.208,0.5749,0.0702
19184,Quente & Encorpado,0.1795,0.3272,0.1922,0.3012
11595,Dinamico & Contrastante,0.3164,0.2129,0.295,0.1758
16793,Quente & Encorpado,0.2526,0.2972,0.1928,0.2574
13303,Brilhante & Intenso,0.2313,0.2857,0.2875,0.1955
15068,Quente & Encorpado,0.1521,0.4077,0.3201,0.1201
17051,Brilhante & Intenso,0.1856,0.1836,0.5253,0.1055
19259,Pulsante & Sombrio,0.1984,0.2294,0.1668,0.4053
10730,Brilhante & Intenso,0.2414,0.2578,0.2618,0.2391
2806,Pulsante & Sombrio,0.2886,0.2477,0.1694,0.2943
3840,Quente & Encorpado,0.2215,0.3127,0.2411,0.2247
17463,Brilhante & Intenso,0.2618,0.2158,0.3201,0.2024
15193,Brilhante & Intenso,0.2798,0.2074,0.3718,0.141
17035,Pulsante & Sombrio,0.1718,0.2946,0.1494,0.3842
10280,Quente & Encorpado,0.1459,0.4011,0.2868,0.1662
10948,Quente & Encorpado,0.1524,0.4308,0.27,0.1468
17985,Quente & Encorpado,0.1691,0.3545,0.3371,0.1393
15639,Brilhante & Intenso,0.2216,0.2503,0.404,0.1241
3716,Dinamico & Contrastante,0.4023,0.1692,0.2884,0.14
13627,Quente & Encorpado,0.2115,0.2908,0.2087,0.289
18532,Quente & Encorpado,0.1893,0.3368,0.2848,0.1892
2439,Brilhante & Intenso,0.2102,0.2184,0.4301,0.1413
21160,Dinamico & Contrastante,0.3005,0.1961,0.2605,0.243
18057,Quente & Encorpado,0.1828,0.3431,0.2646,0.2095
15489,Brilhante & Intenso,0.1587,0.1999,0.5407,0.1007
3389,Quente & Encorpado,0.1863,0.3184,0.2025,0.2928
21056,Pulsante & Sombrio,0.2172,0.2072,0.1534,0.4223
16803,Brilhante & Intenso,0.2422,0.2417,0.3743,0.1418
1341,Quente & Encorpado,0.1975,0.3437,0.2066,0.2522
18990,Pulsante & Sombrio,0.2388,0.2481,0.2008,0.3123
18822,Quente & Encorpado,0.1591,0.3364,0.3297,0.1748
19326,Pulsante & Sombrio,0.2723,0.2253,0.2201,0.2823
10918,Pulsante & Sombrio,0.2176,0.2346,0.1759,0.3719
12312,Pulsante & Sombrio,0.2353,0.1696,0.1366,0.4585
15318,Pulsante & Sombrio,0.2259,0.1864,0.1609,0.4268
13066,Dinamico & Contrastante,0.3214,0.2441,0.2337,0.2008
3467,Brilhante & Intenso,0.1531,0.3097,0.4262,0.111
2036,Quente & Encorpado,0.1526,0.4157,0.2631,0.1686
2360,Pulsante & Sombrio,0.3039,0.166,0.1745,0.3557
21494,Brilhante & Intenso,0.2453,0.1968,0.3829,0.175
16905,Pulsante & Sombrio,0.1835,0.2687,0.1907,0.3571
13272,Brilhante & Intenso,0.1956,0.2421,0.4159,0.1464
15840,Brilhante & Intenso,0.2902,0.2414,0.2982,0.1702
17307,Pulsante & Sombrio,0.2812,0.2091,0.2191,0.2906
11669,Brilhante & Intenso,0.2652,0.2303,0.356,0.1486
3661,Brilhante & Intenso,0.1893,0.3188,0.3262,0.1657
1470,Brilhante & Intenso,0.2311,0.2345,0.3384,0.196
16165,Pulsante & Sombrio,0.2037,0.2331,0.1555,0.4077
12411,Dinamico & Contrastante,0.3935,0.1577,0.2078,0.241
12393,Dinamico & Contrastante,0.4508,0.1661,0.1719,0.2112
3639,Brilhante & Intenso,0.153,0.2779,0.4573,0.1117
20136,Dinamico & Contrastante,0.3233,0.216,0.2398,0.2209
12511,Brilhante & Intenso,0.1792,0.2074,0.5195,0.094
10562,Quente & Encorpado,0.1535,0.3987,0.2467,0.2012
10444,Dinamico & Contrastante,0.3861,0.1967,0.1791,0.238
12580,Pulsante & Sombrio,0.2155,0.16,0.1385,0.4861
10854,Brilhante & Intenso,0.1698,0.2975,0.4011,0.1315
2629,Pulsante & Sombrio,0.1696,0.2392,0.1444,0.4469
12876,Pulsante & Sombrio,0.2014,0.2937,0.1895,0.3155
12087,Quente & Encorpado,0.1916,0.35,0.2516,0.2068
21244,Brilhante & Intenso,0.1963,0.2093,0.4766,0.1177
17214,Quente & Encorpado,0.1463,0.4008,0.321,0.1319
2541,Quente & Encorpado,0.2398,0.3234,0.2299,0.2069
21841,Brilhante & Intenso,0.2433,0.2174,0.401,0.1383
19213,Quente & Encorpado,0.2246,0.3176,0.2045,0.2533
17970,Quente & Encorpado,0.1772,0.3844,0.2268,0.2115
2739,Pulsante & Sombrio,0.2874,0.1719,0.1835,0.3572
16720,Pulsante & Sombrio,0.2106,0.2728,0.2061,0.3105
16238,Quente & Encorpado,0.1853,0.4148,0.1641,0.2358
21092,Brilhante & Intenso,0.2396,0.2537,0.387,0.1196
13379,Quente & Encorpado,0.2114,0.3723,0.268,0.1482
14617,Brilhante & Intenso,0.294,0.2249,0.3199,0.1612
10760,Dinamico & Contrastante,0.3723,0.1831,0.2964,0.1481
11187,Pulsante & Sombrio,0.2638,0.2583,0.2052,0.2727
13141,Quente & Encorpado,0.2203,0.2938,0.248,0.2378
20024,Brilhante & Intenso,0.1273,0.2795,0.5027,0.0905
12246,Pulsante & Sombrio,0.23,0.193,0.1661,0.4109
13087,Brilhante & Intenso,0.2318,0.2553,0.3197,0.1932
17592,Brilhante & Intenso,0.1665,0.2645,0.46,0.1091
9838,Dinamico & Contrastante,0.3093,0.2193,0.226,0.2454
9737,Dinamico & Contrastante,0.272,0.247,0.2663,0.2146
20267,Dinamico & Contrastante,0.2637,0.2542,0.2217,0.2604
13550,Dinamico & Contrastante,0.3289,0.1986,0.2164,0.2561
11626,Quente & Encorpado,0.1464,0.4925,0.1715,0.1896
3482,Brilhante & Intenso,0.2809,0.1836,0.3998,0.1357
18781,Quente & Encorpado,0.1337,0.3877,0.3624,0.1161
20496,Dinamico & Contrastante,0.5028,0.1764,0.1479,0.1729
22036,Pulsante & Sombrio,0.3141,0.1751,0.1717,0.3391
11373,Dinamico & Contrastante,0.3262,0.272,0.2609,0.1408
19104,Brilhante & Intenso,0.1911,0.2377,0.4071,0.1641
22089,Pulsante & Sombrio,0.2311,0.2175,0.1489,0.4025
21075,Dinamico & Contrastante,0.4542,0.1625,0.2006,0.1827
3893,Pulsante & Sombrio,0.185,0.292,0.1702,0.3528
19022,Pulsante & Sombrio,0.3034,0.1654,0.1649,0.3662
20379,Quente & Encorpado,0.1943,0.3947,0.2028,0.2082
10014,Pulsante & Sombrio,0.2246,0.2824,0.2041,0.2889
10516,Quente & Encorpado,0.2019,0.3979,0.2155,0.1847
11587,Pulsante & Sombrio,0.2284,0.2225,0.1509,0.3982
11470,Pulsante & Sombrio,0.29,0.18,0.1845,0.3454
11433,Dinamico & Contrastante,0.3349,0.1972,0.1807,0.2872
19824,Brilhante & Intenso,0.1883,0.2458,0.4611,0.1048
15930,Brilhante & Intenso,0.1896,0.2842,0.3354,0.1907
11102,Quente & Encorpado,0.1327,0.4468,0.2359,0.1846
13518,Brilhante & Intenso,0.2395,0.2162,0.4231,0.1212
11378,Brilhante & Intenso,0.1854,0.3055,0.3173,0.1919
18937,Brilhante & Intenso,0.2023,0.2726,0.3633,0.1618
21154,Pulsante & Sombrio,0.1542,0.1892,0.105,0.5516
21806,Quente & Encorpado,0.1649,0.374,0.2185,0.2427
16569,Dinamico & Contrastante,0.3548,0.2341,0.1933,0.2178
10791,Pulsante & Sombrio,0.1782,0.2303,0.1531,0.4384
14793,Dinamico & Contrastante,0.2866,0.2141,0.2392,0.2601
20945,Dinamico & Contrastante,0.3321,0.2252,0.221,0.2217
21743,Brilhante & Intenso,0.3017,0.1896,0.361,0.1477
12593,Pulsante & Sombrio,0.2704,0.2043,0.1554,0.3699
12501,Quente & Encorpado,0.1459,0.4737,0.1484,0.232
12099,Quente & Encorpado,0.1437,0.4127,0.2591,0.1845
1675,Brilhante & Intenso,0.2248,0.2038,0.4384,0.1329
19135,Pulsante & Sombrio,0.2378,0.2459,0.1925,0.3238
18570,Brilhante & Intenso,0.18,0.3468,0.3528,0.1204
1942,Brilhante & Intenso,0.1594,0.252,0.48,0.1085
17159,Brilhante & Intenso,0.2342,0.2696,0.3503,0.1459
11214,Quente & Encorpado,0.2059,0.3795,0.2159,0.1987
11712,Brilhante & Intenso,0.2021,0.1873,0.5094,0.1012
11967,Brilhante & Intenso,0.2705,0.1666,0.4619,0.101
18541,Dinamico & Contrastante,0.3733,0.1795,0.2635,0.1837
17951,Quente & Encorpado,0.1574,0.3755,0.2973,0.1698
13284,Brilhante & Intenso,0.2475,0.2082,0.4074,0.137
12339,Brilhante & Intenso,0.2062,0.1966,0.4602,0.1371
16006,Dinamico & Contrastante,0.3387,0.1845,0.178,0.2987
12017,Pulsante & Sombrio,0.25,0.1851,0.1379,0.427
1263,Brilhante & Intenso,0.2253,0.2709,0.3381,0.1657
18625,Brilhante & Intenso,0.1373,0.2881,0.4733,0.1013
1348,Dinamico & Contrastante,0.3274,0.2309,0.2374,0.2043
11513,Pulsante & Sombrio,0.2912,0.1649,0.1246,0.4194
21550,Brilhante & Intenso,0.3103,0.1859,0.3423,0.1615
18714,Pulsante & Sombrio,0.3302,0.1729,0.1444,0.3525
18419,Dinamico & Contrastante,0.3313,0.2316,0.262,0.1751
19205,Quente & Encorpado,0.2002,0.3339,0.2904,0.1754
12599,Pulsante & Sombrio,0.1963,0.2754,0.1462,0.382
11819,Brilhante & Intenso,0.18,0.2927,0.3868,0.1404
10271,Quente & Encorpado,0.1292,0.4853,0.2294,0.1561
22263,Dinamico & Contrastante,0.3578,0.1791,0.3024,0.1607
4166,Dinamico & Contrastante,0.2693,0.2535,0.222,0.2551
16716,Pulsante & Sombrio,0.266,0.1769,0.1295,0.4276
17232,Dinamico & Contrastante,0.3848,0.1813,0.1803,0.2536
21725,Quente & Encorpado,0.2287,0.2821,0.2106,0.2786
1414,Pulsante & Sombrio,0.267,0.1966,0.2302,0.3062
16261,Brilhante & Intenso,0.1793,0.338,0.371,0.1117
11786,Dinamico & Contrastante,0.3482,0.1845,0.2073,0.26
3202,Brilhante & Intenso,0.2853,0.2088,0.2986,0.2072
3560,Dinamico & Contrastante,0.3741,0.1912,0.1908,0.2439
10569,Brilhante & Intenso,0.2195,0.2648,0.3342,0.1815
20944,Brilhante & Intenso,0.3099,0.1828,0.3404,0.1669
15400,Quente & Encorpado,0.1374,0.5351,0.1577,0.1698
21997,Quente & Encorpado,0.181,0.3921,0.2599,0.167
21846,Dinamico & Contrastante,0.5338,0.142,0.1811,0.1431
17282,Brilhante & Intenso,0.1352,0.2658,0.5041,0.0948
11211,Pulsante & Sombrio,0.188,0.2732,0.1839,0.3548
14718,Pulsante & Sombrio,0.2165,0.2868,0.1875,0.3092
16318,Quente & Encorpado,0.2288,0.3138,0.1747,0.2827
15691,Quente & Encorpado,0.2243,0.2914,0.2537,0.2306
21741,Pulsante & Sombrio,0.2459,0.2541,0.2177,0.2824
1426,Quente & Encorpado,0.1614,0.3861,0.33,0.1224
18857,Brilhante & Intenso,0.2481,0.3026,0.3076,0.1417
16316,Pulsante & Sombrio,0.2739,0.1855,0.1632,0.3774
13095,Pulsante & Sombrio,0.2366,0.1964,0.1578,0.4093
18605,Dinamico & Contrastante,0.4297,0.1561,0.1964,0.2178
19937,Brilhante & Intenso,0.2558,0.1853,0.4074,0.1515
20276,Pulsante & Sombrio,0.1545,0.2201,0.1341,0.4913
20504,Quente & Encorpado,0.1775,0.3139,0.2077,0.3009
22581,Dinamico & Contrastante,0.3994,0.1594,0.1815,0.2597
16458,Quente & Encorpado,0.1687,0.3575,0.3498,0.1239
12620,Pulsante & Sombrio,0.2049,0.2841,0.1449,0.3661
18884,Quente & Encorpado,0.1521,0.4651,0.2107,0.1721
18832,Pulsante & Sombrio,0.236,0.2723,0.2041,0.2875
20479,Dinamico & Contrastante,0.3983,0.1905,0.1531,0.2581
16283,Brilhante & Intenso,0.2741,0.2462,0.3452,0.1345
20212,Brilhante & Intenso,0.2175,0.2897,0.308,0.1848
11651,Quente & Encorpado,0.1704,0.4279,0.2047,0.1971
21299,Pulsante & Sombrio,0.3182,0.1632,0.1758,0.3428
21097,Quente & Encorpado,0.1793,0.4031,0.2821,0.1355
11468,Dinamico & Contrastante,0.3085,0.2775,0.2645,0.1495
16772,Dinamico & Contrastante,0.3078,0.2077,0.2347,0.2498
17212,Quente & Encorpado,0.2192,0.3089,0.3065,0.1654
13096,Pulsante & Sombrio,0.2482,0.2029,0.2086,0.3403
19768,Brilhante & Intenso,0.1962,0.3218,0.3416,0.1405
18598,Quente & Encorpado,0.158,0.4504,0.2818,0.1097
18536,Pulsante & Sombrio,0.2608,0.2198,0.1531,0.3663
22351,Brilhante & Intenso,0.1706,0.2282,0.4771,0.1241
1569,Brilhante & Intenso,0.1489,0.2919,0.4678,0.0913
15131,Pulsante & Sombrio,0.2144,0.2962,0.1594,0.33
15444,Brilhante & Intenso,0.2582,0.2242,0.3793,0.1383
15282,Dinamico & Contrastante,0.3679,0.2088,0.2143,0.209
10992,Brilhante & Intenso,0.2963,0.2193,0.3084,0.176
21001,Quente & Encorpado,0.2282,0.3057,0.217,0.2491
21696,Quente & Encorpado,0.1533,0.3618,0.1582,0.3267
12581,Quente & Encorpado,0.2246,0.3101,0.1979,0.2674
12338,Pulsante & Sombrio,0.2024,0.2394,0.1436,0.4145
16649,Dinamico & Contrastante,0.3329,0.1766,0.1954,0.2951
16698,Dinamico & Contrastante,0.3909,0.1946,0.1951,0.2193
13069,Quente & Encorpado,0.1558,0.43,0.2334,0.1808
4304,Dinamico & Contrastante,0.4055,0.1729,0.1711,0.2505
11806,Pulsante & Sombrio,0.241,0.1927,0.1411,0.4253
13374,Quente & Encorpado,0.1801,0.4076,0.235,0.1774
13078,Brilhante & Intenso,0.1885,0.1932,0.5396,0.0787
22310,Brilhante & Intenso,0.2033,0.2149,0.4576,0.1243
2783,Brilhante & Intenso,0.2571,0.2128,0.3803,0.1498
16635,Brilhante & Intenso,0.2769,0.1903,0.3987,0.1341
18422,Brilhante & Intenso,0.2102,0.1997,0.4513,0.1387
19389,Pulsante & Sombrio,0.1886,0.2924,0.2075,0.3115
21932,Quente & Encorpado,0.2011,0.3342,0.2258,0.239
2075,Pulsante & Sombrio,0.2521,0.2433,0.2399,0.2648
12318,Pulsante & Sombrio,0.2824,0.254,0.1623,0.3013
1923,Brilhante & Intenso,0.1817,0.3421,0.3581,0.1181
22050,Pulsante & Sombrio,0.2734,0.1911,0.2054,0.3301
3044,Quente & Encorpado,0.163,0.4173,0.2635,0.1561
18779,Quente & Encorpado,0.1774,0.3641,0.3287,0.1297
17879,Quente & Encorpado,0.1879,0.3826,0.2375,0.192
19170,Dinamico & Contrastante,0.3749,0.178,0.2573,0.1898
7921,Pulsante & Sombrio,0.1904,0.2254,0.1485,0.4357
3452,Dinamico & Contrastante,0.3215,0.1857,0.2778,0.215
22059,Pulsante & Sombrio,0.2388,0.2481,0.2008,0.3123
14813,Pulsante & Sombrio,0.1777,0.2841,0.1649,0.3733
1507,Quente & Encorpado,0.1558,0.4099,0.254,0.1803
15955,Quente & Encorpado,0.2385,0.3135,0.1482,0.2998
21591,Brilhante & Intenso,0.2714,0.2749,0.3354,0.1183
17858,Dinamico & Contrastante,0.3096,0.2598,0.2892,0.1414
12456,Brilhante & Intenso,0.2274,0.2201,0.39,0.1624
3167,Dinamico & Contrastante,0.311,0.1996,0.2022,0.2872
21269,Quente & Encorpado,0.1609,0.4165,0.3024,0.1203
13425,Quente & Encorpado,0.1889,0.3626,0.1931,0.2555
15333,Pulsante & Sombrio,0.1969,0.258,0.1706,0.3745
19643,Brilhante & Intenso,0.2295,0.2294,0.3881,0.153
10529,Brilhante & Intenso,0.153,0.2463,0.5033,0.0974
16221,Pulsante & Sombrio,0.2616,0.1945,0.1631,0.3809
17692,Brilhante & Intenso,0.1643,0.3073,0.4085,0.1199
17699,Quente & Encorpado,0.1685,0.3491,0.3234,0.159
15227,Brilhante & Intenso,0.1566,0.3359,0.3671,0.1404
16339,Quente & Encorpado,0.2279,0.3209,0.2896,0.1616
15211,Quente & Encorpado,0.1552,0.4484,0.2725,0.1238
18578,Quente & Encorpado,0.2332,0.3367,0.2219,0.2083
21511,Brilhante & Intenso,0.2117,0.2694,0.3994,0.1196
14752,Pulsante & Sombrio,0.1808,0.233,0.1611,0.4251
15944,Quente & Encorpado,0.2166,0.342,0.2726,0.1689
19921,Brilhante & Intenso,0.286,0.2063,0.3438,0.1639
16831,Quente & Encorpado,0.212,0.3489,0.2978,0.1413
22292,Quente & Encorpado,0.2593,0.299,0.2879,0.1538
10788,Brilhante & Intenso,0.2176,0.2968,0.3557,0.1298
15119,Dinamico & Contrastante,0.3155,0.1655,0.2179,0.3011
19077,Quente & Encorpado,0.1836,0.3294,0.2387,0.2482
11449,Quente & Encorpado,0.2033,0.3677,0.2439,0.1851
4363,Quente & Encorpado,0.1556,0.4107,0.2708,0.1629
2760,Pulsante & Sombrio,0.2526,0.1576,0.1504,0.4394
11147,Brilhante & Intenso,0.2529,0.1856,0.4082,0.1532
3028,Dinamico & Contrastante,0.3773,0.1795,0.2409,0.2023
18582,Brilhante & Intenso,0.2224,0.2883,0.3769,0.1124
12813,Pulsante & Sombrio,0.2165,0.2347,0.1771,0.3717
16268,Brilhante & Intenso,0.1552,0.3042,0.4128,0.1278
18005,Brilhante & Intenso,0.3114,0.1882,0.3442,0.1563
10522,Brilhante & Intenso,0.2447,0.1816,0.4424,0.1313
16242,Pulsante & Sombrio,0.1868,0.2068,0.1341,0.4723
16637,Brilhante & Intenso,0.2361,0.2215,0.3943,0.148
18572,Quente & Encorpado,0.1931,0.3257,0.2079,0.2734
16147,Quente & Encorpado,0.1325,0.4955,0.24,0.132
19311,Quente & Encorpado,0.2368,0.3315,0.1786,0.2531
19766,Brilhante & Intenso,0.2012,0.3254,0.336,0.1374
4290,Brilhante & Intenso,0.1644,0.2957,0.4325,0.1074
15420,Dinamico & Contrastante,0.3796,0.1437,0.1956,0.2811
13176,Quente & Encorpado,0.1408,0.4885,0.2393,0.1314
21671,Pulsante & Sombrio,0.2089,0.1856,0.1387,0.4668
11706,Dinamico & Contrastante,0.4488,0.1449,0.1704,0.2359
17120,Brilhante & Intenso,0.1399,0.3432,0.4107,0.1063
17453,Pulsante & Sombrio,0.2941,0.2318,0.148,0.3261
10984,Dinamico & Contrastante,0.4321,0.1847,0.1711,0.2121
15026,Dinamico & Contrastante,0.3958,0.1985,0.1908,0.2149
21504,Quente & Encorpado,0.2087,0.2676,0.2587,0.2649
1640,Brilhante & Intenso,0.2253,0.2221,0.3793,0.1733
12613,Pulsante & Sombrio,0.2021,0.2669,0.1859,0.3451
17738,Pulsante & Sombrio,0.2345,0.2263,0.1752,0.364
19224,Pulsante & Sombrio,0.2552,0.1809,0.188,0.3759
16888,Dinamico & Contrastante,0.3639,0.1614,0.2332,0.2415
17058,Brilhante & Intenso,0.2696,0.2309,0.3564,0.1431
19090,Quente & Encorpado,0.2165,0.324,0.1852,0.2743
3745,Brilhante & Intenso,0.2456,0.234,0.3289,0.1915
10935,Quente & Encorpado,0.1977,0.3298,0.2561,0.2164
15821,Pulsante & Sombrio,0.2365,0.2268,0.15,0.3868
17405,Quente & Encorpado,0.1451,0.379,0.334,0.142
15060,Brilhante & Intenso,0.2555,0.2223,0.4108,0.1114
4349,Dinamico & Contrastante,0.3641,0.2102,0.285,0.1407
12025,Dinamico & Contrastante,0.4084,0.1702,0.2436,0.1778
13240,Dinamico & Contrastante,0.2966,0.2399,0.2722,0.1912
17747,Dinamico & Contrastante,0.3556,0.2272,0.2258,0.1914
15455,Dinamico & Contrastante,0.3791,0.2168,0.1807,0.2234
16780,Brilhante & Intenso,0.2446,0.2585,0.2882,0.2086
17373,Brilhante & Intenso,0.248,0.2212,0.3695,0.1613
20446,Dinamico & Contrastante,0.3508,0.2046,0.2578,0.1869
19038,Brilhante & Intenso,0.197,0.3321,0.3633,0.1076
18388,Brilhante & Intenso,0.1506,0.3632,0.3964,0.0898
19662,Dinamico & Contrastante,0.4254,0.1607,0.2874,0.1265
19044,Dinamico & Contrastante,0.4354,0.1686,0.1766,0.2195
16159,Pulsante & Sombrio,0.1621,0.3285,0.1751,0.3344
19528,Pulsante & Sombrio,0.2993,0.1882,0.1408,0.3716
12703,Brilhante & Intenso,0.2641,0.2168,0.3713,0.1477
12294,Brilhante & Intenso,0.2882,0.1973,0.3315,0.183
11854,Brilhante & Intenso,0.226,0.3089,0.3383,0.1268
17352,Brilhante & Intenso,0.1416,0.2819,0.4582,0.1183
19765,Quente & Encorpado,0.1332,0.4453,0.2417,0.1798
20732,Pulsante & Sombrio,0.1972,0.2532,0.2281,0.3214
13071,Dinamico & Contrastante,0.45,0.1528,0.1897,0.2075
2307,Pulsante & Sombrio,0.2184,0.2613,0.1655,0.3548
11883,Dinamico & Contrastante,0.3095,0.2359,0.3007,0.1539
10110,Dinamico & Contrastante,0.3418,0.2281,0.1706,0.2594
16802,Brilhante & Intenso,0.2044,0.2699,0.3769,0.1488
14670,Brilhante & Intenso,0.2123,0.2955,0.3501,0.1422
16886,Quente & Encorpado,0.1864,0.3138,0.3094,0.1904
20957,Quente & Encorpado,0.2865,0.3034,0.2475,0.1626
16561,Brilhante & Intenso,0.2514,0.2558,0.3658,0.1269
16225,Brilhante & Intenso,0.1759,0.2286,0.4947,0.1008
18238,Quente & Encorpado,0.1326,0.4834,0.1806,0.2034
10078,Brilhante & Intenso,0.1848,0.2728,0.3674,0.175
18671,Brilhante & Intenso,0.1862,0.2865,0.4168,0.1105
21920,Brilhante & Intenso,0.2597,0.1971,0.3621,0.1811
12439,Pulsante & Sombrio,0.2056,0.2288,0.1468,0.4188
15308,Quente & Encorpado,0.1866,0.3306,0.2484,0.2343
16696,Dinamico & Contrastante,0.3777,0.1712,0.1684,0.2826
21203,Pulsante & Sombrio,0.1868,0.2118,0.1447,0.4567
3779,Brilhante & Intenso,0.2548,0.2912,0.3242,0.1298
16891,Brilhante & Intenso,0.2669,0.2072,0.3208,0.2051
13316,Brilhante & Intenso,0.2804,0.2496,0.3056,0.1643
16738,Dinamico & Contrastante,0.428,0.1946,0.1714,0.2061
18909,Pulsante & Sombrio,0.2869,0.2111,0.1635,0.3384
11511,Pulsante & Sombrio,0.1974,0.3179,0.1549,0.3299
11162,Pulsante & Sombrio,0.2355,0.2149,0.1591,0.3905
12487,Quente & Encorpado,0.2314,0.3648,0.2327,0.1711
19284,Brilhante & Intenso,0.1892,0.211,0.4964,0.1035
15234,Dinamico & Contrastante,0.429,0.1721,0.1758,0.2231
17956,Pulsante & Sombrio,0.2719,0.1336,0.1221,0.4723
18120,Pulsante & Sombrio,0.2616,0.1765,0.1361,0.4258
19429,Brilhante & Intenso,0.1584,0.2691,0.4348,0.1377
15798,Dinamico & Contrastante,0.3949,0.1824,0.1687,0.2539
2880,Brilhante & Intenso,0.2451,0.2571,0.305,0.1929
9690,Brilhante & Intenso,0.2216,0.2903,0.3611,0.1271
15162,Dinamico & Contrastante,0.3851,0.1952,0.165,0.2546
11726,Dinamico & Contrastante,0.4006,0.1785,0.2517,0.1692
15018,Brilhante & Intenso,0.2327,0.2766,0.3466,0.144
1559,Dinamico & Contrastante,0.3445,0.1775,0.1461,0.332
15776,Brilhante & Intenso,0.1982,0.2647,0.4233,0.1137
9897,Brilhante & Intenso,0.1922,0.2398,0.4616,0.1064
11120,Quente & Encorpado,0.2279,0.2922,0.2648,0.2151
15159,Quente & Encorpado,0.2734,0.2984,0.1876,0.2407
12834,Brilhante & Intenso,0.1594,0.2988,0.4412,0.1006
2818,Quente & Encorpado,0.1429,0.3735,0.3604,0.1232
20146,Quente & Encorpado,0.3071,0.3135,0.2479,0.1314
3509,Dinamico & Contrastante,0.2909,0.2172,0.2631,0.2288
11258,Dinamico & Contrastante,0.4101,0.1807,0.1542,0.255
19671,Dinamico & Contrastante,0.3199,0.2315,0.1727,0.2759
18500,Dinamico & Contrastante,0.3891,0.1729,0.2523,0.1858
18302,Brilhante & Intenso,0.1727,0.306,0.3899,0.1314
11249,Dinamico & Contrastante,0.3039,0.1758,0.237,0.2832
21854,Brilhante & Intenso,0.1876,0.274,0.4322,0.1061
11748,Pulsante & Sombrio,0.1704,0.2096,0.1282,0.4918
3365,Dinamico & Contrastante,0.373,0.1849,0.1744,0.2678
16475,Quente & Encorpado,0.1626,0.417,0.2527,0.1677
15310,Dinamico & Contrastante,0.3267,0.2141,0.2893,0.1699
4036,Quente & Encorpado,0.1765,0.3787,0.3097,0.1351
18019,Quente & Encorpado,0.1583,0.3903,0.3073,0.1441
2826,Dinamico & Contrastante,0.4482,0.1471,0.1965,0.2082
12292,Dinamico & Contrastante,0.3968,0.1855,0.236,0.1817
3005,Quente & Encorpado,0.1566,0.3815,0.1728,0.2891
16773,Dinamico & Contrastante,0.3192,0.2625,0.2793,0.139
11070,Brilhante & Intenso,0.2678,0.2435,0.2703,0.2184
2358,Brilhante & Intenso,0.1131,0.2153,0.5943,0.0773
17470,Brilhante & Intenso,0.2195,0.2067,0.4552,0.1186
21472,Brilhante & Intenso,0.2071,0.2353,0.4034,0.1542
19793,Brilhante & Intenso,0.1861,0.259,0.4273,0.1276
12244,Quente & Encorpado,0.2772,0.2866,0.207,0.2292
15967,Quente & Encorpado,0.1651,0.4254,0.1644,0.2452
18010,Brilhante & Intenso,0.2407,0.2387,0.3468,0.1738
16250,Quente & Encorpado,0.2066,0.3133,0.2265,0.2536
16483,Dinamico & Contrastante,0.321,0.1942,0.2758,0.209
3619,Dinamico & Contrastante,0.4084,0.1843,0.1718,0.2356
12659,Brilhante & Intenso,0.2144,0.2438,0.2884,0.2534
1250,Quente & Encorpado,0.1655,0.3487,0.17,0.3157
9603,Dinamico & Contrastante,0.3487,0.2235,0.2315,0.1963
13574,Dinamico & Contrastante,0.3653,0.1583,0.1565,0.3199
3038,Pulsante & Sombrio,0.211,0.2275,0.1612,0.4003
17417,Quente & Encorpado,0.2024,0.3006,0.2464,0.2506
3672,Dinamico & Contrastante,0.4633,0.1576,0.1999,0.1792
10824,Brilhante & Intenso,0.2302,0.2145,0.4405,0.1148
10906,Quente & Encorpado,0.2317,0.3453,0.259,0.164
12640,Quente & Encorpado,0.1335,0.3828,0.3744,0.1093
12189,Quente & Encorpado,0.1966,0.3842,0.2224,0.1967
20714,Brilhante & Intenso,0.1979,0.3086,0.3628,0.1307
3949,Pulsante & Sombrio,0.3086,0.2151,0.1654,0.3109
20725,Quente & Encorpado,0.1595,0.3802,0.2821,0.1782
14932,Brilhante & Intenso,0.1503,0.2549,0.4765,0.1183
14936,Quente & Encorpado,0.1582,0.3776,0.2887,0.1755
15827,Pulsante & Sombrio,0.2778,0.1578,0.1154,0.4489
19572,Quente & Encorpado,0.1852,0.3518,0.3243,0.1387
20452,Dinamico & Contrastante,0.3437,0.2199,0.2821,0.1542
16906,Pulsante & Sombrio,0.2206,0.2695,0.1766,0.3332
20655,Quente & Encorpado,0.2035,0.289,0.2885,0.219
3701,Pulsante & Sombrio,0.2674,0.267,0.1765,0.2891
10342,Dinamico & Contrastante,0.336,0.1675,0.2234,0.273
12960,Pulsante & Sombrio,0.2464,0.1819,0.1443,0.4274
16918,Quente & Encorpado,0.1706,0.3856,0.2477,0.1961
12637,Brilhante & Intenso,0.1934,0.2613,0.3658,0.1795
13564,Pulsante & Sombrio,0.274,0.1972,0.2403,0.2886
17473,Pulsante & Sombrio,0.3213,0.2006,0.1473,0.3308
10962,Brilhante & Intenso,0.2262,0.2202,0.4376,0.116
22206,Quente & Encorpado,0.1468,0.4709,0.2058,0.1765
12416,Quente & Encorpado,0.267,0.3068,0.2566,0.1696
1464,Quente & Encorpado,0.2632,0.3186,0.2446,0.1736
1715,Pulsante & Sombrio,0.2129,0.2844,0.1713,0.3315
14859,Quente & Encorpado,0.1982,0.3697,0.1992,0.2328
21102,Brilhante & Intenso,0.1755,0.3285,0.3541,0.142
15470,Pulsante & Sombrio,0.2382,0.2356,0.1971,0.3291
3559,Brilhante & Intenso,0.222,0.1766,0.4713,0.1301
18793,Quente & Encorpado,0.1708,0.361,0.3223,0.1459
4240,Brilhante & Intenso,0.2367,0.2448,0.3345,0.184
6069,Brilhante & Intenso,0.1799,0.2073,0.5124,0.1003
19423,Brilhante & Intenso,0.1717,0.2928,0.4161,0.1194
19677,Quente & Encorpado,0.2017,0.3636,0.1778,0.2569
20727,Dinamico & Contrastante,0.328,0.1908,0.2108,0.2704
20753,Pulsante & Sombrio,0.1746,0.3248,0.1715,0.329
1561,Pulsante & Sombrio,0.2201,0.2689,0.1882,0.3227
2229,Dinamico & Contrastante,0.272,0.2703,0.2548,0.2029
11950,Pulsante & Sombrio,0.2166,0.2519,0.2005,0.331
12584,Quente & Encorpado,0.1874,0.3297,0.2303,0.2527
10359,Brilhante & Intenso,0.2863,0.268,0.3163,0.1295
16378,Brilhante & Intenso,0.1934,0.2861,0.3665,0.154
17038,Quente & Encorpado,0.1785,0.3287,0.2872,0.2056
2932,Pulsante & Sombrio,0.2029,0.2835,0.1888,0.3249
19049,Brilhante & Intenso,0.2639,0.2476,0.3553,0.1332
19113,Brilhante & Intenso,0.1769,0.215,0.4777,0.1304
19338,Dinamico & Contrastante,0.3757,0.1776,0.2465,0.2002
13422,Brilhante & Intenso,0.166,0.3017,0.409,0.1234
16255,Quente & Encorpado,0.2456,0.3281,0.2103,0.216
10439,Quente & Encorpado,0.218,0.3289,0.2833,0.1698
10384,Quente & Encorpado,0.2175,0.3478,0.2322,0.2024
13121,Quente & Encorpado,0.2263,0.309,0.3013,0.1634
14746,Quente & Encorpado,0.1702,0.3684,0.2421,0.2193
12744,Brilhante & Intenso,0.1312,0.3738,0.4006,0.0944
2819,Dinamico & Contrastante,0.3103,0.2079,0.1968,0.285
20824,Brilhante & Intenso,0.1889,0.3149,0.3355,0.1608
18239,Brilhante & Intenso,0.2351,0.2722,0.3641,0.1285
20390,Pulsante & Sombrio,0.2265,0.2351,0.2385,0.2999
16538,Quente & Encorpado,0.1714,0.391,0.1876,0.25
21803,Brilhante & Intenso,0.1917,0.2721,0.4051,0.1311
13016,Quente & Encorpado,0.1891,0.3855,0.1819,0.2435
10622,Quente & Encorpado,0.2431,0.3455,0.261,0.1504
20377,Brilhante & Intenso,0.1649,0.2203,0.5095,0.1053
16678,Dinamico & Contrastante,0.3978,0.1848,0.1704,0.247
12368,Quente & Encorpado,0.1644,0.3953,0.2847,0.1556
18158,Dinamico & Contrastante,0.4375,0.1525,0.2306,0.1793
13554,Brilhante & Intenso,0.151,0.2011,0.5508,0.0971
3732,Brilhante & Intenso,0.1766,0.2686,0.434,0.1208
20595,Quente & Encorpado,0.2312,0.3054,0.2408,0.2227
16507,Brilhante & Intenso,0.1726,0.2299,0.4911,0.1065
3997,Quente & Encorpado,0.2428,0.2756,0.214,0.2676
15957,Dinamico & Contrastante,0.4799,0.1401,0.2152,0.1647
17007,Quente & Encorpado,0.2213,0.3799,0.2292,0.1697
2637,Dinamico & Contrastante,0.4601,0.1298,0.2143,0.1959
11736,Pulsante & Sombrio,0.2642,0.1914,0.1518,0.3926
4195,Quente & Encorpado,0.2402,0.3167,0.262,0.1811
18443,Pulsante & Sombrio,0.3051,0.1756,0.1351,0.3843
20451,Pulsante & Sombrio,0.308,0.187,0.1676,0.3374
13570,Quente & Encorpado,0.187,0.307,0.2105,0.2955
20074,Pulsante & Sombrio,0.1929,0.2413,0.2078,0.358
1248,Pulsante & Sombrio,0.1888,0.1789,0.109,0.5233
18134,Brilhante & Intenso,0.1745,0.3468,0.3726,0.1061
10872,Brilhante & Intenso,0.2028,0.2573,0.3437,0.1962
11949,Brilhante & Intenso,0.2201,0.2872,0.3808,0.1119
3570,Quente & Encorpado,0.1598,0.3297,0.2088,0.3017
19282,Brilhante & Intenso,0.138,0.3649,0.3927,0.1044
10952,Pulsante & Sombrio,0.2885,0.1771,0.1708,0.3636
11976,Brilhante & Intenso,0.213,0.1972,0.477,0.1129
11642,Dinamico & Contrastante,0.3765,0.1902,0.1703,0.263
12485,Quente & Encorpado,0.2948,0.3057,0.2667,0.1329
11521,Pulsante & Sombrio,0.1838,0.1903,0.1374,0.4885
11764,Quente & Encorpado,0.2105,0.3099,0.2705,0.2091
17291,Pulsante & Sombrio,0.2172,0.2335,0.1744,0.3749
13038,Brilhante & Intenso,0.2009,0.2141,0.4939,0.0911
15160,Brilhante & Intenso,0.223,0.2434,0.3631,0.1705
18706,Dinamico & Contrastante,0.3483,0.1645,0.2173,0.27
13651,Pulsante & Sombrio,0.2868,0.1963,0.197,0.3198
18825,Brilhante & Intenso,0.1789,0.2484,0.4567,0.1161
22079,Brilhante & Intenso,0.347,0.1678,0.3703,0.1149
10942,Quente & Encorpado,0.1254,0.465,0.3144,0.0952
21190,Dinamico & Contrastante,0.301,0.2711,0.2558,0.1721
1848,Pulsante & Sombrio,0.2289,0.1703,0.1503,0.4505
11369,Brilhante & Intenso,0.162,0.2413,0.4688,0.1279
19595,Dinamico & Contrastante,0.3328,0.1796,0.2013,0.2864
1454,Pulsante & Sombrio,0.1903,0.2448,0.1464,0.4185
13253,Pulsante & Sombrio,0.256,0.2127,0.1456,0.3857
11609,Pulsante & Sombrio,0.2314,0.179,0.1645,0.4252
15500,Quente & Encorpado,0.1492,0.5162,0.2118,0.1228
12167,Brilhante & Intenso,0.2334,0.272,0.361,0.1336
16534,Dinamico & Contrastante,0.3706,0.2254,0.2305,0.1735
16468,Dinamico & Contrastante,0.2934,0.2249,0.2682,0.2135
11271,Brilhante & Intenso,0.2908,0.2393,0.3396,0.1303
20518,Dinamico & Contrastante,0.3337,0.2237,0.2153,0.2273
3586,Brilhante & Intenso,0.2014,0.2041,0.4944,0.1001
11572,Pulsante & Sombrio,0.227,0.27,0.1577,0.3453
16624,Brilhante & Intenso,0.2085,0.3205,0.3329,0.1381
14489,Quente & Encorpado,0.2548,0.3368,0.2691,0.1393
13032,Pulsante & Sombrio,0.1826,0.3152,0.1504,0.3518
15449,Pulsante & Sombrio,0.2241,0.1894,0.1542,0.4323
12686,Brilhante & Intenso,0.2812,0.2379,0.3289,0.152
22295,Dinamico & Contrastante,0.4364,0.1499,0.2139,0.1997
3414,Quente & Encorpado,0.2178,0.3276,0.3166,0.138
16017,Brilhante & Intenso,0.1634,0.2901,0.4126,0.1339
12883,Quente & Encorpado,0.166,0.4277,0.2087,0.1976
21521,Pulsante & Sombrio,0.174,0.2727,0.1384,0.4149
15067,Quente & Encorpado,0.1626,0.448,0.2141,0.1752
17845,Quente & Encorpado,0.2647,0.3069,0.2535,0.1749
13364,Quente & Encorpado,0.2431,0.3461,0.239,0.1718
21957,Pulsante & Sombrio,0.2184,0.2592,0.234,0.2884
19367,Quente & Encorpado,0.1936,0.357,0.2157,0.2337
12176,Pulsante & Sombrio,0.2222,0.1804,0.1513,0.4461
16370,Quente & Encorpado,0.1907,0.3801,0.2757,0.1535
19335,Brilhante & Intenso,0.1535,0.3265,0.3955,0.1245
12508,Dinamico & Contrastante,0.2739,0.2565,0.2258,0.2438
