ID_ARTISTA,lda_component_1,lda_component_2,lda_component_3,lda_component_4,lda_component_5,lda_component_6,lda_component_7
14776,0.18763123780243673,-0.4278030616220339,-0.015318676177540921,-0.28245217724182176,0.3691732559750673,1.153629393851597,1.334609947978306
4201,0.10399698961429935,-0.36342926798071473,0.898451008839821,0.4084750409652755,0.22938322675085218,0.051839568196856,-0.01571055813004317
13089,-0.1250817679636378,-0.690283884050484,0.8340582288342927,0.19893536557456903,1.0350056390858229,0.8722262248757652,-0.3442318232361625
3739,-0.35996170656406484,-0.8740434651506577,0.27481832517974114,-1.1196643234141948,-0.4754200127647596,1.3076331568809303,0.3244634046716685
18784,-0.20571244804952019,-0.6161133642586681,-1.354325120909736,-1.3375244047736428,-0.5648486611935134,0.7894255171532277,0.5349249371898126
1532,0.029548835506958034,-0.055852268340886385,-2.3531033352565562,2.2160213559975057,-0.9481340801063277,-0.7119773271058797,0.19265850749192898
12109,-0.11730242988788987,-0.46745980983382085,0.6747166834683553,0.7350129918904431,0.02596142026098133,-0.5119384945001164,-0.03188094184198449
14951,-0.32637654358294527,-1.566885675637601,-2.029222806364569,-2.406257420624109,0.7953856309911619,-0.15286893151213743,-1.2313904497138979
11620,-0.04388028380511996,-0.3627137986987222,0.4882605614064514,0.3643710326168076,0.5117063599969102,-0.7406910547909318,-0.3049927082758825
10885,-0.5117559600723391,1.4131543128800008,1.1538967939379448,-0.4306262590890363,-1.0429270359809113,-0.9334792554839874,-0.10751894917150043
20442,0.36040077287014843,-0.15777069226759816,-0.4435490509849793,0.19766049428685184,0.8752530408205494,-0.012680319682341639,0.21451896841670773
10317,-0.26991037725391415,0.2963062376335441,1.461389970166259,0.4636878113984988,0.2983501869282487,-0.676903507805829,-0.49208584929566634
11103,0.002929115018662639,-0.5415740281494947,0.8206740524423749,0.34214600068009665,0.3630771894619837,-0.12092853782671906,0.0498704131262374
17846,0.27549634671508577,0.07487356173201894,-1.237887104733462,-0.06127567089137931,0.5890045106816102,-1.16238379229672,-0.7061173828056552
21104,-0.2720614016121334,-0.3802785212966182,-2.1989959623390076,3.4776445086100076,-1.5089892485332292,-0.2064402366522808,-0.03498869569825516
18890,0.02459724546240958,-0.1690934112677021,0.33180120431705934,0.5639176154810164,0.7385526507191358,-1.0527573525678955,-0.1553039919070696
17722,-0.267223141563971,-0.131800506280923,-0.8005628936653478,-1.0733292780676433,-0.24046046119902267,0.66474654086198,0.1262904513317179
12591,-0.22823654036857544,-0.23663403255303414,0.8603013373083835,-0.6227879621980318,-1.4076380381364988,-1.573697330104965,-0.4781531239860032
4252,0.1488914500267783,-0.41056784204035984,0.36111777612936713,-0.18308028519189226,0.20109718534006912,0.44898048156403725,-0.18927284472601932
15293,-0.16731279990074685,0.11206579577661678,0.659469601810195,-0.018214588457643663,-2.066802884664507,-0.43837992132033604,-0.17223773827678304
19345,-0.218350177852781,-0.06299244314676535,-0.38027165760955195,-0.287796454901498,1.358368784126859,0.5386338483234046,-0.3294024964929199
20511,2.9275510585723232,0.6383032344782666,-0.7487008792374482,-0.2141412245376286,1.239884457625259,-0.6459928676380834,0.18278017176482442
12082,-0.474678679337641,-0.25692734786674365,-0.10615691073740807,-0.40994510948866575,0.21109405657716349,-0.05095010688048053,-0.2749124071726189
10329,2.635393470770048,0.6252714609063409,0.17589051751201634,0.4487517367873096,0.3335990486892925,-0.043888477289919806,-0.08803230741644036
15100,-1.1481130612763757,1.422840663497855,-1.0807860211197835,-1.3646657915596325,0.7374654897755716,0.34121926883407544,-0.78982519892322
19609,3.3832507558903244,1.4023225672937198,-0.751558410805974,-0.11484531516492738,-1.1489295122246619,-0.4919499898477233,0.0254346618663589
2841,0.45483511823531125,-0.3540251922209121,0.8144456287250931,0.5856678159464747,0.09443611808648007,0.3504824585411985,-0.15497537423827354
15302,-0.41314517105039156,-0.2543875192687748,-0.24570053957253224,-0.3082195661243274,1.0690272054663088,0.2866058507965124,0.20352019630585308
10213,-0.3523345549616714,-0.8807831496638147,0.15174092414635157,0.8206518297892517,-0.3012963103039025,0.7919001554859644,-0.2740191749571827
12139,-0.2546435978721773,-0.5796096484692058,1.0636944373571968,0.40908953402546816,0.5357592934663864,0.5651062236400812,-0.49529433463423694
15047,3.8327939936487216,1.2303480890770395,0.10110375969081323,0.07888229569516711,-0.25736610845405344,-0.8732119984965788,-0.10880732970067065
14764,3.5730075204619034,1.271519898591117,-0.7161090217145091,-0.34374506760484735,-0.20396659531740877,0.17906152222124316,-0.33722732294918456
11681,-0.4842413305054816,-0.046219546141469524,-0.10858383277260208,-0.2828309635291053,-0.8038087000757921,0.8753527483440566,-0.34295553003523455
17877,-0.43596356421269883,-0.5110374772857742,-0.943303559396178,-0.8371779290656912,-0.20697134348181692,-0.7033990021982854,-0.20074118530352325
16693,-0.16593508110496238,-0.7983301295780643,1.0136676655184418,-0.5455308527030677,0.14058241605487398,1.3179693756190238,-0.6544896366093256
12003,-0.9431364100652133,1.5516351300679543,1.0971128874693221,0.22904997612578665,0.9999108230811482,1.1374520102886263,0.014115694151287586
15202,0.15065781982378285,-0.010082514812544642,-0.3131015925074567,0.06898356166066544,-0.24127486918857596,-0.10615298531678405,-0.2637788798811795
11815,0.15951010428083306,1.4803201242688966,-1.2086079016019784,0.12938752584458219,-1.4617161323278618,-1.0447989763869914,0.8327060534915749
12282,-0.6672671189198901,1.5959190236749174,-0.7538057133575742,-0.9777054250343031,0.25792518533850584,0.07276234156049527,-0.07896869810093986
10782,-0.1385826082546711,-0.2753371952346256,1.183222172651905,0.39459647416170907,-0.9507596216975738,-0.06411108919595819,0.39339572151549224
4293,-0.07941902335994652,0.17362559920616444,-2.4121695868719137,-2.401940814526978,0.6825678414580145,0.5204120173679091,-0.21661646529669903
16902,0.8447687113520841,1.1387460051354987,-0.48784134501622006,-0.15317476606090888,-0.2377425091797002,-0.9294861773482577,-0.6555908784602075
17129,2.4480709119670916,0.522167421499013,0.67430051807609,0.4889395882838025,0.11298647917339935,-0.27593259962263167,-0.6215982161852094
11255,1.693276239955941,-4.517793221385837,-0.5179204186281962,-1.0440766485864847,-1.3537297610704064,1.3781702134562417,0.534495377026444
15811,0.34013499878498726,-0.6771087472460113,1.3318761308818887,0.7797951415571656,1.413906914542588,0.5861605766516353,-0.16164141281869865
22454,0.06885082800268306,0.3374196437874529,-0.2280803346027181,0.6711350635211647,0.23431846874680853,1.7626881926030746,0.5880325382197918
16799,0.03408073859850324,-0.5426991650402162,0.8883961103079782,0.38642008642822007,-0.14952546221772445,-0.7311499524623655,0.10774737747135733
3285,-0.08650756585406107,0.008055325860325018,0.12597369455949442,0.3366230340010358,-0.9790484108720519,-0.4144608455326912,-0.044611652233988996
11846,0.18463191946457824,-0.5063494618890712,0.8615876508641087,0.6847097304785922,1.1562837578920482,0.18393561482907014,0.135232059349963
11435,0.27004590802178396,-0.24260648201920412,-0.8697936610188794,0.9052662812837635,0.9220354211950977,-1.1322595605108885,0.42617861566774773
13034,0.15816457598655337,0.040509172560316116,-0.33955696666535157,0.3136173816137787,-0.05653070495295748,-0.44979238516420295,0.26497052457103093
22582,-0.005587365780681079,-0.8976712978044198,1.5686803021727302,0.8245486647255571,1.3817384629680138,0.8752052530791494,-0.2613932010004247
17933,-0.1811528062866164,-0.2819408433883597,-0.3719545559270241,-0.05906413338480338,0.2697941454230652,-1.1885649402926746,0.27349909530787175
16533,-0.2771787435392868,-0.4750261699099045,-1.0208343443803938,-1.218341286389637,0.40531624571270947,0.03447039500329868,-0.19958216641365617
15343,-1.2820838502570626,3.25169982970938,0.5197505976336589,0.3422778431548881,-0.14510620397226537,0.21505944492174095,-0.1177760402452689
16652,3.5293301149497744,-7.827957172965489,0.6376587649038981,0.4065715493273949,0.11779250788113606,-0.5255592031174892,5.202559565377037
22222,-0.3809389555661617,-0.23577131525075998,-3.249480418966741,1.7473351194649758,0.6502069982170322,-0.5345696651317952,-0.33915856765062813
11823,1.8939207568779928,-4.478987430798814,-0.16032610090982963,0.03655151838111129,-1.1331467109123667,-0.74382254253797,0.2593671315523503
11434,0.17755012005123108,-0.6325727871497664,0.8059926021799894,0.49849312629817244,0.8992991336332752,0.12489892236596281,-0.216696145139586
21770,0.6334343737482917,-0.06893309244884706,0.24066826977899589,0.5260142011322113,1.5439151780887386,0.28893147252771356,0.19403448756581668
11717,-0.8765833375192218,1.5687083586891897,-0.6485566322083715,-0.10079375378982196,0.199233870516734,-0.7280141837637316,0.2932208470979976
10300,-0.10702519161814449,-0.3408031197417623,0.20346995571590226,0.1787028816414508,-0.3543730181694899,0.4252703990782022,0.4613584235617038
13234,-0.643565376167531,2.2909313714978254,-2.303926451196784,-1.6304239739953896,1.191871142729741,0.031170234006796284,-0.6916702094213034
17388,0.09278685516613476,-0.06545459077622157,-0.059656352386052776,0.13641187965094312,1.5753375582906353,0.6987176705382367,-0.05340028973041351
18055,0.06399491922083902,-0.4312092605741915,0.976253348975591,1.0298457091237596,0.3047453014084071,0.2904791465154763,0.2467681943026238
3039,-1.1258276999442691,2.6913034354521574,0.43168145830003907,0.3147493505549287,0.14227172898233886,-0.13474232734439032,0.36438439047296645
11169,-0.3799722860445351,-0.3572243570349067,-0.6849180343508813,-0.12875945712989698,-0.8183244725928177,-1.4056257930701395,0.3461507331984324
10474,2.6496276956962586,0.7300357328472367,0.4310218690824954,-0.17108055632432723,-1.501487074379892,0.1839446392570053,1.949072862078719
18410,-0.13266660114031842,-0.22291156396949893,0.3232556188092378,-0.4880853372790261,-0.5986531257697477,0.8261093315200428,-0.6152500075154971
11901,0.2429765873624239,0.0041560671927203625,0.027976237702924973,0.3737001663646808,0.4554708308359637,-0.44292112483380686,0.4527307828369392
19290,0.07782841570292996,-0.02048001663856747,-0.7478668725327879,-0.8508987678863484,-0.21658357615058135,0.04658478851421162,-0.3338152521507372
11327,0.002757578968189962,-0.13798660708411684,-0.3224810987934689,0.26836945689109326,-0.07252692499503617,0.18554157643178287,-0.3105985955595752
16373,-0.25461711327927633,0.2777194031237022,1.2491273801628375,-0.3823170890469173,-1.1777294624518428,0.0642490624683978,-0.6538280857568604
20318,-0.0370370752702906,-0.09038389278775243,-2.4267595179175028,-2.2387209324812662,-0.6320064872210853,0.9242153427311659,0.061620395912038606
1309,0.019580601940249236,-0.7858590944368523,0.922054524693573,0.654712865233582,0.5025312104836549,0.6198597499806331,0.12803513722419613
10623,0.15645559194429987,-0.40008526618471596,1.0080218642559113,0.36274551796644794,0.16661085133927978,0.008955349613889975,-0.03947482059898903
21809,-0.13991505768258286,-0.042509413036406846,-0.24283295578423783,-0.14081185105070015,0.5675775555457705,-0.7316112769200849,1.0671692983784842
9707,-0.321965838942702,-0.3876079346101529,0.646899712498306,-0.40671844908660354,-1.28912941833264,1.0905379975577325,0.05795193553850443
10836,2.6062485557542727,0.7752585576727983,0.05919787140426545,0.36428574486099996,-0.09336367130818285,0.06598841352631518,0.1240452417840041
12247,-0.19466138625458448,-0.4308187067761247,0.6985790066560377,0.391857196619839,0.10567850732642053,0.46215029214460107,-0.311343275555312
1483,-0.4775579422209661,1.8678582331864144,0.34415161770848796,0.40294782857768513,0.8991216220611911,-0.46726764725102155,0.3044400434066027
11382,0.38591443970507305,0.261621616693099,0.9132835930091504,1.2238204557350607,1.7574400560282362,0.2037189210276605,-10.234935668643658
9944,0.3854955748160542,-0.013542442855056538,3.2407842813391317,-4.021050828438434,0.8975295075455164,-0.9085187820880137,-1.1063754094516551
16263,-0.0444316454726071,-0.4268365820877524,0.15834919384155977,0.786120982840108,0.27480285329388254,-1.328341164601135,0.08069455907936575
17197,-0.2881077569990748,-0.0473305972878073,-0.9688743354768102,-0.7486222750454147,-0.7855117375948764,0.22110008636903658,0.1692029366477892
11611,-0.7532517303090253,1.1617788009275722,-1.2666465457476275,-2.5378072386572557,0.44749928925324417,1.3884824523664134,-0.34418660053873434
20749,0.06943548275579255,-0.18726761693717173,0.38175851801221855,-0.21568588068555528,0.6908223718498895,0.27195354682966005,0.03789301241866197
14811,-0.06993435699514902,0.12677468419373827,-0.8701439622387105,-0.5239132448310478,-0.8511044943118727,-0.21851417747369445,0.05169141623371355
11240,-0.291509895135193,-0.7256238282768165,0.7657700328429946,0.07029864023239774,0.7973565129140546,0.515387373329012,-0.036763175256461784
14835,-0.42505456057994456,-0.17269678462276558,-0.23941438758980052,-0.29870258556748674,-0.8841746143374146,-1.9624710600805435,-0.31468041507205574
10747,0.04868542248125709,-0.5453616387198464,1.0365763045898755,0.3742264779684378,0.23474490080858054,0.2923236625451703,0.08752024354808313
20105,-0.4047181501343065,-0.5693838206824986,-0.08596417597093249,-0.5745603689904417,-0.21690727034048413,0.46424547966383933,-0.1909036879399071
18644,-0.3759807584694844,-0.16996219833488116,-0.05140990054760882,-0.2450727943256909,-1.9363110967204382,-0.9775687399267045,-0.6273907314034435
3929,0.006173588830345858,-0.05464151574451901,-0.8704655115814915,0.5480527361078659,-0.11611951322707918,-2.080124939938711,-0.44487553660468476
11248,0.1876965626749202,-0.16513089229364805,-1.7598512793887229,-0.5444624037076266,1.0053720702414404,0.03848993010991288,0.2930942980840826
17337,-0.0521271277810118,-0.6188869807976217,0.6081724286971246,0.5752518141280593,1.324902050364279,0.7336435325107894,-0.07151807591082782
16959,0.2691717146254731,-0.3477202099300849,0.09594289276758283,-0.17640202484761736,0.14043519759925135,-0.1063296842094117,-0.24427087163464162
17128,0.33529329907530764,-0.3575011672180806,0.9182405997041361,0.643779310596889,0.7969287448683839,0.2434280023613558,0.08093898070897422
13394,-0.386189314757132,-0.5399231573431745,-0.24713442764307553,-0.508924997342001,-0.6681027047267762,0.3842454374383384,-0.3744434283079944
3622,-0.5523284379750898,-0.15652291291216222,-0.08470071539563422,-0.5531045519796357,-1.2616538325979065,1.0938457703083877,0.5265540602743601
18425,0.36077045146582104,0.024379265852208384,1.7646417314580958,-4.344393381742104,2.545973700366756,-1.4429750654994284,0.14114127876051108
17085,0.08133926444488182,-0.5915076747798395,1.059094842599466,0.5178371439961622,0.08642689327604004,0.42277452075665806,0.11462358370829046
3111,-1.3564564060372117,2.5915177148514177,0.09994129444904731,0.27115698514164366,0.4493451424539737,0.5259740603385235,-0.062071362115794435
12195,-0.331842995986009,-0.6016064185497322,1.2821099173210428,-0.10584506732807568,0.22748456535522488,-0.052796775531203995,-0.5118439295147605
15023,-0.05284410819753664,-0.19481610252471737,1.242616154110402,1.1085933186409174,0.6955917687300176,-0.15232476491018287,-0.344999701052423
3982,3.5875125512866997,1.2986556700464713,0.05034808515781976,-0.30518665876488077,-1.4306575098568022,-0.6113142351900378,-0.0691475487408539
12678,0.2815077596423941,-0.4008829586074252,0.4348053669581522,0.27946830269021394,0.7485144431401257,0.04785535526404996,-0.3049088455259016
18849,-0.21534381253562307,-0.28457996062788365,0.7700031526660887,0.2572880494167817,0.09278426177132258,-0.6371572220015363,-0.6032107432273112
16010,0.11921788121461713,-0.07303032855995753,0.9699813219964666,0.04151829999489097,-0.1830316211006364,0.693407853491606,0.012253662071394113
17921,0.3443352174833974,-0.06562691909646606,0.46831784775153806,0.28915291191840675,0.7827501045698159,-0.05581729177949703,0.10017105148646863
13373,0.1534421894379554,0.1887349297197576,-0.7453822292501409,-0.0837858228870365,0.5041875810264469,0.4799840819988889,0.09098245607620611
18960,-0.8395002783797842,1.3221883965487773,1.724044086497135,0.23685153346523768,0.21456081199250293,1.2391070656454313,0.16625865785594046
11344,1.5165574442307992,0.3798379350768448,0.4787879903294356,0.7499247463841026,0.8373966046429648,-0.35338485880736586,0.12547372588344213
13531,-0.1785915967900688,-0.4426361318676398,1.327230189223627,1.2147300220770767,-1.2487973479175838,-1.9552256589369292,-0.6439841531002097
21830,-1.416394470855306,1.8785363667937178,0.8391400335988036,-0.31383385669556835,-2.256534391587966,0.4900786580683408,0.22262611171297003
21229,0.18569149035698007,-0.4266705522880374,0.5594699690374835,0.7918071432917495,1.147930319525128,0.28385036295570903,-0.2658952288460785
18335,-0.07999372710941323,-0.41921827161655173,0.2792157179279587,-0.4505901411683512,0.4262797864169195,0.46754328201603074,0.808131341857126
16105,1.3487451419386403,0.23970990180628454,0.7481339562327162,-0.20518400767197503,-2.911818971587933,0.9371500175454587,-0.5460483956617098
14621,-0.2718569187657917,-0.8717192363785063,1.2234079998391885,-0.2223078152933515,-1.84163965986355,0.6821305439964644,-0.9157393074010026
9828,-0.0900699433820165,-0.10683504406936946,-0.17348865660272939,0.3174642004138172,-0.4929967681505002,-0.8115165217028796,-0.16739641365689037
16862,0.45211027284831456,-0.07724802817134524,0.3316258934365363,-0.016511629857375275,-0.04764431399032629,0.7390170604076653,0.1776700748820186
21038,0.24292728411553713,-0.07877843517975897,-1.5955339779801014,3.233247166509008,0.24017708006841942,-0.1703582684051548,0.039680214765170266
6740,0.1713265315363031,-0.14625479519848575,0.49283446805832865,0.8694465334248588,0.9149904553742222,0.4780332806160247,0.04168166226366745
17330,-0.24839183059139366,0.01036762365105827,-0.11573854565868243,-0.7166161758716517,-0.41506004932480806,-0.723600445342711,-0.2749344248881366
20775,-0.23821861779982353,-0.287817278195946,-1.6475755106085124,2.9556666242339604,0.004761679192039847,0.5634379457259141,-0.010134745076785663
12401,-0.6515339071296594,-0.5033111025026779,-1.0658551813192618,-1.7741279934543834,-0.23441533360094305,0.9911636923378233,-0.014972973898229004
18692,0.2812418876079627,-0.4983730356302108,-0.20632327652443366,-1.063132280893548,-0.9964355238436023,0.8471035115723127,0.03496931946083184
21795,0.19498592727299863,-0.10978108874181482,0.7069011488330359,0.17939584877272,0.524930802021539,-0.09109551552033182,-0.13886407167170736
11342,-0.29133675335987314,0.6120952901592911,0.48097206253626673,-0.8339013223080378,-1.3353589668338952,-0.24807384826922907,0.12003167523505076
2073,-1.0249456382030167,2.1437415239798185,-0.2532964639509224,0.0878268287874538,0.15584890128100098,0.43967089901221645,-0.0020461086392252435
18232,0.17240425462583442,-0.2510354827671274,1.0130506868070699,0.6342492577096014,0.6084428130729838,0.41096998357355025,0.2411839198424786
17381,-0.07366014475144922,-0.7646995132471545,1.2627993830340276,0.37421519551932275,0.23201754732027519,1.275754347031991,-0.6256510813730746
10378,0.13055249259673762,-0.5058152929238874,1.4506136973386994,0.5926113455355471,0.6173376896992189,0.5103532698453754,-0.08101372725369524
14944,-0.7712611265304742,1.8244859471030126,-0.38373269439982605,-0.036482400764798986,0.2095552471056448,0.6196395850352596,0.004070417290573484
19503,-0.15992794044535535,-0.4596686356721508,0.6141068674905418,0.45036735894070157,0.050284899871661785,0.5467218724940599,-0.7320078770927937
3655,0.29156685863275084,-0.27012334430477825,0.16546916067367048,-0.3598379437656441,0.32544922681513955,1.50513880508293,-0.0628834758035786
19733,-0.5429595532009039,-0.4975054618254747,1.3844613506376788,-0.6268470282425618,-1.6883956211786608,0.42197967136884423,1.8809735254350686
17705,-0.3790243409327189,-0.34409772333283173,0.12926715338511421,-1.1570325746258845,-0.9633129455483461,1.8002294598110993,-0.03272260609431282
13262,-0.4066487927840003,-0.3578777968829231,0.10068563991004433,-1.1882487904201882,-1.4486976866556682,-0.11905624775104642,-0.3873349450980208
3169,-1.1226800745651724,2.8152493242111998,0.25804320971725053,0.1024044288448762,-0.1322334880439582,-0.9278613334757184,-0.12058197744648701
11911,-0.42056086518976715,-0.6319702752613424,0.2815614873226528,0.07609376215266267,0.733782051953832,-0.1133644755803694,-0.1434826676868374
22612,1.793303780863465,-4.532635203234207,0.43446574025170365,0.054012481277177365,-1.5805679933597416,-1.9977140696224263,-0.22642976647387278
20568,-0.18540594073555042,0.17953154752793768,0.15756833362273054,-0.06383557814506177,0.9041596691558926,0.5306798295753765,0.0021960698151415603
17011,-0.129693319101142,-0.14755158550159114,0.6913622505835136,0.13712293504094364,0.28448353066348014,-0.39340177207281957,0.6900627834298894
21821,0.1371637579979782,-0.6683338146930651,1.178992579576828,0.5925699252467828,0.7585974947096898,0.18846153102697574,-0.09436762694582117
11177,0.31554409954620194,-0.07725040253241638,-0.31721039317468264,-0.061966856674652446,0.45156950475691093,-0.5990872782819784,0.2303519193733503
16399,-0.30678287732241155,-0.7480443455440061,-0.24660890693806503,-0.211995427058146,0.5060163644673749,0.989873821682162,0.029181069893297554
17993,0.20803163437283895,0.11945908966135706,-0.651070260612356,-0.1660432192796702,-0.5823063620672394,-0.7015517706316473,0.08330485164900392
4229,-0.37511259154528276,-0.4091159305535118,0.7137324967065904,-0.15060572694640836,-1.6462018642106162,-1.6028380214188394,-0.0959454524481905
21955,-0.5784114100390816,-0.04513984868710102,-0.36165563576078336,-1.321780422688637,-0.4359467278469883,0.2912068693028757,-0.040355552633379796
4133,-1.3523163362844894,2.6224317071000334,-0.023237932282180615,-0.3319026271805326,0.400108145976849,0.020081908510851926,0.09206184637713044
1583,-0.7641136706477383,1.8791228178635078,-0.6724853220368762,0.24361450442299987,0.7701735685705785,-0.2878256863835921,0.040203071894102486
20887,-0.3115556031032211,-0.1604745531995621,-2.0966874730874694,2.3396944348589535,-1.054476492679992,0.09690332862518469,0.12526273856704986
13556,-0.39691332715988753,-0.2177844097972349,-0.9379388100032076,-1.53749322230686,0.44662728188067474,-0.0745898171597098,-0.32484811119619533
9981,2.1745027920628264,-4.496334542309832,-0.35864481633959555,-0.09755714808620146,-0.11782183277196574,0.2367120232721212,0.1397126194597152
19774,0.08784323815600435,0.2744526863996626,-0.8403498308403016,0.5445942069505378,-0.24028512972757157,-0.5928995464534769,0.4278833480495208
11541,0.1114543652684163,-0.5722853555099056,2.3374543412483195,1.5244455610280223,0.035430287830813,0.28184239978219044,-0.013103774370142372
22389,-0.23236116674927393,-0.4228078874630003,0.20673635420679395,0.2942107580943421,0.052113222468441425,0.21909831255140622,-0.4186812255741541
13526,3.110073978843052,0.8425991118096121,0.13239038456807162,-0.4261290982880733,-1.3065208349754638,0.22260637541213393,-0.6402274564029533
21399,0.2748697798202565,0.20355620125482596,0.6373901147011614,0.4925351208003796,-0.2801314053061714,-0.7525711486700909,-0.37164265902976384
9744,1.9781050124254054,-4.346210716072627,-0.7332171837108366,0.10640913100566435,-0.37682921704434363,-0.8399184680391736,0.6877278445993362
13596,-0.11933135478561416,-0.3799706184940015,-0.71514535871535,-0.9157254279652097,0.14206379797881769,-0.12138941784633052,0.5834021109210976
12376,-0.17155692511188306,0.048722155880007306,0.41709286396408407,-0.07622732386696933,0.46195850535547506,0.5798283121047771,-0.2726565970883003
1821,-0.9930018795835417,2.6184668514344565,0.5962250810609697,0.4931954800233408,0.21445828847377738,0.046904524248182033,0.25818878974219955
10720,2.6433429187653426,0.715153115725612,0.36623338689934526,-0.20252839995080962,-0.8861509238343642,0.23225883838455105,-0.1832164146509361
20113,0.28239172677698,-0.41137106157776365,0.9520824719002781,0.40025653444238224,0.7526059373955798,0.7564977638587318,0.16055352394871947
21279,0.028659422422540444,0.33702268973479504,-0.20590509266769288,0.5593825379616181,0.18833339724377868,-1.1384296854700175,-0.04797037152521659
12016,-0.24989499990020708,-0.4424518094914058,0.278147317605023,-0.05481424826273013,-0.6807092959240182,-0.8955562965823838,-0.4350736830709495
12297,0.8349920230074944,0.02386848542756772,-1.0980959142448767,-1.220235254495074,1.0266860552014327,0.5231255639667184,-0.18489094148759824
22209,0.20652150601187136,-0.021620272081356116,-0.2470012089117875,0.8604618237957564,2.781502467286572,-0.2822384046041109,0.7424827021703413
22137,-0.21838690703410601,0.0727961721004812,-3.534363753258255,3.1222654137590937,-0.21281012270630975,-0.5389158683679196,-0.3021525710648711
19168,0.24610358703274907,-0.21896617679014072,0.5289019440325015,0.5297786111936654,0.5822379965684691,-0.17840206557556512,-0.3095558375328201
18405,-0.22418526423428536,-0.5267845354857681,0.025880875254434083,-0.23420929524392786,-0.42703258108807357,1.2061509987522379,0.561978828377331
17132,2.2405529791146748,0.7917560073862128,-0.12828692132746936,0.246323169463331,-0.9882648044916934,-0.4547802438831386,-0.6420358045747911
18860,-0.5980243466043507,-0.4677710457981788,0.1721756073504661,0.7034683907739444,-0.4714825946498462,-1.3138987641538906,-0.24041033611249993
12095,1.2420910566998764,1.3702380091220305,-0.137985948464785,-0.4815029252801412,0.08650273150379885,0.8955881611791391,0.0655236257496222
15965,-0.16983159557702537,-0.3693056645723121,-0.7062331858234006,0.7658111349331516,-0.34767000237047685,-1.7755042059699435,-0.19573220051399812
21261,-0.029648702758433794,-0.758696291069971,1.1287020262226344,0.45517318064681694,1.4102495039499716,-0.29304348971023025,-0.3228018407461079
11568,-0.2582406390985946,-0.8390733020963732,-0.8422409440232265,-1.8520232376559378,-0.06877366909018316,0.9865498153827484,0.08474082702825537
15134,0.11530384412717504,-0.0625092088567606,-0.7067392368166845,-0.1815111724884461,0.24988130276512008,0.17302358791622083,0.7325282650175606
20703,-0.24759648735966652,-0.1738991366500049,-2.3090119322230405,3.3070182707092277,-0.9476069253086379,-0.17550690626931817,-0.3293882748211501
20033,-0.015304417053230839,-0.4322487405363641,-1.4176788632790347,-1.5475372424810518,-0.38517774074095545,0.4533786706643953,0.05779666626954558
3685,-0.451297213195519,-0.3882813149566808,0.834600097819549,-1.1863877915145995,-2.896530793848296,1.7499404333419462,-0.2589447973625764
15204,0.3593480881533216,-0.06528672197446417,-1.571462546989473,0.5742722673187218,1.0257802469465682,0.8635580247003332,0.09365802435018818
3071,-0.4384514933394837,0.5651277143941349,-0.09493488197576957,0.8292839117590881,0.3354619701385904,0.1323661424097328,0.0037573171662522867
15042,-0.07213814154144578,-0.1077948921286385,-1.9670347504860484,-0.04205068447181827,1.6808747547445513,0.5880711286798043,-0.046849710940143376
9956,0.2679999298108141,-0.4964086363363718,0.308394568150668,0.06622967538565461,0.38424460804104454,0.15673490688115096,-0.014940969921762791
3988,0.17052107560596527,-0.4154538414636691,0.7138236828578032,-0.0921162743082935,0.22787603005299922,-0.0998187553735588,0.21052395057152726
22219,0.03422813975375198,0.010177387066036346,0.21346980759711456,-0.23518629067760208,1.6447549196205133,0.7418434689088805,-0.7449829206672535
12849,-0.018554392901151052,0.20470831852860696,-0.28088924319990366,-0.5695763132688484,1.0447924474528192,-0.5933910103506763,0.26063180652609536
16703,2.7902471988027853,0.8181533815549111,1.1700328301992369,0.7232895359797448,0.2660620988930748,-0.052535481303415635,-0.3030405234158126
14765,4.094792948837977,1.539510948523719,0.02718605585820682,-0.1188568852565317,-0.6845119772997712,-0.9228476820147384,1.065736096096642
22181,2.6212701171479633,0.8769273201917832,-0.15636369655656399,0.24883922460969748,0.049818164456048905,-0.7419602598051217,-0.010216226357223553
3290,-0.3750531808346626,-0.6287090575816229,-0.6427391564922985,-0.2393369851843969,-0.35236926479046565,-1.9886145573378158,-0.554482775505498
18370,-0.11452638385151764,-0.3274999592120093,0.09852337627480001,-0.4186609352734794,0.38605580567476055,0.7454607875008625,-0.21822000595467037
18856,0.8204763548825547,1.2819883966871135,-0.9168701802295407,-0.6565308750150864,-0.5862967818230053,-1.5184760545094977,0.2961516620993614
18944,-1.160540448253133,1.7430333921651717,-0.5482199991104061,-0.6532541674021377,-0.1684326254619193,0.2283180666970242,-0.09052068332485014
12230,-0.2096760623228346,-0.4186174703123353,-1.5251747654119552,1.3017868566393835,0.571563012088943,-0.5445500179040712,0.0007384364721717498
10770,-0.010545478755338735,-0.186619288283718,0.6770167052143581,-0.18109382604871263,-1.3765096939825159,0.2667894560712362,-0.6905903624959275
10874,0.0826274246042561,-0.5610520750170983,0.6083478620228348,-0.1604463828236725,-0.21374741995359958,1.0370080502448102,-0.6909229220328318
9722,-0.8879046648090935,1.7431928820515854,-0.26690236816647744,-0.009769596103432476,0.7433049135977423,1.5687651738915342,-0.18648817018764557
19206,2.5331732048876243,0.6984928235805311,0.39090339017133724,0.22521327445296882,0.21262598432687377,0.3447378015455361,0.1472034647139667
17966,-0.10027739914317949,0.22667647192365573,-1.5803885349385547,-1.1344956410172462,-0.5484990012499958,0.24541328724818504,0.3492729848124999
13365,-0.12044619323487625,-0.5085568075772323,1.4475742347031801,0.8226587639171219,-0.7126612622698191,-0.9220256733546242,0.2678455230017932
9778,-0.5091802457829688,-0.595201358949306,0.6448990146905101,0.219895698013507,-0.59043746950912,0.5925648234164412,-0.05452105308731549
19773,0.19988078137432927,0.11402049576153861,-0.38762467547711965,0.8299769061856849,4.171066726872753,-4.427220605823569,1.0043578468678542
10250,-0.04638215265403841,1.5779309710160967,-0.41010288994199445,0.6102739294664231,-0.22288320494872577,-1.2186736760008805,0.3051742152948468
3793,-1.5343777439898674,2.203217033314213,0.7069630582119969,-0.3940760578961419,-1.6863399781432014,0.41002434009424876,-0.7237017777776569
9977,0.7853729622426958,-0.36742220368086353,1.1221428610842528,0.6093484985034293,0.9762823879147976,0.346080439814097,-0.262955265283222
17203,-0.18945637324780157,0.38058842042942737,0.5164277028764401,0.6828802050764693,-0.40317135033080803,0.33203264116023856,0.3236678118597271
20084,-0.09676533700283112,-0.7290068892250754,1.2539651802396852,0.6000053174137083,0.6169218989393628,0.05683757938496372,-0.28016658298358577
1384,-0.1014874439753813,-0.3039141787365137,0.1338218299149578,-0.09566190099040021,0.4400427081285786,0.325836858413387,-0.2376105135044749
14759,0.2426303964236808,-0.35618367089593983,1.237439963427394,0.44017364208581833,0.6812644711136905,0.17816933175248686,0.511171284094485
18668,0.009533816585731969,-0.32353828239191507,-1.4117075261468723,-0.6718284844461287,0.9957548948439912,0.49504277265424595,0.49310329058469365
11730,-0.17471971612034237,-0.5435154092232743,-0.5765851761267913,-0.8200805772152899,-0.46222142596503185,1.2779211080524864,-0.037934578821341484
21816,0.7504023223084266,0.5082443141069204,0.6532748328063255,0.25657207430005874,0.4839983452935847,0.6417775635522287,0.04348078756460929
17813,-0.17801210877930265,-0.45584777606151333,0.6135738713663905,-0.5561039532751079,-0.6114176570421643,1.0116676605111623,2.10237353052359
20827,-0.04204786080809729,0.00395147923427423,-0.10228363655840696,-0.41166629597856447,-0.5260489432286028,2.0379629297092787,0.46104388301447574
17097,3.785266252176239,1.283131100527135,0.2226856921668607,-0.21786427478782952,-0.8740015197018751,-0.455691930646915,-0.41475665873048745
18551,2.459495503637818,0.9749991075371343,0.3901859306177398,0.42774746370375205,0.40388424794370986,-1.0355845068500378,-0.4284023460501842
17269,-0.06530121630514159,-0.3411561260214966,-0.5101610586620438,-0.39387254378247605,0.7715744949868063,0.47494208377360914,-0.1317622310527545
14797,-0.6054944181248969,-0.5379135353747867,-0.8959959809185774,-1.077405123337251,-0.37741419652367153,-2.137151149455754,-0.41905251450190134
11165,-0.20320181273487972,-0.45905780269263075,0.8452384349506462,0.36126648754463825,0.15106809105687588,-0.16336755210983697,-0.042107144326787554
11699,-0.15146550879653614,-0.6727089505962035,1.1932243089524568,0.3189732512822187,0.38993170293756774,0.6868548044657315,-0.1589275495490398
21429,0.3944333718041018,-0.24704352512050157,1.3415276191471652,1.003089632529324,0.4410075105577375,0.27169237048211325,0.13425333770734102
20684,0.019471697287757186,-0.37249793622821664,0.9039397039352862,0.36890740291831764,-0.5354247915518311,-1.2240399796586423,0.09188193977209706
16889,-0.3603854841348963,-0.39914461898748177,0.16995458917068562,0.1720113301660747,-2.5579697066079654,-1.3465600762998124,-0.5246099904109712
16718,-0.24747797766200716,0.07143252641637246,-0.9688724414037608,-0.046138784787663395,-0.3214305383146772,-0.8209747788221354,0.05343170596219603
20670,0.06291647741705939,-0.8005718552549048,1.1720880542669998,0.7548925099696672,2.1355390740030185,0.4880680200647109,-0.35888269536172973
16287,0.16653482804757375,0.09898331006658534,-0.07883662028481436,-0.5085408822653742,0.03076653460784964,-0.5536969160435745,-0.009157576812856444
17597,3.260321224013841,0.9206627788024789,0.21821344335899567,-0.6184494749340956,-0.8804349384425384,0.43785413895122993,-0.43464471135730776
11160,-0.07025205799704198,-0.39497143602183693,-0.5723363212154693,-0.40634928893107003,1.3390974670754472,0.10088700180327417,0.6148937768392955
20387,0.12963966113848077,0.15199198053478083,-0.5938088212228644,0.5598577636903433,0.012204400633425334,-0.5360731513644181,0.11381529132102992
19401,-0.22614915584899892,-0.08105828648073586,0.1801307861308678,1.8192890534699686,-0.5072174767823482,-1.152847298721576,0.2239356171331962
17961,-0.008341081872376954,-0.12059103588460571,0.20373751924052408,0.019277344403687308,-1.2251972169870087,-0.7191369457042469,0.6671657986226188
11970,-0.20217226848216063,-0.7958728912134229,0.9475349107897993,0.10865319925409424,-1.1347195483108834,1.0430133443803808,0.9026437322359878
1424,-0.007390392316926649,-0.7409496339796124,1.8496548626404976,-0.26355210119830397,-3.145326037585846,1.9767914877335313,-0.8208822140298454
3578,-0.4826845554563087,-0.6868210710937812,-0.16169778838843213,-0.5011784579698539,-0.33177239017821086,-1.4988085546071759,0.24951430912817563
2691,-0.0020224471547318026,-0.09053138283155221,-0.3149897991935212,-0.24041573961519647,-1.0147231431987167,-0.12996717341553335,9.941375272062958
15703,-0.421077225416359,-0.8791452934846112,-1.3280745474602988,-1.7324133641347073,0.835632836372561,1.991549712839739,0.2802646043262144
14128,0.15200707156550103,0.09767011965646169,-0.019889176744634536,0.6846842950886086,-0.7686936483717705,-0.7534692212258738,0.2689260965345993
1288,0.10284293917807052,-0.6858141659955932,0.7143136646907898,0.37258833060544577,1.0043777635463063,0.5140537480420315,-0.14539441701939698
18870,-0.1752811253936349,-0.39438740497750474,-1.0991166011646734,-1.7320769343210354,0.4009894703517417,0.9603005477917332,-0.6310539776027057
2066,-0.36116805063253604,-0.6031648675486849,0.9442528231942587,-0.14410223536452132,0.004764977397185086,0.6236400587096944,0.3154650881460664
17725,-0.1352317410533598,-0.49942195466492556,1.063912110460387,0.09251842289849611,-1.99943507870492,0.6647930070696987,-0.3679848470646724
20813,3.8065255672437885,1.0372471786614808,0.10245137296753318,0.014683267692756755,-0.40247362894926453,0.06517064307150758,-0.3775862152352991
14854,3.5172888563759463,1.0050181213573177,0.4680148808893892,-0.04716518155998427,0.3731377975679131,-0.05715405867035686,0.191737620316608
18934,0.31526614796374136,-0.46527160122348105,1.0813453529911177,0.8830280300458668,1.2763038453062048,-0.06451278639526782,-0.02490637391381563
12359,0.27128817817643486,-0.13790761698418164,0.05595616028693176,0.5978649518589565,1.048532030161794,-0.1799888200288043,0.24154308197342106
14804,2.188645836483638,0.4276349846831119,1.2933837507663315,-0.3159736584020646,-0.06587088176885081,-0.7192597931861774,-0.4480344955202027
1654,-0.2760817924413283,-0.2223533912911358,-1.8147028398350262,-1.4609761940606765,0.4434029177245561,0.16012774864002322,-0.17675648398470006
13239,-0.12356747102506623,-0.12546377870422956,-0.2715246515314021,-0.14087698501897394,0.24294885754819,0.6672399126523748,0.7988112152221574
15454,-1.0157828122954902,1.7880564965580288,0.4229866700908476,0.39610072602009705,-0.26285390199641234,-0.04435897916358138,-0.23305712323121913
14842,-0.018432607957430125,0.2436528615991538,-0.2492814328670689,0.02760040635308395,-1.3040196518551606,-0.7459795928267794,2.122245515650245
17784,-0.10614786456775156,-0.5250299706768793,0.7865836716654281,0.1836397438296629,0.5430937232981784,0.8909392912665066,-0.4233588075874581
12011,-1.1488400471158224,1.5709957040705649,0.7746351700785981,0.21748524229689106,-0.30628959988248494,0.0016437542176686365,2.1685374483027715
22438,-0.35718635284378286,-0.44277625319950853,-0.9075966131805313,-1.203025462755563,-0.070410244202245,-0.6987314393817983,-0.15820492258736912
19532,-1.1863096813628502,2.818034886628683,0.5020865835680045,0.3140360260766287,-0.009097505634425,-0.7445018529080655,-0.022055848386872197
13142,0.2599028753851608,-0.09534793091081001,-0.3919101757522622,0.2558604146966811,0.5176288107949188,-0.9656613578584867,-0.013772861943021538
12486,0.6042610836721651,-0.1469652576511797,-1.3746287304222495,1.5545142007856785,0.9278074922601321,1.2469527458053824,-0.20017283266983574
10487,-0.16689252520287406,-0.021524738098142985,-0.5976796506901751,-0.6335465239697082,-1.436479257334308,-0.4947033149238364,-0.14806125530998765
1776,-0.9579347980989124,2.940008588598448,-0.3993338716772655,0.22358283319012506,0.2701419395811959,-0.14341380779043886,0.34150607132118077
21108,-0.3091958303863061,0.060544057384496974,-3.452146067249374,0.926000616519006,-0.6297500817348493,0.01738846899282617,-0.6666728665593232
21597,-4.590345202415723,-1.560484009938686,0.6291576961675082,0.01222749172332277,0.9782037842887249,-0.15486221912702405,0.11809386575292959
10212,-0.11556099085864706,-0.04403861540967115,-0.4475624034580471,0.297013627752966,-0.6687420574587714,-0.30783959779410247,0.023273546488618155
3931,-1.1445017457507363,1.7672212933901614,-0.6512525661404426,-0.18723504823321882,0.2795073886306219,-0.5453226468553414,0.28721447453667603
15118,-0.1869948193890805,-0.3474413653756332,1.1909945954753973,0.10281916232829397,-0.007713724945970644,1.568382699593248,0.8151394446164584
3428,-1.7301313450081135,2.7455145470191016,0.6952181005130093,-0.4067899685574165,-2.027282176514677,0.6030907398613907,0.03643245329247999
15178,-0.3279276192813059,-0.945316013913196,0.9565421383956922,-0.22508321145510962,-0.3576560491833152,0.3141259056122676,-0.4297645001116381
21275,-0.0010555817186997745,-0.8092383782193515,1.4708023348087182,0.5062390327896272,1.221543820535746,0.32537177050522736,-0.2193316847327989
18200,0.24839348843464873,1.6718729975367719,-1.6131330431207964,-0.8411747391469112,-1.5940881969571616,-2.881214168078441,-0.18462980482897157
11397,0.09535712341986426,-0.5087957370231513,-0.061187493919416504,-0.9656400175429961,0.40962736848351344,0.9841253869926492,0.03215926954449132
11636,0.09174032594867924,-0.6517953454278372,1.1563736886281464,0.8559464317217463,1.308148470916717,0.727878174852418,0.013795743525500876
1302,-0.007807915568334238,0.03315443826947434,0.16777589161436232,-0.3314030569815547,-0.31139292581355665,-0.5631775074400371,0.2594953941586255
17619,0.9242686950683016,0.3582299163216748,3.541193547878214,2.852528632291928,1.3433188796712336,-1.1290235531062323,0.0406418651082229
20809,-3.386682650022572,8.301806350638403,1.3513723068308594,0.2663325281153901,1.0130451146734827,-0.255068521092999,-0.09100979848239657
14669,-1.3717377833082076,2.791705859917344,-1.0017831957551553,-0.2807659241281778,0.3121095217612982,0.0495935443373914,-0.17263424962432383
22127,0.39588563576000596,0.34741728847581493,-1.0794508910052265,0.1445977855865132,-0.358898763825778,-1.2842795376629954,-0.10061334878071986
17611,-0.10033860369447756,-0.44058211490319854,-0.09919145005304242,0.5120849705091916,-0.2956032424438884,-2.3174615158447196,-0.6237691653982202
11573,0.05103998275678618,-0.7469874777174695,1.164346365196677,0.8131669591025132,1.0998631336425606,0.6259807960540874,-0.17850246903084296
10894,-0.2941773883916419,-0.49927897751012024,-1.4293301971210626,-1.7763423448556803,0.34662807480173363,0.6864008910427503,-0.23207220210444346
20402,0.14450254718211844,-0.09085710283736037,0.13607148887167436,0.6307347632607249,0.1138880477392735,-0.8440164910938704,0.14165586642891972
20557,-0.21788084855343212,-1.0130650318214407,1.7251376310012398,0.5086894506381476,0.9945535855632537,1.3684527092372134,-0.1915658982970295
10748,-0.2303884793344523,-0.24028463738371414,0.3287426609746042,-0.8604163734841666,-0.06267671550106213,0.4095516216935757,0.14216243010086527
11318,-0.5364530606900073,-0.14830514385090002,0.9076933486935601,0.2860871092210921,0.40594819487366596,0.1645534070930387,-0.42932046144824476
16426,-1.0507768469096896,1.7897422139950203,-0.4597102510856999,-0.8431630978038379,-1.069002653990543,1.2501447978423583,0.33739880072762035
14830,-1.56130773590078,1.8822960649354326,0.3671510615291381,-0.34288797294096496,0.2978242072809375,0.39988569940571383,-0.16707719783327643
11086,-0.3645171343519467,-0.25663537471106274,-0.4402283065428346,0.41051689537895397,-1.0182100209377607,-2.186251951547861,-0.2109710015913371
12079,0.03323687189692138,-0.7661484177435018,0.6096324461868903,0.22757360665160864,0.8030009739765267,0.9316042580376893,-0.3193950086320705
1698,-0.06309140408992911,-0.33441757330889876,0.3957955083606998,-0.029312809296424484,-0.22839025893099216,0.4452756777004273,-0.5470400932116938
19147,0.1996534537521031,-0.20140164268777716,0.6881299062335657,0.6285217512960366,-0.5762022284717305,0.22069252621192517,7.449581693980922
3182,-0.32866786984595747,-0.713418678133702,0.6775514100940095,0.29094738384072694,-0.8050548350813728,-2.835854410686949,-0.31416264392833776
18829,0.597694631129777,-0.44486657872709295,0.7097493036615624,0.5369455385813067,-0.7843643730943833,0.801547024224006,-0.20522466167901046
22074,-0.18087388587879916,-0.12512689821696343,-1.3938928658731773,-0.9058488575523231,0.9524707241285244,0.5173538128609633,0.16534406540824811
11360,-0.3145739081130516,-0.47464799908980304,-0.13979943942601486,-0.5448795626767674,0.1989550616347106,1.3826888607191439,-0.23330333178093488
15122,-0.17507586347242637,-0.07785709163450781,0.1274490154561455,0.2289606157338287,0.18995662024769197,0.026172275493986038,0.40747152992136015
22065,0.11490096651448306,-0.4980703085032603,1.3400451636655697,0.6861812158341256,0.5451871051204958,0.0913358630922311,0.06296078476538053
2392,-0.3232233004548097,-0.492772644909277,0.34004218113151496,-0.07268796509737788,-0.026320281464126582,0.7317546349898757,0.22246851188362005
20439,-0.6823934307030071,2.0604756672336757,-0.6255051157690317,0.7710345793771218,0.9189945496476213,-0.4543857990774908,-0.009135887555241107
18440,-0.551179901417001,1.5495760969828243,1.9285593967716697,1.1878498914662947,1.5411851137329484,0.513980078308416,-0.20327504814538933
12403,0.03908028799196529,-0.16439355828232188,0.554915625458069,-0.26362501991488685,-0.7062961958821417,0.9507472948330473,0.4756273365702933
16413,-0.20501712795270208,-0.929120501814309,-0.12788944287822612,-0.5833345543264032,0.766751979414487,0.5334259999836922,-0.7075642468019605
1619,0.1444031822822009,-0.15220615602578938,-0.22144871973100244,0.4757686061639633,0.5091236099823063,-0.6579868509509077,-0.18919842773532908
14745,2.675456766878588,0.8614650381790536,-0.0036077875311653126,0.02082953900271949,0.4058911317273234,0.024278480913078857,0.30317728500395846
21984,-0.4316822320768667,0.41462400204431954,-0.5080883987452989,-0.36329584040736523,0.8968523515825604,-0.06911157236195378,-0.31935127429619997
16078,0.009840352909402694,0.20220542579056217,-1.1310356413360991,-0.09843941914300379,0.25597555922842086,-0.6171076676759977,-0.3356190515860985
20825,0.0437303379345893,-0.17997511753101217,-1.958912602027618,-0.9062148625314924,0.5443268052161456,-0.5902780981739704,0.060603689917106754
10418,-0.33851528769342515,-0.7783768816904822,0.5314516935588962,0.4142808128757811,-0.3836968567594721,-1.76889872690458,-0.338570870321248
22213,-0.3813902258197919,-0.05278938490590577,-1.0824448685319088,0.48561875806780425,-0.3543880434599014,-1.3838498608378806,0.147909400836058
10888,0.05041144541042448,-0.6229032222323381,-0.5491914158683973,0.46975458426087036,2.1902762500388437,0.3841471443484105,-0.5154309589858164
22374,-0.08971962287713921,-0.24378743878818326,-1.6393731132710943,-1.9504398353342487,0.832479802140941,0.1357394772894869,-0.5146467562590904
11946,-0.07652934753169252,-0.26587000010582634,-0.5644910156592085,-0.9241251638581544,-0.07143471354402063,0.593449331057994,-0.2896608054275903
2921,0.05826027593851094,0.058409499843064046,-1.6935987914615804,-0.7855501758519792,0.4455764867717426,-0.17426554240806774,-0.13384065631125092
12748,-0.22407710922173593,-0.478721042377557,0.7221266826181418,0.365654958489923,-0.1382497228833435,-2.2825836366016694,0.055198336932410344
11973,0.03624253135349202,-0.275384990689215,0.3083651684476572,0.46223973183724354,0.18623789439237168,-0.34440705956952267,0.011259173728291704
16163,-0.22224487777097368,-0.35341625010258043,0.9113919117328334,-0.222167524264807,-0.6304482756165434,0.5537464319529188,-0.13112423597786668
12490,-0.08154698947764673,-0.20626162662950356,0.289408999890427,0.5586083645807107,-0.265800095613132,-0.06296498996290475,0.17576192998588067
11880,2.9071138920347512,1.850292348416646,-1.7323057097159102,-1.5882022016849935,-3.1007247924957992,-1.824114394616182,-0.1630518616594812
21084,-0.016847499815085248,0.2994888022359604,-1.826970616725466,-0.5574380469739064,-0.5630295788667968,-0.15757935310107152,0.12163822589873209
2004,-0.7507872329818075,1.659392872108415,1.3004754812135229,0.5308417967119768,1.4362517749530974,1.3163690635699519,0.02864139518955187
10305,-0.8310157868572378,1.6038335280514546,0.38655584022359224,-0.7674224637758151,-1.164113557705168,-0.20794217927705985,-0.32362901116822845
2878,0.1045602389422054,-0.31589412904703534,1.9955639893087842,0.8038435524652463,-1.3516332473047694,0.31480635078500746,0.37309425544033464
18874,-3.6755143793289706,-0.8337618653669244,-1.6491457524576993,0.32481971623874367,1.0280832523092966,-0.5509505033958111,0.28460568275356546
11353,-0.20186379807662128,-0.35397462064563107,-2.307180249015104,1.0271724057463236,-0.3561709758037697,0.8912851272394335,-0.22827218957279746
20281,-0.4691397950173127,-0.8452311675326267,0.16681688087373375,-0.98725896168608,-1.255283551016056,0.43661787471518576,0.46484739966003163
14775,1.3546324375642995,1.375666089942615,-0.4189402308890369,0.4490107962862732,0.5437775958354886,-0.4849387241819383,0.04648064467462396
16938,-0.23330613081726898,0.9157348164367515,0.4278891483053548,-0.3820737479580686,0.4819264154947833,-0.6700464151419713,-0.3491890130799155
3013,0.37947240163140394,-0.13605992836578562,0.41796755974930644,0.37112732088869715,0.36260193800987234,-0.2582163917382444,0.012086362932471227
21892,-0.9169810463512561,2.3084773337133804,1.6398383692624583,0.3084458865288327,0.5517985855806211,0.6986409737700631,-0.13895562718103732
15768,-0.9971127395335563,1.4180337424122524,0.8474338217744543,-0.028551128679265333,-0.7130539613567931,0.8740150417566701,0.2536086643226365
20615,-0.5331529812380305,-0.30878282885259845,-0.44096340053489474,-0.5742217438392296,-0.19201239050705526,-0.28183341436350745,-0.20660729359209853
16571,2.13180008866669,1.1356661367347076,-0.6884424010340964,-1.6148779161958846,-0.6863518457900762,0.11949611862603232,-0.15041017968260378
14501,-0.29261194802931995,-0.6205429168342472,0.815693457858077,0.6938257350886113,0.6333598714881202,0.5635155886848524,-0.3240784900516855
19625,0.04316664028105141,0.019768883678217233,1.4741260342538731,0.8434226278386066,-1.0110970626944982,-1.419619234888023,0.07993223475265018
11297,-0.03578589303348125,-0.6516534524000053,0.3357921231392393,0.078684720180579,1.7273044774595252,0.7638931071884131,-0.31215758073016286
12112,0.1994014072690249,-0.3302287677125463,0.6437272417577532,0.5252664247101196,-0.020771955775427915,-0.9473634468904382,0.02063421715675882
22312,-0.1017606205678801,-0.8604810864340463,1.3922337272000513,0.8298456205726974,0.9725571242826727,0.45971974501048857,-0.06240259489022565
15462,0.3207422755338632,-0.5405693580041003,0.5612706760698244,1.4627070578030028,-0.6642584343776627,0.157504788938839,-0.3414675415436875
15022,-0.5110260668004121,-0.7517030220389781,-0.3135403802556922,-0.4157116127416885,0.6912788722543723,-0.9112309196399063,-0.48736363908529334
12749,-0.11938510192383155,-0.17061885484647263,0.25743372855650076,0.26893336673003637,0.12506944130918837,-1.4191390226166891,0.4598439340018873
17590,2.463564838272532,0.9365203816428412,-0.3685787435157978,0.360422373433405,0.0775740830008276,-0.5365013474232265,-0.09786873949507337
14790,-0.07674852837554762,0.08067916805958217,0.5486663492848591,0.1913419818526649,0.9699611789243816,0.10305238988849545,-0.11911019806939252
15401,-0.41967792021082123,-0.26602105957906086,-0.21388944003740687,0.46718475815719157,-0.5440336346285134,-2.4652994921263454,-0.16709316103664917
21017,-0.16751555279462058,0.11558651431771248,-1.0473039268618611,-0.7214941853330687,-2.026920881328693,0.28829692272737995,0.018775464072375674
12196,0.022495120932339584,-0.008602820144179874,-0.5580459164195347,0.06622124817852433,0.07134299865029181,0.25310266624851535,-0.615966118594496
20923,0.11285612720531352,0.31779277774637227,0.5708087205838899,0.016220963179449432,-0.9307426129728256,0.21807299392944185,0.19224125449116558
15191,0.1416637189495914,-0.49788611448639075,0.9156057381712417,0.2626780576412745,0.2567423192285936,0.27827711402073074,5.914802928151113
2952,-1.0626695600751142,2.7113729515656364,0.5577320793109766,-0.46894199183988705,-0.3941619460198591,0.42632369229080697,-0.42244845884201526
12861,-0.06640707235935615,-0.5241133520267033,0.4644715177374143,0.13557689017796526,0.44428609881395636,0.862943199956873,-0.29146847982839497
17830,-0.2780865645183935,-0.5481485115936277,1.069175623202042,-0.23588644452929658,-2.3367877022916512,0.9132548746864428,-0.5415766346231891
20611,-1.0203543497991474,1.667383782079858,0.13603834676791407,0.4449412384846403,0.7528461450879023,-0.12973145294762906,0.04507773704542598
18558,-0.007038769842358771,-0.145545387896556,0.2971903534478626,0.5305673283508019,0.4714165126020701,0.43195510784779223,0.6504701510754343
22278,-0.08826358280766848,-0.4935126347629353,0.13677004243265137,-0.6994456678464839,-0.05039131705908391,0.6568814109058848,-0.5858916479307994
12495,-0.29187755703814316,-0.7892236081761158,0.6333225563742388,-0.1434950684000995,0.06668826806473784,1.01633964724983,-0.24868827075562366
15300,-0.026959836296620184,-0.23649850992098115,0.40320258560587585,0.418644530694438,1.355996048526738,0.8070700591598341,-0.10148498354637937
10507,-0.213930264139308,-0.7591217959759237,0.7838699743099838,0.39666076197938854,0.784532920254946,0.6009901231294756,-0.46438534383418645
16770,0.12094309804826377,-0.6867450806211518,2.3487699137657,0.6059372830719878,-1.9124862496290596,1.7933985895399391,-0.6209121806530461
10054,0.1889283850646895,-0.26268060138233246,-0.919322675397105,-1.1963967495338559,0.33889360477716723,0.3387692554256415,-0.1097712178659766
18563,-0.20677728761967495,-0.7855085951440139,0.9169387791989856,0.28399260071077714,0.9974578718267643,0.8921866136593837,-0.12607815542433293
2120,0.11608151539754766,-0.34109798527731794,0.4045821045481084,0.3393319877012425,1.431816200552933,-0.03727452954781349,-0.2108822189524733
11671,-0.3473695687622998,-0.5494000949753439,-1.4533187945872563,-1.32436542924967,0.11711875154938883,0.4111075136369578,0.45416126466288875
19051,0.39390290314854365,-0.29853552300084135,1.1229131950596671,0.29186492040467765,1.5045465718457232,0.639754190910993,-0.00924358282630962
17349,-0.35474941709317176,-0.5123946173222456,1.5276828978387496,0.04308902305509159,-3.3307293599916603,1.8421833844690656,-0.6366683833592166
19159,0.078360124635237,-0.26360779033757104,0.4522288064027319,0.7144967043207278,1.0783267770502698,0.612748424143533,0.22196088916926454
13311,-0.19225044081998013,-0.9427875125675146,0.9310144038287029,0.13196155122516112,0.7864306483002032,0.8715189844978998,-0.5845551569448176
20374,1.4472509675034682,1.0741424456561959,-0.022214942426816084,0.2311237562505967,0.6668175526987247,0.039743729910662176,0.11405554687338958
11309,0.43194327619295564,0.36293653443230894,-0.8334977873211802,-0.9821820662589812,-0.8691609371289029,-0.4865246433933383,0.11485737053585034
3874,-0.026524750578712217,-0.004516708360127352,-0.20192289403973612,0.09774653770589899,0.31209560658122565,0.022156784055093203,0.28481200537169704
4460,-0.34665862165858485,-0.4447148600907041,0.1066097287483224,0.27968387086171975,0.1948550556716969,-0.3165502917165197,-0.5359412939092764
11143,-0.933039105829423,-0.14868947477527794,-0.4282009854146803,-1.0561564065287996,-1.1104689717673657,-1.327549636596883,-0.4912165305204028
22240,0.010392544107923273,-0.6568075679015628,1.4347328165781965,0.6796662049345371,0.9927003687905489,0.6660036768991803,-0.12884518463271294
12065,0.2276164243261721,-0.764711875599813,0.8683475764696941,0.8242454721726603,-0.7642530052379077,1.14674451343979,0.010428139132885558
2108,-0.29714381569469167,-0.9197570727119359,1.4454508385094096,0.3122257555027472,-0.20537596106136546,1.044668902202819,0.5607802433240581
12764,-0.26413077410986907,-0.9421657191615135,0.8818735928599891,0.33160269850347807,0.8183122541900975,0.09697359350416454,-0.4635167108445499
15638,3.328619908342974,1.0931022116121272,0.21898882141465784,-0.33937676310307674,-0.9103411506453422,0.10922946687753174,-0.3092285920401953
15637,-0.269675208792927,-0.4835059642550031,0.12757076579991422,-0.24336586751561068,0.5670892285825687,0.3915343890513682,-0.25807391649034567
15447,0.3010735160495151,-0.2200982697493703,0.506357770795035,0.2332751616271235,1.0678935379706274,0.21019866032505383,0.13292337745234037
1906,0.2398938457597577,-0.4022581229343257,-0.6309704338363863,-0.737258332245074,1.6854703241614635,0.7981887528074424,0.0717166194190304
22345,0.1166069009231521,0.05920127844950436,-0.516193915139133,0.4025536214042087,0.4200895584337408,-0.6436413596244073,0.09529934561054257
17528,-0.354956511698796,1.1186394848988825,-0.5906715347738151,-0.18783668821183275,-0.07193122519765968,-0.8716239866534584,-0.3707311661360307
15301,-0.10544717320740454,-0.521888762478565,1.19879240169965,0.6947179442557037,-0.2915329968791529,0.10695732812069197,0.4492114839923773
17431,0.31524244431155873,-0.3717846325237667,1.3144738631977517,0.2708651150793182,-0.4704015433697794,0.04226457292185448,0.11439948963799164
12844,-0.22021106198934493,-0.3795081746894477,-1.2345882599443596,-1.2757807308889986,0.763667236021056,0.2841856666921276,-0.07177352952522267
22314,-0.3284828907729563,-1.1178941598300285,1.27601580393398,0.7426127025013727,0.838739721391636,0.004204671524922107,-0.3616707273592552
19939,-0.2264008645327294,-0.5489630736432689,1.6155939700112087,-1.762132768932201,-1.9711215295532802,1.0869955679740593,14.270151737042985
15277,0.2809146002364942,0.1722548958535476,-1.730302932773116,-0.397895253226191,0.9409078652706121,0.04994344778156025,0.22493807043363503
17368,-0.3364947633622105,-0.9451003363741044,1.725840648005113,-1.2153719063331798,-7.148311164492199,3.5114413721201787,-2.4883584421036535
21219,0.11018783084090836,0.08922659984170236,0.1065336294517134,0.9945384738384302,1.4681153654800367,0.18353132991009594,0.3705825018400535
21457,-0.25797552660770023,-0.4081766726145031,-0.9404291495075561,0.6519106913706935,0.8865061702183541,-0.6936737350195057,-0.4446592546467522
4448,0.05320739452544344,-0.6763805323143405,1.1612167650689829,0.5306063152019659,0.6541157764329993,0.08892657699425549,-0.23949273904677287
16549,0.08657701377776435,-0.8428039434949118,1.2289289560094652,0.7158310480310205,1.3132118600307547,0.646368824397354,-0.07746419485546141
11481,-0.5280285768563148,-0.5339454038786139,-0.5611216754672804,-1.2232913374975312,-0.30094221126154985,-0.7189992913076633,-0.2804316632933923
18940,-0.08904370748122441,-0.5504199936336672,0.06166554349769177,1.0312112335721766,1.1983596682875381,-0.05653878590699116,-0.08164760307634253
16232,0.12468172724518062,-0.12371879711561794,0.5347496258211472,0.6214858836439694,0.7274403361610986,0.11072031348669417,0.12902642115152715
16128,3.104530781590484,1.0510647138352667,-0.2481019344063805,0.31771424554899214,-1.39884821596941,0.4711223007174631,-0.2001898487645012
11719,2.487368721427758,0.6109241504348948,-0.0006580606278151452,-0.31597766700801466,-0.13316794643260618,0.06132361304829609,-0.4808960408301272
14940,0.15342373353825714,-0.2646583890744002,0.004594000234680776,-0.2904425552661145,0.4979314619931251,0.3815689851704174,-0.13373438877368088
2284,-0.33048497453751036,-0.49857971001044493,-0.7858913229444431,-1.5194779172215072,-0.3885642688472771,0.5882218961780962,-0.27690857460611984
15362,-0.39671000899722236,-0.2915249298888492,-1.1928894155771406,-0.9314635531114474,0.23612037471289563,0.02320730086699954,-0.3274736391601724
17493,2.511325897059445,0.8549888880739489,0.3616488277627466,0.29568934706090794,0.4727908334915947,-0.3564924352206247,-0.040887646808271796
15417,0.49995492419839,-0.4444186905993119,0.3084575235466254,-0.369171493195993,2.8872098967957114,0.37307127232013776,-0.059454571965886785
10125,0.08141366554855857,-0.33940208839407066,-1.4210270442988688,-1.9265531500268818,-0.29522501780670385,0.7653747171365306,0.0872485896940945
17202,-0.16810246242700422,-0.6269708438288414,0.2533502626320421,0.742758967929575,-0.2960058411360221,0.9562347253406139,-0.30500863705198106
2897,0.130638057316095,-0.4758161763142378,0.9313170175782777,0.5267367042571601,1.7150525951545137,0.5433430718201769,-0.06554644249559094
2018,-0.28615996483505135,-0.41843822086359456,-1.3204373866621373,-1.064534458435185,0.6591738379434544,1.1985039303064555,-0.08036074008036077
15106,0.12423060782132403,-0.22430262866899106,0.3473689456281026,0.44647561828106835,0.8698135517091495,0.6638052694942532,0.25615488696087135
21810,0.18170521215264315,-0.7877269829251159,1.320057058593088,0.5388833912747091,0.9782517370804787,0.4227014274659898,0.6106799948435845
3873,-0.953569532867212,1.7325511898076371,-0.22173572478119138,-0.1029431348088604,-1.0398434112401342,0.5546085494651756,0.1540410084124348
11163,0.022577663359790126,-0.43195510372936047,-0.5431440262801512,-0.41490612472241,0.25436061073931737,-0.20489713434482915,0.28742549907089027
19550,0.5293394277504022,0.007733572983324831,1.0851513193634157,0.5864835509259912,0.037362596198315445,0.5211277202581248,0.5365037805836526
18362,-0.4078393316694771,-0.5103216094113125,-1.2988885371619492,-1.7362695069670602,0.7757549264390048,0.5216480447868987,-0.29660002636437666
19463,0.14582747137976299,0.060164075583729104,0.9755456749768899,1.159447916254797,0.6704104452111926,-0.9929191971410625,-0.09351482868611362
20002,0.31310191045373875,-0.13165974790467172,0.6166839375218723,0.2942214280817819,0.1774781326318357,-0.2526750818946023,0.009510600622384806
12564,-0.36332626700732046,-0.536209682443766,0.5994919069839205,-0.6509731095445628,-0.5448690325738266,0.5331413385585103,0.14562880293178954
11808,-0.18813538267497104,0.22074718836169338,0.9433616446279726,-0.1730245986732139,-0.19393802228309215,-0.6375618027307167,0.2300230325657985
20622,-0.07675996544667589,-0.09297878257445012,-2.085069809397127,1.7313483259409654,-0.022430244180197078,1.083906596437046,-0.4568045577119714
15356,0.16800904606529815,0.026573464394737182,-3.0961933923443397,-1.5452654726224655,1.294665361026635,0.3518983573643707,-0.36166945378207316
12539,-0.021305701440480954,-0.09735251558004812,-0.768256825034534,-0.04229469125294296,0.5521610062141248,-0.37146248836615964,-0.06766301102565456
16523,0.24087337272566794,-0.394634641988054,-0.6932668196861,-0.8323850870918823,-1.1943818770157992,-3.2371299111878358,-0.40647874518105165
10042,2.5177723846446005,0.993666099054537,-0.5902030712141393,-0.49555632337542427,0.25777058192179947,-0.8410442438913804,0.06050965348971493
14783,0.31524398982232676,-0.8207171682543363,0.6908241385607516,0.5472274231614453,1.3889434657127409,0.12027039696657724,-0.3898671858453712
13039,0.033790740317987726,0.08668824577584018,0.46864878199834736,-0.3324165048171051,1.2266077153278758,-1.268319031256441,0.40492382977067753
15620,0.3311490749741904,-0.520573692820786,0.9925025632889721,0.015076799061684687,0.37563393940855405,0.23780401586596128,0.7247625132513039
17688,0.15378895337566104,-0.3377553902444436,0.6559181962454824,0.041362713436540015,0.5979588275709601,-1.2209191706348186,-0.05108776034264931
12579,-0.3053721657168849,-0.43208105037365213,-0.8120214959072922,0.4069346439116291,-0.5526369851361186,0.34018576853552374,0.18131036405237558
20231,0.031339857307019534,0.29876742010751905,-3.130655172822715,3.099458222754149,-0.2781878624379095,0.29683727325644815,0.11328377098148742
1701,3.7717775719064517,-4.317540368726291,-1.061576981522818,-0.0554993381173057,1.3126380407001739,-0.3886374083153569,-0.07259292503974145
17849,-0.5151957817233475,-0.6526156451664636,-0.9416713154156795,-0.8902655286750045,0.9030286614546215,-0.01658630852776177,0.5256664808515583
4158,0.08215343355461885,-0.006903121709875563,-0.6605508574824678,0.5630539899632665,-0.2862467048877679,0.6887456602289155,0.09927174119410986
13578,-0.8010736105365659,1.8247866829304606,-2.1311833720270945,-0.8223101049611163,0.26166449115746027,-0.1226747129203395,0.41123235354710297
15959,-0.02854577712116284,-0.4928518047180491,0.4132233310225719,0.2757766337742514,0.5999913451260739,0.8899727792761829,-0.17497678148075047
20040,-0.29013904198472834,-0.009772036897318426,-0.5495035933396664,0.5600998542373813,0.19541920786593936,-0.32760212690112384,-0.16540678953009802
12449,0.08932316787548948,-0.31526667293112065,-2.1800874187004493,-1.3086054303995338,1.7572752633076665,-0.02473480922461625,-0.3058876905026324
20433,0.2897053739204148,-0.2927181186699155,0.17183322887107727,0.5032960811927367,0.6896808449607209,0.10145318261309387,-0.001840428592017513
18013,2.5564266488547105,0.7742812349810296,0.1723670591946983,0.19564239040995132,-0.13095616680777117,-0.27221582632523234,0.08562092195655176
12503,-0.40700986482488194,-0.5203868087655306,1.8758468067558052,-0.6805923725102333,-3.8947529710607216,1.8953413710295473,-0.9723007086766103
18126,-0.20176801650298076,-0.2727571599289131,-0.5067482408162859,-0.6512956973579279,0.6326183322214718,-0.8703517111759832,-0.6076290831370613
18002,-0.5149464658541446,-0.31739624144002654,-1.1157010818525988,-1.1514071738755363,0.24714857612192073,-0.1246260742830336,0.08377018004182507
18761,0.1719396157516396,-0.37175519987550354,0.28834046008076625,0.41801976419560694,-0.04567464073813471,-0.20992219393252734,-0.17423809124650433
12126,-0.22960244838690133,-0.6431254843320078,0.32342220788070636,-0.44270400273691973,0.15187165290376659,0.8182284439169764,-0.15867875862320052
19588,1.998698735938289,-4.315770747059553,-0.3954733750229045,0.05806796258130873,0.27335103693348684,-1.0500315788806989,0.2915754077998192
10436,0.12953557879437982,-0.04534989694394488,-0.5440709386283576,-0.3757264015198184,-0.09468775967523253,0.6257070367904696,0.07921190939145568
2903,-1.006672587735988,1.3604617944747472,1.300787119382944,-0.027980836559066226,-1.2496730281613784,0.8152481813623764,-0.25103645656805434
2625,-1.0256029452158872,2.561811986263037,0.3238559251847418,-0.12946682121913786,-0.0204950333552884,0.5862280723883707,0.2783124998036749
10020,-0.512190612866627,-0.6056892340713805,0.265832738346729,-0.1657098159721741,-1.2066887416955028,-1.8046866038169949,-0.3074349850997306
18881,-0.2064956776815463,-0.5246044499524238,0.6218296077604326,0.7704141046665957,1.1312677784289444,0.11556660916353827,-0.5922682245230824
19657,0.32866123269098774,-0.42786511076857975,0.660744220410094,0.26901337058642055,1.0385839701338928,0.47229169291628786,-0.17339439746970509
2473,-0.3747790191602567,-0.36093773253438394,-1.9292820262552313,-1.4749073410450453,0.7566185165823548,0.3057453609840272,-0.3966006653037694
13383,0.10600878161144615,-0.12186180101932431,0.1831574384982186,-0.16015402565220904,0.42291299075710576,-0.8508505205500388,-0.45001258150778484
10638,-0.2808262154742473,-0.12388124813117371,-3.879911227390625,4.66576853423693,-0.9183204885336632,0.7391173881035891,0.2725886619309152
11755,-0.12884690082351832,-0.2027426241244018,-0.2789083778720906,-0.5448369262222947,-0.22629249731103895,0.10328941031423272,0.30754080242603704
18888,-0.41224789806557305,0.6982524321426897,0.25774481993959913,0.40345906228351175,0.6020262191650203,-0.10194484043137796,-0.21798396726347843
11141,-0.0921046144867721,0.5113104980343989,4.381060142777776,-7.97868771850838,2.3235264611164297,-4.415993187285876,-1.311009109168125
11539,0.11436842832065904,-0.29681658788740417,0.8995682567665445,0.45404966155004667,-0.19549503180959138,-0.3702020316304989,-0.06214401634394645
16484,0.24431087832290488,-0.3220009700428682,0.6708621370055607,0.433299533510742,0.07220299256003344,0.2928538899605051,4.324503311615666
3106,-0.16404261409368082,-0.21097537344776376,-1.540590816331703,-1.9137981995923865,0.5246718760575375,0.2916533374560219,-0.3604808650002652
21426,-0.24877470528624426,-0.7939292413412319,0.6391380795441068,-0.06689772642111788,0.6708521721794091,1.8937268364524806,-0.2772049450877815
16990,0.06936078569579197,-0.5856597835315753,1.31280931270226,0.4278291023233103,0.3972986578318219,0.972607759450743,0.13378409723533377
2533,3.827379505764427,1.0371653311442803,0.6707040382408169,0.3343467758202916,-0.14203948165760263,-0.2897739723500856,-0.1532693426858325
18228,-0.5609408597595279,-0.5868300042507603,-0.15922647073208657,0.151819280889069,0.14786269243704644,-2.7368031372282644,-0.3298016845230056
10801,-0.04473242607484738,-0.44299544088569726,0.756749737047252,0.342320248212369,0.6113532204813413,-0.04424469000443508,-0.26872327697931736
10281,-0.1555380644880128,0.951296351224883,-0.4768735623103754,-0.3705866608907112,-0.5475710120284706,-1.0276719585646206,0.3318312326541916
21118,-0.2301700287190166,-0.8857155168369022,1.1989762742755101,0.34824008955402136,0.8940462477791433,0.2554857990133761,-0.5680470131138446
17781,-0.5301145097922411,-0.8168865847164475,0.6417525399147276,0.07259521525387723,-1.1639711544387152,-3.1355221422313546,-0.7193585730652681
17308,-0.3451573743722571,0.0928576431267463,2.0810218134181344,-5.25647690472026,1.3825767014951262,-2.563604639886941,-0.9358124346442687
11476,0.06705170714357643,-0.8117249357589953,1.3794992411417994,0.5531704316590468,0.6879953264065473,0.44160251269210704,-0.42709824283761655
21247,-0.7653311614627525,-1.0834230217215057,-6.210878162567042,8.216638562949507,-4.280568479447631,2.3989198984272333,1.0256769064202074
4467,0.018222516942024584,0.05825172597437922,0.13504637957954552,1.1616704781901661,-0.4970742260153131,-0.2398194823610515,0.643855824764431
11501,-0.7556142481848832,1.3234577188416428,0.2790620203411022,-0.176176746921538,0.0381637641951665,-0.27555939695878423,0.5825622857975025
10971,0.14826996316631122,-0.06886533524654986,0.3926257878266335,0.16738994774552793,0.15433562789900326,-0.10625119802726934,0.2810410297338069
16063,0.23573366413848001,0.10306793634706563,0.5209342453070359,1.7721059325445663,-0.02561450429376939,-0.765946362972833,0.47450684480274047
16256,-0.11253271445745384,-0.28214659664241853,-0.8121513709379895,-0.8495243651449357,0.4751414159012499,1.506147574931706,-0.27034583523435907
4434,-0.6002184161188792,-0.30887224330592367,-1.4281616092207532,1.6987298707251808,-2.167571607559595,0.984776438887103,0.1313787869312651
11616,0.10383396147318685,-0.790214991761216,1.4495556213170369,0.9207188319588334,1.4237863484816766,0.8343475191906373,-0.23349153235735143
3869,-0.10634173338276726,-0.21506891166075384,-0.5898865386714046,-0.8997541048040488,-0.22720431678208064,0.04243086642689085,-0.45078881322721487
19380,-0.247181297411744,-0.26123814759877717,0.34069368733351696,-0.07253503814617719,0.20964483866225261,0.182346276950224,-0.07035267164215475
20665,-0.1467185007197171,-0.9366541131075715,1.174746837781515,0.7907251225668327,1.5685884966592256,0.8862254657732984,-0.18013034784696472
11665,-0.7862171331267903,1.8218613253894624,-0.0815002787975751,-0.6747849139971624,0.28565491367408313,0.9271534817993324,-0.1485718927925626
13128,-1.0244442078535896,1.9937244004654358,-0.3358155688998791,0.0840318431233753,-0.32144096910695397,-0.210625187850883,-0.04585941328750299
3990,-0.3582579007114881,-0.10643827858885373,-1.418042529680768,-1.679524655666169,0.9335167775803244,1.1102298201927872,-0.424053977124745
15027,-0.07196288001430398,0.06800287291614453,-0.02078310963222128,0.050366525348681565,-0.14817079643601866,-1.125884594636937,-0.21680022778573416
1753,0.008385821556203085,-0.1949428770603825,-0.9210227824331673,-0.22396445921818425,0.8952798474431665,0.0001849062844501276,0.0956367365626354
9746,0.5693788235413704,-0.5644917625967467,1.4612856301379655,0.6920498072503019,0.017002845491619612,-3.1894840163992426,-0.8642934101385835
22237,0.10637020484467204,-0.14842576626216236,0.43214099057121413,0.5538352285646645,-0.8902974126006375,0.45620800494293556,-0.22515708302975262
16914,0.6049775771400849,1.2045878235708392,-0.4161693685428502,0.20729707982656026,-0.33439088120690713,-1.5473510293149038,-0.4518619896884488
18777,-0.19612986494793136,-0.7531223762556021,0.6054313004955233,0.03621394978477737,-0.00120212808035744,1.063253319049722,0.054047072862661624
20343,-0.0025757789349120353,-0.15650190387066845,-1.4293708955534221,2.8366987585860906,-0.4429676761922344,0.23976640193725438,0.44707690021020385
11895,-0.37709935893731045,-0.23135477222577555,0.42052792186529087,-0.03732498923777339,0.14489200497716262,-0.693686996384094,0.8923795321756833
12093,0.20081741411546555,-0.8183308504693839,1.6765386867228225,0.8950885161107424,1.0788000541524463,0.46012481370383285,0.20087158028694374
12709,-0.7115350562228442,-0.6293198296251371,-0.4653086579359246,-0.7739943795081269,-1.4042696734859672,-2.2649678204388284,-0.5299366288807759
16409,-0.17071470341250136,-0.03851512869395622,-0.2507757559488424,0.4791093359457145,-0.5375666447405781,-0.5253892831294481,0.19020639466196895
19004,0.1842280345476446,-0.23375665458008899,0.4887201548691449,-0.7369184374688252,-0.47204222153857867,-0.32995534307713936,10.093556164480754
3780,-0.003314040856407256,-0.29594946909541575,-2.2351953167455734,-2.14462003692392,0.012340814165110745,0.33206353097887525,-0.30984074412636353
18586,-0.11617243489998264,-0.7884303217345167,0.6437502008352595,0.7817195486975348,0.7122245949805737,-0.27295876589496043,-0.20273909439991375
16591,-0.28371213338280726,-0.3188976603445499,2.112023446390792,2.0105233718337283,-2.5736930727313316,-2.9921061612764355,0.055372021381196956
11087,1.9648993812723556,0.3112658112116535,0.43652186996891185,-0.8038723969627041,-2.106697130378376,0.5731568495397472,-0.18627692624451225
12510,0.10986387544248542,0.23045798262962292,-2.1147291234182064,-0.5528731520281351,0.10325277971744415,-0.11504373881311884,-0.18866163286762538
1349,-1.2427064725037393,1.8990179628162254,1.3107632865779595,0.16722613218466414,-0.1906325378500837,0.10618894099471278,-0.8277311417175861
11370,0.13709762162429745,0.09853949787362667,-0.009952952926276985,-0.09394116897624565,-0.610779570779713,-0.4378761791380774,0.3708019556203664
19585,-0.9288181037760914,1.7315440583826114,-0.6660240771644137,-0.05405304068769359,-0.11289983601947712,0.3021466785522878,0.23239228172588855
12068,-0.24317771451852022,-0.8484402285710797,1.128925388373869,0.5150662103113532,0.33959950553645807,0.5922640975824461,-0.37754860947011576
17882,0.031995334716426814,0.019629551947874607,0.32778060066125675,-0.2203958893817022,-0.7557182738756025,-0.5342191984334701,0.20399978618069925
12688,0.13952770841463716,-0.1298179178539669,0.20441348400414233,0.8214007833153917,0.18752408536934265,0.5239444087406058,0.45820618156932424
16386,-0.08376792124766626,-0.7595212572011449,1.14591410890268,0.47313900532971237,1.4850423870366845,0.8272378839953136,-0.23822937223405083
3093,-0.3020491027693755,-0.456678559231983,-0.5928943495996231,-0.1326034097274514,0.6814404979029403,0.12332674020990574,-0.08759067818609305
12429,0.5456206866621022,0.7388227310025755,-0.20812020067240566,-0.2716698967521873,-1.0998618829816649,-1.4700596206609298,0.01246487412020546
20279,-0.1283575815207582,-0.47849363146892454,0.3600801439489831,0.6509171258140881,0.8170322626427705,0.1989007982708278,-0.233002705048441
12685,-0.6622921688983413,-0.6151270497229802,-0.08083375809734035,-0.4655734547244052,-0.4751385115076381,-0.7375868500663892,-0.031941145843222024
10686,-0.07241227490004308,-0.16390640557238184,-0.3028311773334685,0.04833003001107845,-2.5261401033786384,-0.4128885555166293,-0.7308889021527264
20720,-1.128805111472488,3.2203439709269053,1.2060445800025434,0.31109807379644766,0.3302279092679154,-0.03635815945767979,-0.325745999585343
17271,-0.17001710949721355,-0.44205156380580757,0.4517996656338768,0.32930979253700626,-0.3730098694314941,-2.4762541126067528,-0.11916402489472486
12880,-0.1995266251422433,-0.5058937541855193,0.527285602470235,0.6853773203605976,0.7678833849188065,-0.607210522329243,-0.5156381191402951
13298,-0.30594202119157327,-0.2860006188412554,-1.091128432939257,-0.2860206924365427,0.16613490975804854,-0.2067017616091198,0.13044798023961018
11758,-0.6758910038252091,-0.35958716170853255,1.2562322015696843,0.05066539688723259,-0.9374961654140472,-0.6086357535787218,-0.3322624192438854
21478,-0.021944468789670202,-0.08427040005933376,-1.8946729454684739,-0.5433903287148676,1.555296027181443,-0.5453447198093822,-0.3179345595708146
19581,0.09312272525489564,0.15579785658594186,-0.5254917852846072,-0.0680063354449283,-0.056974211392717314,-0.16571867367971418,0.06287859696646687
4277,2.433617009707606,0.9442044088243969,-0.6582293475328903,-0.3503059953753137,-0.6240703565510356,-0.45879581307865114,0.0634120841415644
3836,0.2246057667589177,0.10509849896024681,-2.1135416962120575,3.018832744546018,0.7805933140477691,-0.45992737511422993,0.2910400388364931
20000,-0.24744045555731065,0.1863573440592029,-1.6099061928014486,-1.0624727817214576,0.23906247112269607,-0.0603168930520212,0.0005655077822529947
19972,-0.4132549761511542,1.427307081544112,-0.621572690471615,-0.4817817073029173,-0.22622967795472004,-0.3943537696935485,0.018823566712444405
2769,-0.9093208161667324,1.1972709971460251,1.567103350515304,0.5099331706115441,-0.04871866576931281,0.5999298987782967,-0.5054940992654736
21343,-0.6653429144533873,2.0966803982698035,-0.5950962087494319,0.7496136205593288,0.3067054639882941,-0.5039093870431867,0.1815129586297257
10486,-3.9194921920261345,-1.6880368588926509,1.2961282236225338,0.2848898745721936,-0.9616211201051047,0.7938287928934964,-0.05768775568932858
19580,-0.3186735127229476,0.6400611720066709,-0.9789724089620109,-0.16740676216560366,-0.02139645233985659,0.310067296683216,0.2023439183134181
16138,0.00645172527994897,-0.10807092134619174,0.2598065852871423,0.13963021611753396,0.4193000935004642,-0.41108712743466524,0.02134994706929487
13380,-0.1461245704054302,-0.4826446885342397,-0.31591273536092257,-0.3952109165420281,1.4029217484335197,0.5360116758229938,-0.7332638859260925
21975,-0.18133817701460442,-0.1248178189946461,1.1426664292858284,0.8351571287157302,1.851557314541391,1.0892266855248878,-0.3430262904202932
19477,-1.2422716220976033,1.3437651155303407,0.18216468484620493,0.24066997161930156,0.09516780481950399,0.07664782201674014,-0.5057657737995077
20223,-0.08110220031619951,-0.5966449166065456,-0.7474090546513019,-1.0196591302250302,1.632405014208007,1.3523464776859941,-0.38893775743335124
13543,-0.698048687295831,-0.6871626640964144,0.002717725520020477,-0.5609135110105068,-0.6952792200871692,-2.0716269837296464,-0.5837094894256485
20896,-0.3957858459356624,-0.32517749215023967,-0.44731509284730653,-0.6805278969823795,-1.0929466586187229,0.07581219162085444,0.06776964969363698
15777,0.1707693145242038,-0.04885637060356812,-0.029087441930057398,0.5884100562984345,0.5807003207328221,-0.09355206125415869,0.037946084439443875
17527,-0.12234069103704792,1.050021279211196,0.8906313836433056,0.45102450010659917,-0.013515993181220905,-0.17415036031030606,-0.5113369564723516
12234,-0.31377594790864044,-0.12372356042657601,-0.8996688461686819,-0.9030503451547972,-0.8416518281385981,0.07184940900308888,0.498042956490076
15741,-0.20486319923999577,-0.12612440310186765,-2.089783962530882,-1.3367848826433382,0.9874977596394564,-0.31198507886969223,-0.24307825981381562
18212,-0.3858850305782827,-0.03341860653213924,0.19848056042090267,-0.5220225601547817,0.12924369975090014,0.4009249258049345,-0.04325096741776981
15451,0.38360117767678753,-1.064196128897346,1.7683003347687667,1.1202789308668202,2.2351770407891993,0.7991755622257328,-0.1903579468856507
2861,-1.0960512018749196,1.4417356281051954,1.267410509714875,0.07161629863907555,0.13354202673300414,0.9705074957519508,-0.2578604652247243
10805,-0.1111962843997643,-0.14470927002951536,-0.5328519908880949,0.3903949152743519,0.7791144871869595,-0.40220981903935255,0.11164576443932687
20838,-0.03062457121051885,0.1560256456153091,-2.74350985164613,2.753907593430529,-0.5345993449808615,0.38329122628325024,0.08252074389826902
17148,0.19848635554516342,-0.616430290265826,0.8857612296080866,0.5421926574039895,1.1056669608979377,0.19019718690296927,-0.029253896500994688
22654,2.3295158301011645,0.9140941845638371,-0.604324966564831,-0.5041012971303551,-1.0540288204177157,0.5568076900094813,-0.28135543519739525
3831,-1.0248504852819873,2.525671038296601,0.9573026976007825,0.48545217609252583,0.17165748233457184,-0.08030974471844961,0.07570221720774381
19994,0.2932673101304249,-0.31484491810755694,0.4819859605089397,0.39972618940824356,1.0310052937223653,0.0930087924022866,0.263084906851581
21050,0.013721890499824684,-0.13504854154445778,0.44999547275455304,0.929589604939749,-0.30243110966038994,-0.2576674799861936,-0.0325700654529819
20388,0.31468420314222073,-0.010783659898549883,-2.723709594850307,-1.5605398605983025,-0.028344504836251647,0.29803752395790556,0.23890983902555923
20685,1.0146523297075247,0.12112976668778161,-0.7203179037070145,0.9133536749873913,-0.8429088181202598,0.433276548972347,-0.23948620460296843
1751,3.674929663175813,1.2889682366532798,-0.3657547832958544,-0.42104604854172634,0.13978465080850386,-0.21975454076568282,0.1274815814340174
9803,2.6725213803854713,0.7629661625130919,0.46790956907366504,0.06621883051925691,-1.6337403247514808,-1.4104869032035061,-0.4756829639311729
4427,-1.4265645570805474,2.31913966122448,0.47860468537957224,-0.1857796932863794,-0.10794857729471237,0.6880599944783605,-0.31133498267172016
21079,-0.8139605584385983,1.7211827531488924,0.4025709283381039,-0.11113558511061981,-0.7156770629067338,0.6079283842322788,-0.2229009492517816
16414,0.14805413951466342,0.07005536476853594,-0.8285237861581534,0.9098975086980119,0.1500978131998814,-0.6456327721408043,0.07951824684299141
11689,-0.19287069553444658,-1.0315493375280549,1.2815761853398386,0.6290244543429577,0.9201599935020807,0.09521936983634254,-0.5183183768283632
11553,-0.0718416563221311,-0.01440979450833212,-1.038688173470613,-0.13561378714897976,0.23350871764613984,-0.22373356656721474,0.35145135963110696
22504,0.09348598345957232,0.10387901456353585,0.1685943472264122,-0.07663713216153394,-0.07243701749702482,-1.0907306053619708,0.20715189912636167
13458,0.17354697989055776,-0.7504134930291411,1.193367658400812,0.7958478445306116,1.7354546975670655,1.0257603768688557,-0.1437102037906893
16771,-0.2955353195119991,0.7908186723040611,0.14908616976652578,0.2526467195031219,-0.009781384764715443,-0.03837938619242192,0.800554495786222
15794,-0.4230177092498546,-0.20777340279476525,-0.06990278930504656,-0.22421647249203575,-0.6562238981660955,-0.2205172767700967,0.027165467203462607
9930,-0.12002494669311121,-0.7120691563398622,1.2563427286582876,0.8686242630197812,1.5628933635466977,-1.1737680816228822,-0.13876708458026207
4482,-0.030078928898199853,-0.38510749953526086,0.7988124109056199,0.50797397505202,-0.9178128139346371,-1.3893465943853525,0.4724357326641307
11922,-0.2236760484254288,-0.7550364153132504,0.9545488314556234,0.39876748951196034,0.9323574640638715,-0.11891933961427731,-0.5483036444005803
11533,-0.5326117168797825,1.277080440179824,-0.497164157835601,0.4732497434196244,1.2845143975929145,2.0564281428723605,0.1577531254120593
3109,0.027289892229109672,0.00324797710662551,-1.0079774858481516,-1.1039253868965964,0.09317772887023117,-0.4315404209186529,-0.25914237695051356
9941,-1.3753339860208245,2.577688971459613,0.747590715663665,-0.05737915708818298,0.2784752200058193,1.0572238811842067,-0.1793452100851338
11394,0.4476967410131208,-0.030427802291673956,0.08288149344182827,0.8251038031777936,1.1333967532220453,-0.6200024440891508,0.09579805938316636
10798,-0.2548975049390598,-0.6456687718289664,0.9465116460411047,-1.0699844453525842,-1.5768518462842882,1.0089767660341888,2.489321492747585
16722,-0.3053048335390755,-0.5587671412375476,0.8632266009550432,-0.6243193385965259,-2.117452315279871,1.4832508122811918,-0.2935954279723812
13174,-0.536475845795614,-0.5227335758182419,-1.7371913797837633,-2.2542988932295374,0.35053650764773164,-0.08258191873248691,-0.4199333172787002
12820,0.032595171290113086,0.04265192868652854,-0.1458152504574422,0.7722303605609953,0.4844575457996283,0.7193500685919664,-0.08711097430082665
4154,0.030364349121713992,-0.5600480605249348,1.2741681178641688,0.6675512492223691,0.9628935848849398,0.6050142117971843,-0.19636572334537794
17496,-0.35234427679546415,-0.7522413412552859,0.5052327060331802,-0.2679323247543357,-0.11112786431494957,0.44492443135717946,-0.5312111134436147
22061,-0.18944592078402708,0.2854342127919492,-1.2172378455142434,-0.9341471140599693,-1.1169161379226922,-1.0440425393201123,-0.1456020104119688
10900,0.06905837639910352,-0.1448661775109565,-1.50750013071504,-1.0874894935598562,0.5365734043914688,0.8275538970797429,-0.1553641146980492
18672,-0.5431804053556644,1.9320011634990428,-0.47616799242490243,0.06834706239652615,0.8566017230844427,-0.5255422061958639,0.3882967872744154
9719,0.7947105868177633,0.12122238408804732,0.23669000980958993,0.0889836184577859,0.06673846179647001,-0.20625296711678187,-0.09091459129087581
4479,-0.5396870180228633,1.6375486078789918,1.0903315092235202,0.37323976961976596,0.500793760775846,0.2614906735323663,0.15335192711864343
18101,0.13965225745695808,0.14381425192346303,-0.9423275585152754,0.6428686683804732,0.06976330437162447,-0.7051204025675878,0.6883168710307495
13480,2.1451979206221927,0.8058690628346792,-0.18961783981246444,0.06291741343735577,-0.026890837740006123,-0.23957305798966472,0.022975211484382953
13529,-0.5783109120031433,-0.42556348012177747,-0.1467412492515308,-0.5768749476081355,-1.1403408074098407,1.1489670641383307,0.9733252143999013
11999,0.10914064908247346,-0.13758183448190628,0.4961020188938006,-0.1651478679754655,-0.6853947487949419,-0.23190663108437856,0.19114544598029973
17685,0.13846890083818986,-0.5572193932655859,1.0958959849985292,0.5510408311207391,1.1889788303892836,0.0355322178913644,-0.15923263751771305
13649,0.2506322662390711,-0.6375534741429016,1.1649954370600872,0.21895683187865914,-0.6577488789971425,1.3510166648902286,-0.738268326573406
2556,-0.18512715379314984,-0.29725363776737745,0.2974335907172882,0.4325244625317744,-0.8676952538844426,-1.8967240044965172,-0.3272434785637509
12784,-0.2517666572345493,-0.19732803599305868,0.21518423924701052,-0.16266677508920727,-0.6967332540875314,0.4474883006356729,0.030775832477011236
11217,0.32182571394634835,-0.2534564977448113,0.22432890140630163,0.1106629162804041,0.5042701336679285,0.22488767768859128,0.03493574250879557
12718,-0.24362593388626422,-0.495977746604848,-1.1371517171564036,1.2617924959214841,-0.8641829227764097,1.2176450542593806,0.11848293454246966
22633,-0.28435869019766163,-0.033500343568815046,-0.6632124684409041,-0.634507415784178,-0.07542580512151754,-1.7265554964729075,-0.22211500952048918
16081,-0.3872530045323474,-0.30586517041672734,0.25824154544800265,-0.3351096550302186,0.11178531686609157,-0.49764652373560425,-0.3205782713288067
3528,-0.47766817777547615,-0.24255137439960506,-0.024569215330796444,-0.7240048993496224,-0.9485776127444612,-0.4861204337204017,-0.0758862694413402
4429,0.22931687322861843,-0.6023541168140885,1.2968240709611567,-0.7106942420014017,-1.0692629526740969,-0.3615960577425987,-0.38353549663373854
10357,-0.8328824616508254,1.736444367664289,0.04589271377560864,-0.0655461577815911,0.16426530408942033,0.26798211921678444,0.06990504544024005
2383,0.1540869014965476,-0.12913736283269897,0.5192427502124951,0.04523136397106255,0.12277938396620215,0.023956200725317244,0.25273059331844566
11536,-0.049911195001350085,-0.2795643839562388,0.2720825195545855,-0.8956483008974372,-0.24908584687446592,1.2102704379411855,-0.09586978205195144
11654,-0.6512711993193703,0.8984110974182553,-0.6888282106110861,-1.6263700515921278,0.6659877214351885,0.502219394905724,-0.5908477005977251
4104,0.1753776811443266,-0.32952049346177453,-1.8490312520942458,-1.9589624831628283,-0.05474438366752593,-0.9847211296000272,-0.48428205671319263
10923,-0.09004323832741042,-0.6220590765309097,0.12916761338448204,-1.6280892263580204,-3.488511847028212,2.630681993784317,-1.433943764727521
20844,-0.47048639255080626,0.7756532394912999,-0.28926152510815056,-0.302928461891042,0.6736926506197553,-1.314104697700588,0.72732649522911
15616,0.16409712138317073,-0.3953917537804686,0.5657342347852351,0.6552274620881281,0.7701231785149957,0.4114163180622281,0.3526730075690982
5941,-0.372217160498693,-0.15355479296071942,-0.14803165422163292,-0.22423884188830465,-0.3249695065145592,-1.0791038239316195,-0.5242949547923954
15881,0.06174966831817478,0.6788963644705867,-0.2682102834304359,1.1155747810543881,0.7557126900567461,0.29408482939360864,0.12363867543167278
10153,0.48239140491836446,-0.1849867122202524,0.06880182010898592,-0.0698384989369731,0.7420748141529041,-0.9916550253692936,-0.19148636839320834
16904,0.3127006878529213,-0.22956734430951226,0.7851614801369038,0.5614760647059491,0.6367871416280915,-0.2559231829863577,0.3271055340474483
11646,-0.03909280211365409,-0.69419375394979,0.5797123866726687,1.2204212543729884,1.27984039161808,0.8596145954874573,-0.3807355497865413
19314,-0.034408077431504876,-0.10156563607170571,-0.5238848924884175,0.3682040256358322,1.2807439094556772,0.11840039538352547,-0.6796533763669599
14976,-0.2939193153145541,-0.7813403485835709,1.3787105575892802,-1.2894567312178438,-4.052446996467365,2.283349989628015,8.13063814782741
21174,0.6688336029219816,0.3415711594081731,-0.7227101569896501,-0.10704132403083629,-0.5267385700916286,-0.2485245574358329,0.14723890057837155
21077,-0.19542103266733843,-0.026412121261541317,-0.570720246790215,-0.3204460007812832,0.28372364942375394,0.6280982070744526,-0.19410239617060765
10779,-0.47324225548985993,-0.23936853955348383,0.6424298861866945,-0.43722791901460856,-2.476480008213739,-0.0036470125209335036,-0.7438159817803836
15607,-0.04365865236174673,-0.1741558014669022,-0.42893399256007264,-1.1037624001649793,0.014882283243879975,0.9062883898345045,-0.038390301543089506
22191,0.13175727673010376,-0.029615616072157003,0.18363305799358762,0.7869657966305709,-0.4792475866670585,-0.5713512866984165,0.26932311290874267
12088,0.437672642379004,-0.24974516650506345,-0.9918910193284652,3.143773766445164,-0.4351907207774416,0.8390555235977569,-0.17189200024614348
18352,-0.00027354184443391155,0.6807913454517767,-0.440794272631562,0.3626170539837805,0.9463431407085549,-0.6895890318928536,-0.2251126903116884
18670,-0.7025631569370748,-0.3061675571213307,-0.5902956103619552,-0.76709729040467,-1.1241554452864828,-0.5396166993600846,0.1176128771299326
13235,-0.030861434358068433,0.1607643645314306,2.986093777690176,-5.433092866919871,0.2397206466354811,0.13616207808344077,-0.32714802953232686
16098,-0.18495303814485636,-0.26708644554966887,0.45346616259814415,0.03125247223126979,-0.15931795848653016,-0.13797996321088843,0.004026791823450607
14931,-0.3831005523047362,-0.33424175483667257,0.3989845762384332,-0.979222249977944,-1.5255365899081994,-0.12911242547794408,-0.28541467235484846
19591,0.25188440199733597,-0.07580614010240934,1.5108697204354937,1.098833758170881,0.5816527676648695,0.12665787115735555,0.44161861356641885
21212,-0.45777399914968125,-0.34543235344298634,-0.26964078983593753,-0.5025086848406151,-0.8419015062255218,-0.03136134170702921,0.23182889950569352
19834,-0.0064308294469283,-0.0641707740676975,-0.3964039797187958,-0.45384385348367917,-0.38494317277047446,-0.8102886954989044,0.132809841612569
19154,0.2623425075932126,-0.11163710661254943,-1.1136804122747612,-0.6330902844777884,1.0616997980626843,-0.9860218003593952,2.5284327193351044
3563,-0.21902490550536732,0.21531257502004622,0.10345800025054543,0.843397940524783,-0.031026353501410836,0.12664044710520098,-0.47580253127701083
21095,-0.3464739348395773,0.13610432486741536,-0.882602493099242,-0.7193831634746524,1.6968960913795235,0.9755059612476906,-0.09143879912573256
11224,-0.5755448067934472,1.9450532139971515,0.35565875700422317,-0.1209081743214237,-0.7553724480481544,0.230595184741934,0.35265814809534735
19009,-0.01984152251030337,-0.3391440370284876,-2.5582929870019377,2.6601212946963932,1.0390210977437595,0.8282721434283384,-0.43001669933034303
20314,-0.4321622670939232,-0.1019018470469021,-1.4091869286279668,-0.7696895498613898,-0.5364476763373237,-0.12410724638255813,0.3779002788124705
20401,0.04756976074637521,-0.09872995459266438,-0.8382684909572949,0.3131261122492153,0.8058564279053808,-0.39390721478430213,-0.04268758826673341
11325,0.013196381495982385,-0.3561431314054443,0.19875420499520371,0.43667217692221544,-0.535408330349327,-1.561735041925807,-0.13981638081446585
3451,0.07703600872748868,-0.6651156382358691,0.6468167836595794,0.25035098948814605,1.506946522787543,-0.14683106443383415,-0.4935126975213045
20494,1.6404806854955665,1.311880726572008,-1.4368047009177984,-0.6449922954846024,-1.6592409284537104,-2.2777024643342525,0.23608550976179457
11988,-0.45911992407632685,-0.5696143355674067,-1.6107388808182794,-1.771034647226478,0.05550474442155226,0.13410158843442613,-0.5291349219309479
15885,-0.12714691362667435,-0.8680604884977136,0.4128919285129018,0.904593012608437,0.7738510128312227,0.2936290169708278,-0.240313571644075
1611,-0.0850380095253026,-0.636725958909462,0.7302816911611267,0.25408505348749283,1.1251497241815254,0.977223799041899,-0.033141367784895494
20208,-0.1412943714939082,-0.16616488018078956,0.3698763286544255,0.15196449431059983,-0.8160229285300614,-1.136950681726485,0.28410374373502817
11286,-0.16068950668376683,-0.3313606459733039,0.3247767092731323,-0.4647185665736778,-0.6714426737248185,0.504386713744611,0.10672969229776857
19819,-0.33458164106623306,-0.06890558990477448,-0.031811785903154456,-0.2939652710033293,-0.27799263171998495,-0.1039677785615419,-0.16265051996583438
13041,0.047452574982191194,-0.07275282776233731,-0.021447005968318358,0.8326124961810574,0.22790723008103173,0.30147466341962753,0.04543833793948612
2379,-0.4043311475776534,-0.5930410573385285,0.6576944005715863,-0.6300721702355534,-3.877297706584827,1.6234314565967798,-1.1469168720195908
18707,-0.0286211967272381,-0.6293779603805886,1.2330462970349654,0.6621027189605496,0.2024950718416175,0.33733326534057256,-0.18639396330535188
11377,-0.38793349256326165,-0.2074089892442403,-0.2356011136318454,-0.7693501607834755,0.19964239808039266,-0.16686792004894488,0.303595959888139
11588,-0.16657602549384223,-0.5651700573250447,-0.5028799268658528,-0.503311684031883,-0.08350596632028867,-1.311685736629822,-0.1778656768515995
3489,0.08430031277265293,-0.5190034978520291,0.3743976395911559,-0.4327339745958651,-1.0059632774449903,0.006189531403647932,1.4704714505680687
16411,0.41182499002620937,0.04429210112829108,0.9534475181144454,0.8435462099177461,1.011574553333768,-1.0275253287599844,0.016382834163939593
3219,-1.2179470282569864,1.8923686852898005,0.5949778602710114,-0.3215489094144148,-1.057980519447911,-0.10238880174806442,-1.0522329954613057
20712,-0.16572848049648983,0.023477283716476054,-1.5052901589668413,-0.5238173804047168,0.5916736585834652,-0.3794388457828662,0.5473496131133363
21987,-0.52769889079012,1.5420617562281604,-0.4836353038047489,0.551817967231273,0.26466585401520104,-0.2525597388389307,0.0645072026648873
16969,-0.08003670585410451,-0.3053088795821801,-0.7238288956277161,-0.25688312624151455,0.37826231597098675,-0.6800250526238877,-0.05891293738586262
9703,0.21153509477154456,0.22602963261083342,-0.07731787486777493,-0.2637822936378085,-0.9196865110229624,0.4909751447492153,0.08719142411085413
11186,-0.5948430578824662,-0.08717558342406442,-1.3402945034678917,-1.3376513396862606,0.6570070665398742,0.5833901790522601,0.12407987587056095
2373,-0.3530585522745177,-0.2828358426329129,0.33562319302266613,-0.3006200165524594,-0.2033878982010155,-0.26546338967900845,-0.24698136339244942
17848,-0.04298004493928294,-0.3317059572112873,-1.2333097089534377,-1.643339529470139,1.2856710495895185,0.8026636712383396,0.13839610282466383
14806,-1.2390526989696988,2.4134138270351495,0.49827943823012744,-0.9736302994518802,-0.15758461247244746,0.8438759643402742,-0.3975416926367471
16838,0.17680396616807223,-0.2281578941968337,0.3742895508320342,0.4909444375620243,0.48143356349483396,-0.27466484904847543,0.519159191962946
3720,3.1256346618802593,0.8171510862450646,0.45909347915076704,0.4355512389809324,0.814351147247568,-0.11679934172756956,-0.03778114652689463
20742,-0.7935576980471449,1.768799281107831,0.4837280997512351,0.5428371449787021,0.8920801675407269,-0.3360373135270229,-0.06174689065671238
18690,2.5881598125063086,0.9912775168836649,-0.09493821202032954,-0.7834273011284139,-0.839813317440951,0.4975998933034225,-0.8501456013048735
11600,-0.3784437490151978,-0.2763928478037191,0.9770291956688426,0.629037222353661,-0.8533124140334719,0.20294352743306562,0.2050082094793866
11826,-0.2169210542593064,-0.5705982680314395,-1.4058608486123274,-1.5107382636260775,0.4648036478242151,0.5299626582232873,0.3963772184373678
19414,-0.14504062136089652,-0.445752428830341,-0.45079927137985437,-0.7162394221560497,0.5316959296483909,0.5887389822482195,-0.06875120528345313
13597,-0.24325575147550385,-0.4480102271890193,-1.8422435891287632,-2.2420745460093605,0.21231368293040218,-0.23423800147769921,-0.5546856760796278
19351,2.624846391938288,0.7486974945807582,0.7617997012578551,0.20099352714616867,-0.11258673279136942,-0.21196017462042216,0.10468106622016404
1846,-1.3485219543616802,2.721496821901544,0.34620934469462594,-0.3795387415178322,-0.3845302565853584,0.7278394247242859,-0.07131448136717089
12119,-0.7455528376429853,1.814330378953917,0.522126295603161,0.8538909473889583,0.185711370172054,-0.15153499646148078,-0.32958800781622366
10572,1.4018212031555985,-0.14678124425575634,1.8509618844551667,0.5506495052713737,0.050400215398760564,1.0545578141064282,0.15818883200657569
16258,0.023963535496386534,-0.29887767583636626,0.7091518757926758,-0.03315803412366967,0.03991910034434388,0.09330324143430602,-0.017552215507124047
18224,-0.3759255709830526,-0.14800808601700063,-0.5548194220150124,-0.08823634456004657,-0.7562666397653085,-0.3907932049132186,0.35649170779060274
16207,1.469935211285953,-3.349593045251756,-0.3799151104418519,0.20893388635736038,-0.034779067883314814,-0.4051453895032315,0.4582764664373242
12912,-0.3545601275426054,1.4128872032904563,1.9267919386349224,0.7877090579142109,1.025731302002566,0.925645059513857,0.48527579839695745
17408,-0.7846727866297702,1.9582389027748202,-0.5211627099286823,-0.15232357548933118,-0.05694022755170658,-0.9573254519643141,-0.5142968146274902
1909,0.16542580245457103,-0.29139953801984514,0.259816102813554,-0.10044593208601753,0.9515868746372116,0.5475613138050097,0.164499672415253
18485,0.04662803095299249,-1.0145842329182748,1.026530874279786,0.7964303998877553,0.4829038009808371,0.7251020125685007,-0.7966055872346716
16646,0.5683748347737471,-0.14899864349500172,0.881182563929382,0.6305794695645514,0.9949293598013281,0.36600311348976944,0.21720029138293082
19208,-0.015737855653421978,-0.682148642905693,0.9291761680819502,0.5235775058315006,1.1737695750538968,0.8112570939931811,-0.3551236589768929
15408,0.16201839287125055,-0.170686314926997,-2.2592682939987,-2.2648408885953137,0.936714891290896,0.4704514886415944,-0.5943407828067023
18903,0.22832309656946467,0.36444175352005176,-1.4567691186669711,0.7396546689365201,0.4673800333342776,-0.7812658021321945,-0.04863851515047672
8103,-0.03234167016614694,-0.09718871031783236,-2.1863335010155573,-1.518310447469936,0.5249757223432776,0.5640620170960771,-0.0887091347673071
11582,-0.3814539308608282,-0.4976777513031392,0.19850263596740164,-0.15615560769120249,-1.1429067695106716,-0.1547718678691958,-0.4781714961395311
20418,-0.3614464627434242,-0.1963182578583996,1.335164478328459,0.6592546456578816,0.09943068767915612,-1.4243576245669625,0.019377284910005878
20260,0.13642338589729633,-0.08535467814755746,-1.5646473940069412,-0.10568513185415586,1.5711308039308798,0.10663104049125346,0.33865940591476307
12491,-0.23961546096613187,-0.8357084312268589,1.0679932799640046,0.004603994067435198,0.26607052168992285,1.0645533717420221,1.9860411766176687
17770,0.13266033053164972,-0.48478591044109526,-0.052893427624324,0.7645620725885148,0.5525232540539864,0.646007893381221,-0.3459356631045624
12518,-0.1985022079654399,-0.1707539311801265,0.8175826445803315,-0.08441058279194584,-1.0396972890656024,-0.5900703758021346,-0.3032067345304739
17147,0.689067269221552,0.010424518894836938,0.4734185089000434,-0.34653951740889555,-1.230245773726811,-0.6416605191726777,-0.06905837075949325
15924,0.2565329901218485,0.20341464984605,-0.23719178882368674,0.36636759615635933,-0.37071142431176074,0.1881970045445434,0.5197025431625926
21526,-0.25416191602271593,-0.14042316900412555,0.12618300298277754,-0.4147027257384844,-1.7573099947826565,0.8817423733413656,-0.13565830318400535
18624,-0.30471305278686817,-0.30910962674085113,-0.8318817295690716,-0.9742511590840529,-0.3468230260056677,0.4246928515023869,0.26627363811005456
12757,0.05284533651536958,-0.10228154209588039,0.5259055739946751,0.6703093095010532,-0.6382602919764376,-1.1456786632218408,0.027361189590966953
10650,-0.12081541703520961,-0.27800539943854957,0.6411178991168763,-0.14221010008618212,-1.4199094968011376,1.59499887859344,-0.32841891351841196
18722,-0.4898896085368734,-0.15697450836112306,-1.0745553734486768,-0.1651006092366331,-0.08260556935270118,-0.17248961012975458,-0.23898208021921086
19845,0.18222491962540932,-1.0129074346059395,2.0452786431768124,0.9041140007733462,1.8919869960945235,0.9551401358347948,-0.22768279885722698
21303,-0.8336319268185228,1.5486211747134597,0.8832982185036012,0.14536481003698748,0.35336485428891024,1.0231306969667302,-0.33851211750326043
2573,0.276355683588869,-0.549073844847898,0.765797815979303,0.1519114345866728,0.6834945259400933,0.3447817021832556,0.9135461698318592
3584,-0.08538084475505268,-0.07832978080639853,-0.5457456022574919,-0.7875059428566031,-0.4735037274327174,0.20505266684031798,-0.19815375330695584
18798,2.3262043712930844,0.9021587913840117,-0.09840570663114759,-0.22497599937677476,-0.40523827831193027,-0.3346285437355012,-0.44957169883363063
16797,-0.2911594878069644,-0.13008638909951237,0.6683699805145955,0.24261275882140085,-1.4536717285786476,-0.4935060397096193,0.10104136023138299
18078,-0.36288955862214795,-0.28712015238436417,-0.6003758909239456,-0.3242935158072189,0.05471555674557213,0.7841068769219809,-0.19652571945501185
17183,-0.05733735122357903,-0.2046808005298,-1.7411392078587047,-1.669069093836936,1.1130928715828499,0.9168743518253024,-0.396679706774271
15388,-1.070350937813483,2.880756975769952,-0.7105990312144207,-0.11693759624253433,0.3729082069585074,0.08933836868798788,-0.14885721018624312
18432,-0.7479131613978889,0.851713582459935,-0.7605497411463484,-0.13726629153907077,1.4810896573521426,2.5745169794610785,0.0310154201042513
20394,0.13312459889199993,-0.3751196949210228,0.9470856814692895,-0.0659098608740309,-1.1956638773479797,-0.15000837061129849,-0.5097448435884968
15577,-0.2569371404859862,-0.13293349805409163,-0.4294909513539654,-0.5769889996754688,0.08281418012221592,0.6781223201369092,0.20714584716976722
17059,-0.37371088194300695,-0.7040165609833262,1.0724490535721296,0.29370054470736895,-1.2061984201388787,-2.121478099659162,0.01806901105668958
20831,-0.5486349993726283,-0.444147025421687,-0.2420215782639816,-1.9691126428406978,-1.9336334356603204,0.9519615072550308,-0.07345809116469566
17895,-1.0093211186498714,1.6299590183747656,-0.46107481986203763,0.5117005425979374,0.910208449802454,-0.12549605008981024,-0.37589477327923754
13075,-0.05982238988509734,-0.21848504856851483,-2.2242966792762933,-1.414638891893036,1.183128340091471,0.7840220282905138,0.24032507170098028
18023,-0.18518923723321656,-0.6493926879426913,-0.6852854435048316,1.9333690222832738,0.31424503485723915,0.6628292095783738,-0.43663549605811197
14872,0.271079953724541,-0.21307779572373445,1.018036550792996,0.25354376458165784,0.25593780757439166,0.23370144282024097,-0.5517051906403357
22234,-0.2157984857672931,-0.866158939501597,1.496416108889267,0.8152055206432488,-0.43129650358463467,-0.1383955591578605,0.0014668303872529959
18489,-0.10163917597737578,0.18666506606179378,-1.4165611586119495,-1.399514020002022,-2.6761945301413173,1.291043145174933,-0.6356463857816539
17313,-0.39309103314044974,0.8607762320201786,-0.048553175525020205,0.19201801861752837,0.5160081238915205,0.7673944273902689,0.15673399769542676
17219,0.02002101649439096,-0.12941016814930525,0.20190758998099378,0.18169308295647124,-0.17126924050018552,0.5910009754472394,0.20047737326728082
16129,0.20998335394454906,0.2208322984630361,-0.5907767210437361,-0.3749501433968454,-0.05633331813545554,-0.8809770713872351,-0.14665010681155294
18251,-0.5438722636623923,-0.4896742636084407,-0.565464074026604,-0.4494619426827799,-0.4752391436757699,-1.4841151269591881,-0.11401312779005776
21687,-2.6256533354842646,-1.3853261981608216,0.6106617836455339,0.2856081248438226,0.8556422263827994,1.2823379109968758,0.37013022085834274
13586,-0.40619573064627046,0.1216690544653432,2.454171110799162,1.0256735791763014,1.2641171309112074,1.3706781264396435,-0.1357151159420325
13009,0.02299268955669483,0.17697351670822925,-0.7668484368361809,0.5152984396783418,0.6870480957780285,-0.12086693782533456,0.024694985839605704
11068,-0.08887413425019755,-0.14430940071494627,-0.8414750418251468,-0.46681679443217283,0.1328095865405223,0.05641024204763458,0.14592467383750285
17745,-1.4605667766282593,2.7177289011960797,-0.3951778249456649,-0.10721481901649481,0.29925733577761493,0.10199927575566187,-0.09108650330410004
12867,-0.2379491585667,-0.4519820724129888,-1.178486715181753,-1.1236546558368483,1.2908822428983016,-0.12372758874605201,-0.49035428974382944
11345,0.8187565385587053,0.7427932399783344,-1.7379466737096518,-1.1201542048130346,-1.5446604167852362,-0.6803592986824892,0.03811297178468037
20174,-0.44394535715760314,-0.4389456858687072,-1.668173021051805,-1.4366432177873818,0.4404178900024695,0.4334046834223894,0.13947437069826388
14767,0.027723266433493158,-0.43546235688858004,-0.08809548368407319,-0.07079690124509395,0.566649519806898,-0.8992811670274936,-0.15209808837652344
1575,0.2146689576782651,-0.11488424495902086,-0.5130960162414634,-0.2991266158430424,0.7720186345780303,0.08046734919865164,0.271497589122677
2982,-0.10874793525943206,0.13318755991505696,-0.579159051834608,0.28132543236134455,-0.35060656371454885,-0.7695660458975506,-0.13686210171137642
11011,-0.27363277382482337,-0.5448585408735807,0.40931007582021234,-0.39859985805489123,-0.8109678626758093,0.9559195603196867,-0.036180140095257454
20461,-0.047658485678472154,-0.9498431190724851,2.108127197318635,1.132570944756003,-0.7836770964897644,-0.45566257751322803,-0.4190299480058162
16054,-0.45174073729058895,-0.6249139818164303,-1.7348021320939204,-2.2004241157477256,-1.614611231285375,1.21576452771747,-0.6114591278105167
17424,0.3070489853917389,-0.3609195011029935,0.7081313153093253,0.5827518174651887,0.3020659059874418,0.18521618370694962,-0.19051284125748125
5898,0.18387948493794048,0.004961709449545284,0.13683891822535296,0.2447545850458335,-0.9495573891640086,-0.656028420618511,0.3793048373316864
21617,-0.568376274876552,0.21327605672824307,0.2248825051913196,-0.19126218089046532,-1.1852573693258328,0.017108057849518882,-0.7221160288438275
11182,0.6068258928959354,-0.7062673244430998,1.5063802703189573,1.1164717103392965,1.1101290904123766,0.7445508777031257,-0.2248882587309536
19254,1.7257972393154395,-4.673496109107242,0.16230873319756442,0.4332374762754884,-0.848596827627433,-0.09764119972792462,-0.05028351973939828
15721,0.009465702323323976,0.11053789842080765,-1.4108603085846023,1.4837885075518311,-1.5748102526689491,-0.4177988074691845,0.3317687623324248
20132,0.17682373715143726,-0.03913647448031759,0.0004949220914760182,0.46723285269071185,-0.5555803313765826,-0.3524508856863793,0.24068627664894593
2060,-1.5167072218142545,3.077124312154263,-0.5294946084752679,-0.44009894542644457,-0.18698253769037798,-0.4204061194225695,-0.24877451476430562
15441,-0.19714976705413817,-0.5559387550443174,0.6525569849695885,-0.0020631166795178645,0.33123088836026926,0.7034299602982552,0.03486076708285365
4344,-0.07056256734072905,-0.14601455227396115,-1.8049799723992406,-1.3008528531356007,1.2776398094692274,-0.7526875015466842,-0.21382172454333156
17139,-0.21976184410297245,0.15546750475885784,-1.1428071202254695,-0.10796508799158976,1.637668079110317,-2.6880150984966695,0.7084744928796394
17306,-0.3218636857342854,-0.3819077274101266,0.38548349788317227,-0.25541286134242336,0.6339144538754321,0.6945968352592714,-0.08562162768024179
15860,-0.015879060033944008,-0.09168246643730497,0.2274634805313392,-0.031196026491479827,-0.289621467592706,-0.06881100491167967,-0.3314237425326291
11905,-0.5799134357076612,-0.5643211545054082,-0.3224168289701155,-0.3311253231013115,-0.23996703208422943,-2.4292485400417148,0.6625085953338974
4188,3.98152365696317,1.0664777609847418,0.16671740960211812,0.004880843704725897,-0.42237254140069697,-0.14372398686518345,0.14256526357944432
20189,0.0024584253604880324,-0.37060713630596165,6.401400413220443,-8.377201940679837,2.6791498969438123,-1.638754470877667,-1.8581096846805212
16096,0.19076925218769486,-0.08545225489983155,-0.013681315344211409,0.7464484572793524,0.3763626699097453,-0.2347820908389148,-0.3335726644749163
10324,-0.5050517111218001,0.540127455026304,-0.7184139732395548,-0.10596501030339091,1.7956995091008436,0.8759983867743446,-0.33054056973850626
3286,-1.3384316623062158,2.9735635364166675,0.1331644058424161,-0.35238478409715956,0.13792661920875618,-0.08949614339399586,-0.193904909603366
10699,0.013190297262482395,-0.5455769437235294,0.9941209726741693,0.08750341394631812,0.05232649676387181,-0.19661395923288258,-0.29771172309663446
16683,-0.9398551064719569,1.6980384978252345,0.05372539002241873,-0.5096338743415161,0.3907069429632466,0.5849471691115602,0.40302301293772547
12961,0.5062069340723012,0.06914882768655861,-0.24606664805918307,-0.5063457538854844,0.29552748283892405,-0.4753764885391901,-0.2621349727244573
16205,-0.03494395979167931,-0.030737210998705886,-0.06945867595335706,0.9450956906648847,0.23769413136502315,-0.5272813883852188,-0.06797017379390655
16544,2.7088288121071926,1.4473562856578128,-1.7244736513082735,-0.9259875817475065,-2.497292888143739,-0.11366169323741956,0.961701992274521
21939,0.2822777377213774,-0.691964087207519,1.230414267366311,0.597733476027298,1.6610137892270158,0.7068402189711822,-0.36636092811949345
21586,-0.011155592003523113,-0.11256755647290069,0.9606514505191767,0.3348328601709235,-0.2555053851941653,-0.41728173081802805,-0.17439682843396312
2583,-1.2656341180633377,2.435801556518258,0.681010734872206,-0.06903494423127773,-0.7096506839727634,0.8846819593552595,-0.0020719628331314433
21107,-0.1256036108800134,-0.2713296392464563,-0.8737399191685385,-1.032736222150661,0.1351970878840778,0.08229438188116145,-0.08559223666379218
16281,0.021771138051265744,-0.08925799022344315,0.4902974082059883,0.16741004320780636,-1.3840019786008222,-1.217236435902211,-0.012949013131944022
15557,-0.8001570101497466,1.6548251277965744,-0.651470119273493,0.015507484654713903,-0.09857601473505143,0.12769343233909566,-0.4703302955310338
3413,0.04983248297676851,-0.32203550108615525,1.279330221439298,0.15659184056695308,-0.16465289174796396,-0.5411310980327909,1.0523646955293229
18382,0.06250828712932216,-0.27705455086351116,-1.1009619728582232,-0.8951433132235737,0.4415720410926881,-0.17003292167424525,-0.021965697419505412
15531,-0.18196971661275113,-0.16368816643096432,0.48178541356791177,0.7018823883601862,0.020795321659259715,-0.0037124233970929265,0.386762203675835
12525,0.20558416641382993,0.020040097720777122,-2.6367228965301677,-1.0644951913431575,1.2609672838203614,0.1388340767095447,-0.28303803892577756
17711,2.464398122241598,1.1203101219094989,0.281378700451933,0.20460055382684858,0.648378226100958,-0.41178513850604803,-0.23267416818620698
16223,-4.2651304553310085,-1.50773298616911,-0.13432226907438718,0.7895546419633384,1.237787393392681,0.6300404710083027,1.0184301764177357
2081,3.728260250896832,1.308748552507217,-0.36991280067577664,-0.27424821325908777,0.3069633092146612,-0.608883213571558,-0.1979044372901439
20282,0.38636309096017557,0.22912664711976258,-0.40905421565574507,0.8925339783488007,2.76958460738052,-2.141902369795616,2.0479752853502267
14822,-0.4410361639651885,-0.6328222686662602,-0.4833712338713253,-1.0136177455226913,-0.07210289332242437,-1.8163807601488335,-0.7046946192571657
16874,-0.18805936404605067,-0.02365220295154331,0.798513659352399,-0.15757453404079422,0.6898045079905442,0.9532974028824793,-0.1352597031201956
22138,0.29935173367566653,-0.162071353619961,0.45425047199530005,0.2184033566622466,0.5443372943366837,-0.6633542511321286,-0.013814346608257729
19703,3.798035525474561,1.4315333417293674,-0.9046894338144397,0.11719249163140572,-0.2737933307976263,-1.1725638053317453,-0.046697099263004124
22492,-0.5619187258765826,-0.30718574402336624,-1.5438946163481095,-0.5805437699286929,1.0403841647447758,0.5507280867177339,0.012194700765449264
20519,0.12540892392864278,0.1632229582235677,-0.6330240440550998,-0.13121137505664796,-0.5562000041074752,0.2386579006016148,0.01679208088528522
15874,0.16621744566744653,0.12137796812006105,-0.3430640770932996,0.5838160402342604,-0.6311839798837015,-0.1403341672932109,-0.422929306843852
10870,-0.42466877903643857,-0.28370520541497574,0.006508615189582763,-0.382980950625742,-1.4524543927385132,-0.0754579413454392,1.2211232706207686
18535,-0.32139695168425225,-0.02845624965419657,0.2121532061986606,0.15096136041215388,-1.002311355249697,-2.147090256128409,-0.9293470578796397
17471,-1.8246196520199396,3.5735891155057247,1.4803316305141447,0.5373644374097185,-0.7386900554981377,-0.07546324523760241,-0.272497040701328
16976,2.3886440266131035,1.191275234785429,-0.6029696078810791,0.13821981444895529,-0.06464475246586775,-0.7270128608400913,-0.36681204979325394
2375,2.6816472602032504,0.5312842123753581,1.1904655432679485,-0.07673772133326491,-0.8335240102410488,0.6888680138689393,0.031624023801438285
15017,-0.41488588536234083,0.2574576753620735,-0.9684229405518517,-1.5577283736130996,0.40273935194066296,0.7057194113220432,-0.2969450140873362
20097,-0.38259731652284173,-0.5296274447485226,1.4761178754843696,-0.6859176097046503,-1.8163410950031136,1.1318699866233062,-0.6132057879401465
10538,-0.14110485725991856,-0.30265972090065746,-1.005584509448085,-1.1793443631031193,-0.17240289575871354,-0.4387291692000527,-0.24178987585516085
12604,-0.13562597688010491,-0.08930723408485204,-0.565825843520607,-0.12306077152381922,0.5069357187578843,-0.4016667484209995,0.044685823482517914
15473,2.592133500104226,1.0422901914291003,-1.1142773525922005,-0.2550131670262472,-0.46831127158426467,-0.9606922979177139,-0.15059467435122026
21470,-0.027602727121397365,-0.44880262305481394,0.38556552341706385,0.2061934567452469,1.0814908384237,0.634610670983549,-0.20458100639404142
12516,-0.02940263259882739,-0.5814501933704036,0.006387301374695776,0.20807101996047303,0.9860593518158532,-0.010513387516024436,0.2876197772527653
10581,0.6927577447108743,0.8448058754960115,-1.117524875957357,-0.33629032558763255,-1.908446431343078,-1.4759340977329116,0.1229341738759385
10629,2.5340672495051586,0.8834715920523364,0.010017889318978918,0.007567412814893086,0.4531651709350148,-0.13553432187741316,0.1610948862176908
10896,-0.45945474908303957,1.6306190453541602,1.5041441586537208,0.5844525780248376,-0.4012760123015788,0.4202313466159939,0.2115909749748482
20367,-0.4885117126280952,1.7008400697870316,-1.490705294942851,-1.4737473848031117,1.574867072047199,0.7886198576668298,-0.3985728268427119
20081,-0.6280748028418448,-0.30870764127941897,-0.9049978474362252,-0.28725029849176914,-0.031479813305731755,-0.1323709212543357,-0.17711453123935778
15730,-1.0873787031869233,2.028910012766003,-0.5909136054680538,-0.23603394025618457,-1.003046726795375,0.9340945848115401,0.16330405570070822
11157,3.5202537527685505,1.225042229482241,0.08851627259047294,-0.21049433569872308,-0.9044356521710661,-0.7454690632674532,0.16729807026294474
20098,-0.3733838636608608,-0.7549887620304454,0.8608347267509432,0.5016322940979955,-1.0518839109538356,-3.542907230960437,-0.21374046057036755
15189,-0.9995822670058688,2.4101850997662346,0.3499048668753631,0.2471157294311249,0.23843090577466208,-0.5806613205542038,-0.7949976648569695
15427,0.1508906185695576,0.9124875942305348,0.6173687361052633,0.19856021646297367,0.6859691327472066,-0.30321019299679675,-0.09701819547037713
21801,2.448687520806426,0.4377385513432546,1.2878835125028534,0.09136116258450558,-1.4615065701817704,1.8444756924516852,0.00668572243232678
15045,-0.27137035127413667,-0.4791024173826461,0.3668179519964586,0.13720770426938517,-0.5741590365004736,0.7999037362442605,-0.06715695933372802
3429,-0.12991593857818523,-0.4514969242781246,0.4631891028026643,0.3408012514046197,-0.3544270859337825,-2.4471511949734124,-0.10715477313015734
22567,-0.052239338862093004,-0.40635189772321184,1.0920921105669508,0.890011385933014,-0.251770423428976,-0.866314225523567,0.2948878886428589
17903,-0.1394539587342719,-0.009293951160670536,-0.9553782017504359,-0.7620022077485702,0.6356692173762097,0.4240137488499839,-0.035109086881753716
10613,0.17150762904630143,-0.23102219664370038,-0.8036580052323172,-0.9145187791044879,-0.6087937938830004,0.26867034659845707,-0.09661910619068179
21787,-0.3581023696118474,-0.25812378508018535,-0.5512416259800473,-0.23677205409936114,0.280894941196753,-0.8610506888942299,0.5311309166090672
16260,-0.9889095827990103,2.17154295331432,-0.46310777124473845,0.018041893914878204,0.9957978921587392,-0.516499410048173,-0.2074573066523255
10131,-0.09447154591803368,-0.5383303985207313,-0.32279489375308945,-1.0491469319045748,0.008675891762420507,0.5379732718581727,-0.3272583206658697
18957,-0.14461683978477125,-0.4147741923121304,-0.0005125710391214757,-0.15222193709189022,0.37061954149812876,0.4586449376460629,0.1283592897087105
10605,-0.08430123445823341,-0.1547222279827382,-1.9411256265771766,-1.7614088652849484,-0.03478620393785864,0.5696064031626008,0.003308768109901772
13547,-0.12358520306849784,-1.0461207527665284,1.1724994878720523,-0.4612899705954923,-0.9050311250763913,1.8908039528311107,1.6235724573334174
20477,17.77390928358765,10.067471465037604,-1.6894091510178493,-0.5533118606340821,2.667787764955431,11.269462687024184,1.922017610808819
1721,0.13882060447737044,-0.16376614877401324,-0.2556414366141669,0.4352956223810943,0.7742754661306014,-0.2272947663831342,0.15752158417397857
12999,-0.10210413055941724,-0.07595514851146525,-0.05449122187758442,-0.2537552577708683,-1.3300985423429,-0.3115773457804749,-0.06997084124050515
20585,0.11713860656961146,-0.34551622172698665,1.0596868327626687,0.5837989709469549,0.1519243238087586,0.17057196662930235,0.19218638821409464
18429,0.009229514306814844,-0.17473320170699325,-0.780000968927636,-0.2441747072841211,1.783255494747674,0.6341022930457063,0.21098448699861327
4400,2.7121503842397443,0.37298954227517783,1.3879939975783189,0.6830884737530293,0.8713502073020192,0.494838567317233,-0.21780580808993602
20683,0.1263252411138479,-0.6056289731240125,-0.03073519766015252,-0.38615367460686306,1.3457156976203233,0.18274549861900913,-0.15504022312902135
19590,0.177575640393586,-0.9630239500127473,1.2591673435875737,0.6728862733229373,2.007121372777895,0.8668936738420172,-0.07902704010551927
18617,-0.9408675167944981,1.9914578945140116,-0.8195087303158419,-0.7203229571174499,1.1513293835451246,0.7602827139261961,-0.1453738762896159
16669,-0.4872578117012795,-0.47986599021291204,-0.6317931381562215,-1.3819012531992758,-0.28438997668225185,-0.3681386404598408,-0.40356796632128605
20305,0.09793889724248887,-0.2856177081541803,0.18857069587948422,0.3675184725636579,-1.109930646985434,1.6400279104163973,-0.3222326769489568
18332,5.258450634458478,2.1478012710452687,-1.2413073684387268,-0.025338596762400536,-0.4608265658672171,-0.832270811723304,-0.25987227312001554
15270,0.013116705846786163,-0.13765066948501128,1.0511915325973318,0.6267808465777441,-0.106295708536096,0.7557132361956627,0.3841177124712945
18947,-0.6705022434364811,-0.35771004934369904,-1.1752612751512186,-0.7986898861054144,0.4686638235075215,-0.16327988321114856,-0.2677432085256072
10609,-0.31720367314239367,-0.41729151995338437,0.8167739166441146,0.805435049579306,-0.8926978011896555,-0.1704502437346462,1.2733532612097582
21886,-0.2671606183724838,-0.5248235296506314,0.6981060482585589,0.8572609286189666,-0.05064657779078892,-0.4717707630190511,-0.30727037865118867
19823,-0.8260789620006945,1.8062216084957807,-0.4409076298658943,0.09191754175815071,1.1217237181706865,0.6058168439848456,-0.19974595649833862
18620,-0.4619538238025357,1.5245812612996363,-1.2698988053833082,-1.18384200478453,0.43569712988590376,0.19213840825246356,-0.5377470166590412
12417,-0.07618270038172463,0.08330404942139892,-0.19422500071273285,0.23548956192421136,-0.19830232449486515,-0.8709454447466056,0.04109624829713271
19545,0.006917863236099552,0.02167118395259005,0.469159299377364,0.532276230271451,-0.2272349473406474,0.244125102686658,-0.28257096804173254
19587,-1.3637128524388566,2.026419891948069,1.0667523327893986,-0.25106140250392317,-0.23222508172822393,0.5883911957932152,-1.0561885851103774
19594,-0.41563671766577587,-1.0879167487011188,-0.4483947934888009,-0.014688698152048194,-0.47728286743134657,-4.03713611416891,-0.3505207805525906
19231,-0.2343318403941105,0.29431160317413485,-0.6542537805494398,-0.8265794719423677,-0.17030077486453732,-0.4898808888244053,-0.37242532938239686
21114,-0.5030894738647064,-0.241806765967599,-1.5208777759230026,3.3936865311730937,-0.6639052140381214,1.5113736495380028,0.04492012524375787
22186,1.1916190048745097,0.7139726012219396,-1.0201255395562576,-0.1898617091396761,-0.4163399959865934,-0.7381914142733896,0.5575365700366263
3597,0.2640521002215215,-0.45928508096953263,0.04581212792245461,1.013762587020697,-0.7189262562746376,-0.19121615127958183,-0.4478032563024951
10321,-0.11437769476047119,-0.21061859556979962,-1.407282017542698,-0.8115440590392071,0.2774268248635005,0.11504641346603002,-0.514990984198737
10509,2.569134643269679,0.45137442662149013,-0.7819825420968577,-1.370449207937667,0.27405959503197685,0.2459706797286465,-0.6134302221235172
3601,2.6446517161587537,0.7301838725433298,0.11598756875350044,0.06096407627863368,-0.44995394921736975,-0.13416754239928536,0.05645724287477835
1509,-0.05067687493257716,0.05144904186056165,0.016890188436355827,-0.3034691024454432,-1.3062306002907444,0.054795747357905544,-0.6791223465205233
20580,0.09490426830780749,-0.32889850927026393,0.46818837432482047,0.2233341213932701,0.9798496879831722,1.0940111855913126,-0.25239542416967037
16972,-0.5161415968603856,-0.703517514484503,2.344769042976344,1.3056657417615818,-2.338927428134202,-5.310405070184397,-0.33522842942561415
16986,-0.695940821714603,1.7097811248098311,0.7365173323405788,0.3473086906034349,0.35804699714078053,0.48202919706559594,0.06276805993975036
19650,-0.18926794499546062,-0.18519318777614238,0.5429389258932457,-0.6563205630152741,-1.4749276562786737,0.6650670156395109,0.12869883774373492
15878,-0.14587865194246408,-0.07344727548107974,0.6563808335453711,-0.594399154809184,-0.8257291917014886,0.5938111573546755,-0.5777322782471945
20164,-4.052419348474653,-1.2202089619327672,-1.7664404859943275,0.588773486254521,1.0214700798323428,0.5023472708244331,0.6153839799669942
3079,-0.09817219164630575,-0.20826395246058887,-1.7092759206976242,-1.8054768906862977,0.6218307375586561,-0.5239248701902823,0.8625017857506896
11072,0.20160965267505157,0.25267410530351686,-1.092759565769016,-0.07441509992823724,2.195386205577294,-1.1854704905780498,-0.4437596818026111
18434,3.680239805642631,1.0186549855316005,0.5227055031525346,-0.21753825019342016,0.8779533594330167,0.10597615815591246,-0.534961532616419
11942,0.1549875045299377,0.5210596365515553,0.29054268020168605,0.5000853599149049,0.23390904003431845,-0.836459999236111,-0.14935738734373924
11423,-0.24337211054187258,-0.42593107229569827,0.5368108717802118,-0.025352158388611785,0.26667375492070355,-0.6085006322153649,0.4204850102583087
11833,-0.3726543213704199,0.12924548250279863,-0.5472150293670425,-0.3025437260375942,1.0401629872422724,-1.6520705360436856,1.2754517806557533
18871,2.7872796521095347,1.3964512988574402,-1.2247867347454053,-0.6802031692674183,-0.3693870893456191,-1.327404483376066,-0.48819025473510214
3678,-0.16388085349863055,-0.21906618966861174,-0.6947472939193071,-0.24635594430340552,-0.32561147909443655,-1.818194143898822,-0.1381729449868639
2815,-0.004521350445942472,0.18157411611939706,0.12738731657131638,-0.19165304746348288,-1.2520276254911304,0.20377261135951838,0.14541593544902617
12118,-0.2626997997463946,0.24967865078225474,-0.4323295446642707,-0.35579594783390484,2.22901937721925,-3.1392958213111424,0.5363077131918113
16994,0.2093171082697142,-0.3689262886196731,0.9502943841048974,0.19887562122662414,-0.37193433116550184,0.7418090292631349,0.4972897967183632
15399,-0.20614005705329308,0.42629352267917214,-1.8783109620483927,-0.8287303150929114,-0.0026421408946220542,-0.6137856587069644,-0.007306035288151142
20427,2.550744419270183,0.5592352223158688,0.47872596169662696,0.4471631369767309,0.04920173746389772,0.1757161073975029,0.530230333055504
15375,-0.3275291038086846,0.3930385992253474,1.428710450228146,0.8768868869197392,-1.1810139251757936,-0.07540948424648528,0.08730710938331507
13476,-0.040271766040891215,-0.12048367493641969,-3.8984343582257313,4.438358534243841,-1.238147304578106,1.2095531514416675,0.06711296509055424
16980,0.21434723239818082,-0.30333752158719623,-0.19529242152798665,-0.18998536168447877,0.3984784098493463,0.5363369331356588,0.5669138432609638
14119,-0.005570722819198872,-0.16047769328414452,-1.0710135842796729,-0.14661462179191326,0.9588910108521932,0.24388244635136358,0.02113500187073517
3393,-0.05477873436787312,-0.2954504654915886,1.1992326898025205,0.4346056472507098,0.35443211748939757,0.3349577245695287,-0.054984204895727806
12420,-0.2366624170181335,-0.5026715940415896,0.6443402611805292,-0.06934934004068462,0.4874153066951671,0.9995115397654781,-0.024587343345597076
11459,0.04031195015645728,0.16173679585492828,0.4445091726964407,-0.011719757199725386,-0.18269134905440546,-0.9797885434434662,-0.5409965843012813
15942,-0.32760123499914945,-0.23615759224479402,-1.4108533234340654,-0.921564097379807,0.07250126220413437,-1.3124875602616994,-0.34034925952884776
14984,-1.3860347187953974,2.083013075725756,-0.2827308854048808,-1.0260603931425272,0.6102638366579857,0.4773337690497765,-0.4937074440933689
17950,0.12269725910314976,-0.6989051003442212,1.8530803220104743,0.666672051921764,0.7692739553020405,0.5178485270748864,-0.4880435108144927
18828,-0.07071937818530215,0.1849648253332284,-2.4596699302739875,-1.1077239779928134,0.03810278407931007,-0.28444006710739805,-0.05438582449746915
17446,-0.3222089562519529,-0.46448830087704657,0.8343944558522113,0.12351767390350062,-1.8237638048538736,0.7062937064630932,-0.6278297168237145
19240,0.34702227410705494,-0.10227101242884312,0.26673877616495717,-0.019133209368326673,0.722372816847096,0.24506223975346197,0.08675593137987664
15107,0.22222404940720777,-0.3259345091481623,1.675867711256099,0.9994348832922959,0.2875912245060444,-0.08062521157292125,0.25592842915373426
3313,-0.4572869233356051,-1.0802152995072074,1.9287015335185036,-1.0511241048126854,-4.444072244278442,3.0470925472304695,-1.617295139762796
14903,-0.30543876635818473,-0.9106357998937101,1.0959687496097463,0.4735975080083997,0.7309163489325019,0.5126869868981717,-0.5963298108263771
19898,0.15029276037173242,0.20648158747141718,-0.806181736578814,0.1376814080169299,0.5149334162714825,1.243176654488538,0.15556615042088065
19256,-3.923927663271778,-0.9778094793475937,-1.5848444377009638,0.0979981748486914,1.000385406758697,0.1755487717975234,0.5179052891042478
3713,-0.7961396207201317,1.5330012604736571,1.1040719220012158,0.22593625928852823,0.18616063807229974,0.7904698081203855,-0.10616860124318579
15889,-0.4258049050421451,-0.3110735973515775,-0.5327504398404258,-0.1654089946330266,-0.22044540497840912,-0.3022565186613968,0.21914587891333
16319,-1.1200803832217021,1.324519799225169,0.5513209839503295,-0.11581109893771432,-0.22142291295417363,-0.18866161351936725,-0.008265016387456152
10777,-0.18356393094880047,-0.6970054591435085,-1.2058198897303283,-1.2337453591968854,0.7953274534858995,0.9242225609010319,-0.3265712796131872
17149,0.18728776731369068,-0.6140054977955587,1.4718149806728835,0.16206027932559233,-2.705942392071385,1.4022695657270692,-1.2301242934103553
16480,-0.11558396776420056,-0.18495966447877982,-0.006621240869515138,-0.4569889301161732,0.18932699207807677,0.5786143888530263,0.03919814126552132
20488,-3.5596117056515575,-1.4344951163043973,-1.3645736212042456,-0.4590857221214328,0.795664763381407,1.0464864153101685,0.43854897477004406
1913,-0.28110136769747746,0.09478854038276958,-0.4757780663683157,-0.8801892601170183,0.32725592690838834,0.38495146454824325,-0.3191471252326396
20358,0.1929298942611609,-0.28955044999333523,0.7735908540884936,0.17743552112422925,0.5027950370593343,0.34478623356411126,0.3518028253568821
10621,0.02888712952369865,-0.8486788232632766,1.5130314297500098,0.2957652233307795,-0.191884994387138,1.0845729855009856,-0.7093779152306172
19358,0.10754530915919118,-0.2222398434229076,0.1755135434652403,0.8102244284484897,-0.04636628616631561,-0.15911673738460497,0.11695696401585846
20083,-0.19230941435778764,-0.43819399066101306,-0.03970578047544399,0.24265094533276188,1.7811393784050695,-0.36786739165564836,-0.13972301494209283
12334,-0.2215784397307245,-0.6902548629793964,0.9537152859205201,0.49429350549469914,0.8710836904087459,0.35481187828857325,-0.5053842148775008
11295,3.082424686546504,0.8338136654364066,0.36230985540564803,0.20180200777890686,0.3211776644343037,-0.031214620701502434,0.11822405737965419
16204,-0.23876388715963098,-0.5422043554047736,-0.15330798935905382,0.031158375756859914,0.5987020878206887,-0.10267186030005918,-0.22110538849325478
16956,0.11901469504601235,-0.19279103604402778,0.482493446807793,1.5349326413824036,0.044109278716424324,0.43748360253715884,1.2198128452107142
20876,-0.08213992070969516,0.5522876585771853,-1.7195600234890345,-1.103983217462697,-0.037994358426788305,-0.6773901163806109,-0.28470331746674804
12279,-0.2757172484566161,0.1000759792853583,-1.311113411725081,-1.5129326815723947,-0.2966056488783264,-0.036524089096418494,0.3416719277803262
16951,0.09751792427367331,-0.2599478408719901,0.12146855476268305,-0.5406168553374735,0.003087045938818476,0.45371201771880054,0.31749917416616
16521,0.036243977619617916,-0.15398121492676628,-3.560579025317237,5.124071701589506,-0.9202011996425146,1.5497429354284926,0.22451611718428058
12600,0.06929475241778088,-0.1396317372400043,-1.1506822843173021,2.8307574566353857,-0.46941317537028654,-0.11532883070604356,0.05839728348386268
10306,-0.004057610503700146,-0.09286671539355791,-0.277826042563838,0.4707917237409617,1.1466072164762986,-0.13880100113466742,0.026857267917272932
18786,-0.43644031563471275,-0.46747754440482797,-0.1420834729508854,-1.0436004167639032,-0.11696234504031074,0.6001691976861038,-0.04856022000050947
10050,-1.0794120568243213,2.2041464326530464,0.006753605180464971,0.29995360856084896,-0.07468008794586734,-0.2717642598522833,0.2038241230490531
15382,0.06974154563242735,-0.05396113868051494,-2.0696972072253486,0.46352802552602246,1.9212809390350558,-0.007727080495365306,-0.3114592130726742
19438,-0.001515012946241847,-0.07678986776225499,0.8224625613176437,0.09799827394499015,-1.0039140942280798,-0.9277240842872745,0.14331963148756327
15971,0.09322964018627516,-0.8244129995915095,1.0221303358505924,0.736472501923821,0.10432104197820542,-0.1811597532546089,-0.2713123714306373
17019,-0.17511300031578855,-0.3188743821480061,-0.7788117636014316,-0.6955635868122453,0.9957361907963841,-1.6168619402915771,-0.4564752782919466
16296,0.15207735794007662,-0.3281509798646269,0.38479158828966203,0.25114608301127656,0.8497531481601687,0.4716259652480363,0.6830679835765298
15916,1.1761856825869041,-3.956216130973117,-0.78807062640017,-0.47069020518299276,-1.7921287748498604,-0.0893109906038472,-0.6797184973089676
2265,-0.06052001875027808,-0.3978207232590205,0.9458250125840245,0.09025708877250176,0.018171576993874675,0.945023390191502,-0.18024069860147776
12409,-0.4862416391909346,-0.655583435657029,0.9363458992305601,-0.09030319885438719,-0.7832663708696778,-0.9852576156106548,-0.6138902543165744
20362,-0.25945746729436253,1.8953188075808356,0.07736072341651135,0.3282761510342043,0.4346622875286626,-0.7139897230023236,-0.18596110650428474
16418,-0.11867123096072095,-0.42656548167905817,0.7979614701000448,-0.73871392033605,-0.3040715756801206,1.5375591138853162,0.05709887280981206
2736,-0.19515512143673763,-0.39787539781901193,-0.9637643620804976,-0.9812756540409069,0.6244996583973894,0.6741155400451365,0.17087047705585529
1351,-0.09663983341829956,-0.43192435032164733,-2.4339134621701284,4.935562183193666,-1.3754432501292195,0.8456263586526596,0.28602184445945517
11900,-0.2874241208454538,-0.18091735500003753,-1.0081631846802825,-1.405304817162495,-1.1559146154361055,1.2296001499885163,-0.334295132273413
4478,-0.25547392149497566,-0.03139007589887094,0.268286249123855,0.3838987370785141,0.8301577882336811,-0.6679908633630359,-0.3941581251694006
15418,1.4616766607556868,-4.180960467856299,0.03201293845024989,-0.32777629103130573,-0.41483566549868994,0.1342270132502613,0.2114455573008192
12740,2.083099771056358,0.9155626360585477,-0.6865252639501782,-0.44487969281827316,-1.4428226455086646,-0.8045212427249052,-0.36619033419536123
15723,-0.6409625377327586,2.4021440940620824,-0.3348763768710896,-0.2151081116294134,0.07462593927746884,0.13512675973672658,0.14116421986598113
19296,-0.04207851531973773,-0.02671332519413945,-1.0509888716416647,-0.9321715050799522,-0.7109578387165605,0.15391876795304987,-0.06033341862285915
15153,0.0687806133126297,-0.16419113377078143,-0.7242628571722393,-1.2065844665977423,0.1590839033452265,0.14755403472055173,-0.5407924732229532
21950,2.204018002293847,1.0306629833006469,-0.17220677067221934,0.01960438138602995,0.4257130661387708,-0.7317838570910115,-0.17791735247056575
4468,0.07264115949298498,0.04585475872206397,0.09121851173096078,0.21181444956246737,-0.5242951264758796,-0.9500894896635426,0.033476573685762914
10980,0.03521797633236047,-0.5256609480663115,1.0494489782920504,1.1782547778874966,5.451472226669942,-1.4406120067719805,2.809843059863416
16887,0.04444908041116059,0.045698752845229,-0.12249340615498303,-0.16358548237734047,-0.5935471304772095,0.016683559915532133,0.534932285984403
19043,-0.6692994555521732,-0.2300925688315857,0.015386601121481451,0.5873997780814953,1.7638529414168616,-0.3690690356835392,-0.2564409944880881
20638,-0.06066808697677756,-0.1115288616621073,-2.4895233322923125,3.1179482503682174,0.23438082782846675,0.5717523140493176,0.03147864054995388
18051,-0.024209298388583128,-1.1799426534166397,0.8345772103140597,-0.21905185711266262,-1.2105581605297675,0.9030181168150123,-0.4816523038301295
11569,-0.17316581845606666,-0.45428474024833604,-2.0381779811215006,-2.1118829539921724,0.5253710303135087,0.9622243584703286,0.18851844244226892
12559,0.3668958001760862,0.3785344795031845,-1.322196683592607,-0.16663947201019194,0.46595709129939517,-0.73396428705411,0.5805936295869891
1881,0.5165069316239915,-0.3176882709867154,0.7425127057915066,0.48357368690271385,-1.2513832151895956,-1.7877925505861165,-0.6870827491055721
12171,0.04619831993883345,-0.12462960859963385,-0.25977619753037245,0.8867843585426984,0.03403038297996803,-0.09026073340720515,0.3483009378448481
4192,-0.16857985961005462,-0.4642097174959113,1.222617442409847,0.47784255793735714,-0.08070299714584112,0.16653185434300355,-0.18944091177313074
2670,-0.4704939539601849,-0.3435828498151813,0.10168817001732451,0.35426115070691105,-1.2471774066708081,-2.3706042414336284,-0.13620734863963477
19478,-0.2712108278514272,-0.08204105395352157,-0.07509052168564367,0.7229166865166964,-0.6617862294303004,-1.3110345392635738,0.7859944624323499
18189,-0.19726082760933422,0.4177985172327274,-0.21475135735687675,1.0078606693962593,-0.634221397790821,-1.7060128839324342,0.4141221344484432
21464,0.12294533550071002,-0.08492032391282503,0.6032254816313865,1.3021324687948068,0.35713820246708383,-1.1505476829991887,-0.14686459224507464
15307,-0.5779375368356996,0.7471085163927158,0.28545791293938644,0.6891993460271166,0.028773217499477085,0.9413206491255847,0.17205662672845806
15589,-0.046382536144763925,-0.7229035419540553,1.0167083598913471,0.6517575520443707,1.1334845134711216,0.8835342750648615,-0.24694428210607133
12694,-0.5416620738721442,-0.5928331818683659,-1.3339278670472383,-1.8442437486933259,-0.20735576729816527,0.01682798136224455,-0.4343342090990108
10333,-0.452667122816699,-0.43693171292685196,-2.306509572221496,-1.9459695529717385,0.4000119401948318,0.1954133932664505,-0.155667260460231
15252,-0.5842783187061777,-0.10856142403582819,0.42935138126157457,-0.8180873622119101,-1.0750363131226786,-0.2528997557053856,-0.3753776034012663
15130,-0.35279842913240717,-0.15402470098665821,-2.9122934610578484,1.928015115438638,-0.8285522590893,-0.16095087525749502,0.18383375184716466
9739,0.08748107135841096,-0.7778602823019836,1.0265933278633075,0.5945835995783328,1.0134375725219926,0.10397895110705313,-0.39077311225247385
22200,-0.10287102826176364,-0.45499789568599563,0.4601933963892414,0.1347275527309675,-0.9734809405505396,-0.5814160002275383,10.600136502275587
21731,0.12990528105839752,-1.23065508404317,-2.7780444429291538,-2.16210972175779,0.5179576101142961,-0.4610819639153775,-0.2408033130620968
18675,2.0578336152438284,0.8808151993935625,-1.2347573571106705,-1.0237531585726933,-0.5297205006331361,-0.03052719717365023,0.09743160545584872
3278,-0.12856959225894324,-0.14303921077265494,-0.9912310029619772,-0.28965450485981725,0.22010415445791348,0.10075261735546026,0.09291722882045798
12027,-0.5203972593021825,-0.3263380175722704,-1.6101645819212491,-1.628138857153698,1.0281116063627236,0.22464188217584796,-0.4774874182116633
12175,0.011661127481503235,-0.7449100430494345,1.3429685127986177,0.5378053517158238,0.32623296657149925,1.0277398882142437,-0.28461011051582685
12050,-0.1352668400821255,-0.733423535979853,0.2727148844339435,0.21859578049266024,1.2248729282767141,-0.43030903561438194,-0.7312313440896094
1664,-0.0864014632512604,-0.40775427438693657,0.4740178596763936,0.3817452671990926,-0.19904667440070842,-1.507531099083642,-0.004882441149468456
20767,-0.9040997512898784,0.8987879063674148,0.46774689220979976,-0.9024770971028401,-3.652278149575898,1.4031755047514747,-1.2162252285407076
17820,3.008441648436993,0.7477148752173396,-0.0775715199594175,-0.19011372620207967,1.103286704003615,0.33195189315307794,-0.2619238204393993
11578,2.480489770747284,0.7803151444982918,0.4189425796843653,0.0033035014154148977,0.184934261700725,-0.29134158041141195,0.1305326209244709
16977,0.05583458836376017,-0.36347324272893644,0.4909161871250141,0.42536242424653403,0.6970299148499575,-0.2715684512577711,-0.07706826416876826
12001,0.14863143849038052,-0.36060156478564537,0.8596760269851104,0.3605062638060192,0.2761836006872073,0.5308909263571139,0.17427071048054568
14918,-0.37750808115889684,0.8372609846838055,-0.7410029690208634,0.9752419614670838,-0.7798460928262092,1.8910709589465062,-0.563760630567602
12028,0.3217569487893565,-0.2816248078053936,-0.030334593483782955,-0.6737209812178241,-0.8620924013953013,1.320750693775808,0.050069928164748874
11155,0.05210563931986081,-0.18144885562781368,0.5857363139449645,-0.015480985162725454,-1.1037728413086088,0.1730344913526812,0.45800864298341926
15568,-0.11733424721520398,-0.1694964569423896,-0.16008118644299996,-0.24194833912847352,-0.2019826560624618,0.11812716500850991,0.18849882551981856
12785,-0.4765664247253372,1.64268574343721,0.9336962660064073,0.6331025711863096,1.2835028251995013,-0.3353428988150109,0.1741167443507481
19866,2.570746322933109,1.0939988029453522,-0.13231208973672087,-0.2590240145512374,0.8236397700178231,-0.32823322481182576,0.16607799124533387
12555,-0.12450701365030557,-0.3997232545078595,-0.9224302925780417,-1.6202723726295591,-0.4028988849391612,0.6399824611567616,-0.03336077780646198
16621,-0.003450108166839589,-0.4976563563337936,0.7967989377271081,0.8371013946681474,0.8371659224374226,1.2977229690366592,0.6413219200281554
3552,0.03133524343966927,-0.1780259026121908,0.9874160274321583,0.12154502124316954,-1.1800733627685331,0.45313174399260814,-0.09797641769731359
1277,-0.1165913771938359,-0.5212967869792147,-1.740749361948256,-1.9383792919223999,-0.40741917663059907,0.39529389239648066,-0.31151043262815387
17228,0.12852506609737752,0.41581773254550713,1.7273245212027826,-4.723756429295757,1.924318235412965,-1.2622514577580608,-0.6022027876437479
15517,0.28191973261046605,-0.5187106162209556,0.7270489179913481,0.6093310345388311,2.179862505104751,0.2163178791409988,-0.3385887240405779
15330,-3.5007116629030146,-1.2309334313232745,-1.0132344777749014,-0.12274866367735035,1.8380518693124221,0.6935407182283111,0.04214027627191831
13633,-1.4087713049443968,2.738167279859243,-0.6309951313276987,-0.7308419611821452,1.1544345597826213,0.3044960312485952,-0.47429591183906494
16396,-0.14506428711711586,-0.42539166279617485,0.9205575926549927,-0.17416629663198635,-0.3671417697251739,0.1738266530503235,-0.2929668413799906
15869,0.21198539316924597,0.34941359689144535,-3.340025291656875,-2.1688166085769462,4.265976838829421,7.402283624760854,0.43866282759709196
13632,-0.665866926280317,-0.670460410834437,-0.42489874997897725,-0.641572902224684,-1.1170565844059952,-2.519592012187961,-0.09036826052794784
17146,0.1545521584630529,-0.8713561392310246,1.6473256247808543,0.6524000606480294,0.9841970585104899,1.1028976739416794,-0.08220160945850437
16743,2.0082498525595964,-4.349276058458878,-0.12907129973152914,-0.13216588099637822,-0.5944754849320422,-0.5269381097944253,-0.06631542364443047
17749,0.0011629104631798288,-0.15011447578763237,-1.2303216603334726,-0.9470720101883793,0.5114734507417236,-1.616860910547878,-0.09061876028568758
15005,0.2573661679704496,-0.3455711086540393,0.2321766922041321,0.027225263725848735,0.11318930068142088,-0.0018692768212567453,-0.08359362164924464
16068,0.25121632721968845,-0.09995122630157764,1.5239387818721628,0.773384084737155,-0.8313357943001697,-0.7246624504032642,0.20564581205685256
22232,-0.23099751411979172,-0.42605809285082774,-0.3013357298396821,0.9936890830149934,-0.07180489207291221,0.8604749213366085,-0.12003526639213877
3855,0.17502778847714923,0.03546432391715071,-0.622456487169726,0.24148999364040263,1.3591411884669606,-1.0717948659838332,0.5982637506995508
16158,0.24499974030409527,-0.7286623201507384,1.1435463830077062,0.2408817433245326,0.9196004470786515,0.8607745797750534,-0.2024891854338099
10395,-0.6400949682876779,1.5821324162426977,0.1894579513414609,0.42098531619026697,-2.5412289621664033,1.4815169116049747,-1.370482315980174
10154,2.5855707840822344,1.2491857556143129,-0.3492362754105475,-0.022699654093215067,-0.6504409563029266,-0.012390423032477942,0.06520267167673713
20018,-0.4307292050195079,-0.3617547180264758,0.06079915151170968,0.03484757435324135,-0.8481128007857472,-0.5671318910569177,-0.07370166464593478
11818,-1.0638443128366373,1.4521975656507893,0.6087613736579339,0.10341877016968005,0.21162548622709604,0.7307589584893511,-0.2136144334211914
21518,0.07377347068938417,-0.26902512519162164,0.05461682508916564,0.8983807253130474,0.9807132745762424,0.06340390925868734,0.08996378791753551
16194,-0.14715874510638116,-0.2578653168558048,0.5468468167404248,-0.0026957077740587545,0.10230933987370176,0.379486758648879,-0.040502033539196396
16071,0.2920386683968828,-0.14873621009661062,-0.6813939590860524,-0.4573805380517839,0.657442051805687,0.11056895182298652,0.1963185927948401
16066,-0.042615678625005524,-0.41315108073017537,1.1836742077580902,0.43290150697648727,-0.04138416094832108,-0.12248358449391117,0.3931594304148745
10381,-0.6089066524179537,0.09066401341761177,0.959034102108906,-1.5680454887870807,-4.120867775637504,2.207591746709028,-0.012381933457410394
19132,2.5077509743965427,0.9416412241313418,0.4016765347384599,0.01146829046796698,0.46100624595001444,-0.6937159037543628,-0.18989746374027197
17647,-3.584939435514858,8.894099804755085,2.657494953124486,1.4636253941836883,-0.9080807028666961,0.5941274345860225,0.2030268765385875
15273,-0.06430772504062861,-0.5923091709375304,-0.32873338615788644,-1.4885213328586844,0.10193804446649504,0.6807256663226396,-0.5689692793934097
20190,-0.3145911593421917,-0.8754991265693363,1.2906202658557913,1.460003995327649,1.9085228632870137,2.471422930712068,-0.08618805782909161
16460,-0.2630654620315928,0.2447377475113714,-0.9946632492634401,-0.7038387183422116,-0.18147311718296885,-0.9499619056861897,-0.28322309490814307
11929,0.3031114594319902,-0.15284495910976542,0.2914680289398773,-0.5556856260571785,-1.1895874396473665,0.7133443605023772,1.3466443384076932
14985,0.09908074456529144,-0.34899651794569053,-1.438285177531288,-1.3852096629672759,-0.16500596295374986,0.4173839597661412,-0.06888433868548588
19148,0.003730840491822309,-0.22195708815251755,0.688430616947148,0.7676047236610898,0.7240388418343485,0.6112336328843666,0.07958856569120241
13515,-0.2844099611334338,-0.09221221989920435,-1.1291963927664541,-0.1553794226086501,1.237368614567579,0.3027793013120798,-0.01455785701822253
19187,-0.1034681206148061,-0.39677301784688124,0.6358830527549816,0.08239734316382306,0.18811656797966128,0.661791781662995,-0.25953786602022955
17168,-0.07394026804298914,-0.39162711635639036,-0.18202713055595754,-0.32918764796907835,0.24635358384107886,-0.25739181268651784,-0.8218426693385681
10128,-0.0743767263384669,-0.46677564730287097,-0.3216438735856606,-0.5110031760842665,0.10803594925439677,0.7971570155882773,-0.4037180898267725
12506,-0.2064090479746707,-0.2734071517368628,-1.6288700418169069,2.0331961184846965,-0.370811130114239,0.8064385492928875,-0.29971610140545235
10311,0.164920445485248,-0.08578115582641764,-0.03667116642988848,0.08558037673959519,0.4631847551546418,0.24574531986141745,0.5563547720982506
17279,-0.7041033589012874,-0.43884499878298827,0.5358661127058648,-1.070244960239252,-1.4397613717865037,1.2726761426991058,0.48139137668416165
22330,-0.11375256070837228,-0.2627182605879833,1.0997996636816958,0.25837890021712123,0.9456496323649541,-0.5977418979558081,0.3417960294582297
12807,-0.47926225180951204,-0.25582682332097045,0.8595977992939918,-0.14839769537795744,-1.2318546988725918,0.835167215234904,-0.5231253969519603
20014,0.38908000940112913,0.024876835808964413,0.339638643747516,0.10186678088710947,0.5291322335263953,0.21253992354966111,1.4590697357949696
10322,2.4696782636177224,0.8745394029076295,-0.5864340077533767,-0.31548190940251825,0.4317909920286831,-0.4701997929321185,0.23741131220962755
18963,0.3094372621038343,-0.024960808026534314,-0.81240896284793,-0.24082779343550792,-0.10116653441622166,-0.6081477880854776,0.3469246643394424
3114,0.17839417617001707,0.013990736725037147,3.9601666819090258,-4.638963284195079,1.000450114218526,-1.3644542368250479,-0.502206476243447
20738,-0.44915441762883906,0.26729982632850807,-0.7889118983585216,-0.8128952110005164,-0.8319973027001897,-1.0121084430417984,0.0003139985446818232
4236,-0.4525594523547885,-0.5601705213540072,1.2405792200435526,-0.08343928354583158,-1.3047703125825834,1.5288228888473416,-0.5664678989643329
19428,-0.7257748861947092,1.9274954486281528,-0.9333854468404833,0.28864430110807915,0.9057618363576966,0.34260411736363366,-0.17253927482857173
13031,-0.164579263411843,1.114825229693782,-0.5412041228934589,0.35813952959410894,1.788961525586862,-0.4639161501154996,-0.20234292968773174
3562,-0.45845638413074385,-0.8436278425609067,-0.025180613208204455,-0.015369621884730695,-0.16089671215132836,-1.8350148663530628,-0.5144377224624285
12484,-0.25908839694276636,-0.5022884473886372,-0.25415982065088655,1.296775724994536,0.8066854538886182,0.44529966364440277,-0.12644465960935053
10859,0.3075021921325501,0.35414263903819343,-0.7262829737231608,0.004938918132267243,-0.5821702117486757,-0.8364509979382585,0.43108941054213235
18911,-0.16327511787688595,-0.26296724117711395,0.21039273316959603,-0.24430606800213353,-0.2467125290154228,0.028488772411219165,0.39271705965054116
2078,-0.49616452499977964,-0.46814198330988854,0.2321455566834153,-0.19554190030346605,-1.224277234934317,-1.7522911492116569,-0.2507171388980098
11483,-0.23842731588881483,0.17362420249101046,-1.4225448405218186,-0.8788589931532516,-0.9177769433137425,-0.7671146745784004,-0.0605019307018622
10679,-0.07207105035466323,-0.10196777550037284,-0.10022646980147225,-0.1857244693449742,0.560965138533118,0.4265356031670821,-0.39182900972470347
17021,-0.1656940922275568,-0.8267574178771879,1.3863521497543037,0.49039609836842785,0.675904165705609,1.0544886600832777,-0.3195657697867544
18609,0.005339529616171133,-0.6485666064896395,0.9053883818609799,0.5699114006726268,1.4414984275219962,0.2180317652933579,-0.6467251674709044
4269,-0.4871162758337364,-0.6834529361884915,0.6952907751971095,-0.026450603467078542,-1.0430426873754106,-1.5234220356306658,-0.3059493325440787
15478,-0.2660486939922073,-0.47639353374987187,0.9641577136592313,0.28885778777613813,-0.930464701773952,-2.5675057431443964,-0.21958286825652606
16941,0.16268809142542048,0.19826911180735327,0.9658958760435464,0.6042132031587387,-0.13384750466593845,-0.48438296011291804,0.23882975464658066
19281,2.0955112349158784,0.5204453531772858,0.5970437149499334,-0.11255547028825984,-0.4161058246084759,0.7603349435925706,-0.21519603536086548
12727,-1.4798145556208924,3.337559807534515,0.1718533184384158,-0.12336171233107524,0.06990537230621931,0.169578030001773,0.023900399425028872
15114,-0.24748175607595888,-0.2065473293773338,-0.29239086567170325,0.046140709561413015,0.2547133594025444,-0.3781508440755828,0.012494423280493968
3617,-0.03323226317138067,-0.1444097987490268,0.9925842689699044,0.7236023745268085,0.36066282588373977,-0.07920995569954295,-0.11653229194698815
18652,-0.34576085632766734,-0.1856374173267044,-0.007428689040229702,-0.3710807344255888,-0.869240014224515,0.35449689933846096,0.06319479960410312
17257,-0.6107937129207732,0.1794856546678068,0.7441432013534439,-0.41330989732291384,0.29544619347729606,0.8121169053765172,-0.16422515605055643
11333,-0.33531496957233525,0.01064177278489475,-1.6691735255247975,-1.0411668801992313,0.6132909209319007,-0.38476587297785647,0.3624122690237825
17133,0.07384719098250724,-0.21457821009017242,-1.1275597264083492,-1.1916304383690894,-0.16384940306270399,0.8403048399958187,0.6433461621398213
4182,-0.07348738831836311,-0.5332081851985412,-1.5487799112816207,-2.0972265928675085,-0.7126843048604965,0.15687556206148617,-0.30167889185022695
20951,0.2135413838816637,-0.02676901351023688,0.817722300884208,0.35062720255277513,-0.6205383944387944,-0.8555061059632812,1.3837295797194873
11767,0.030422819476375998,-0.041400238787063656,-1.4206982111287914,-0.42148012786927125,0.6807159576250952,-0.309565729648264,-0.2436248576268858
15554,0.23034811344508602,-0.3820704830090608,0.9570278670376345,0.5966290413446005,0.9305807587882888,0.5154276995366613,-0.06918358945049286
20310,0.0027656580570337686,-0.3905567598467234,-1.1018032630513004,-0.001106796098329596,1.7352464217184882,0.5707547799297983,-0.518482075998506
3177,0.12217337670006977,-0.002261698376712138,-0.6179706724092744,-0.9650011592993903,0.14675749609931157,-0.8049199839250789,10.038198414699652
16440,-0.3613626501160358,-0.2290646843684798,-0.6692801161366453,-0.39546621799774134,-0.5154507927340709,-0.11091790302689969,-0.27446786111100197
10759,-0.10656333385921091,-0.5148550537768635,0.9186443740784624,-0.3463155959752727,-2.4104597884534966,-0.9258629365997102,-0.623426157266766
3624,0.31233893083379555,-0.18000140577825957,0.3846067670122701,0.38498597803418255,-0.49398083592315434,0.3421323002194541,0.3044008079281381
20340,-0.1360482175845228,0.14122293971234406,-2.2817438830824046,2.749744030587129,-1.115590210572942,-0.16674953680427543,0.15758981421296997
15324,-0.14541942125956211,-0.07584192563571654,-1.1570236510555145,-1.7608795873505243,0.4012489288063111,1.3262818906842724,-0.07454647482354261
10425,-0.26441517400196507,-0.25655841466893564,0.6712734067586864,-0.794493625467601,-1.575800789804113,0.7780212038684874,1.9974377918923407
20834,-0.25690163226522494,2.197263130847229,0.39456359186108053,0.38182162016320675,1.1116703800040362,-0.614049937839439,-0.7403014850242405
12957,0.052898902735354844,-0.3438090080858619,0.8664688459720543,1.0092318299163323,0.7418043713485206,0.2513798215314398,0.2975682487734277
12051,-0.2703539148225497,-1.0443335954997284,1.2659116806075486,0.20442401272471658,0.9037282720578897,0.28717070504869424,-0.7586117350775786
12695,-5.816829098841386,-2.0578200328471246,-2.1206265860457796,1.5992225534084712,1.1926692806051813,1.6224218769361607,0.2556235159593525
10502,-0.8493973686455207,1.6194775266346089,1.2135950530380577,0.17166490604809703,0.2879739617213286,-0.6412891212269117,-0.06092654328433274
3881,-0.4923379045485118,-0.5244574312420323,0.5897489862125334,-0.5378199883738882,-0.8345711072343753,-1.9772492116249782,-0.6803642252735891
12270,0.13901367513901838,-0.7975449516862165,1.2322841256921626,0.7679493280741521,1.3903538860612303,0.661777035661515,-0.050170979562994454
3884,1.725189615686432,0.9464681120387778,-2.3592431161700778,-0.7419996425564498,0.05941079830730237,-0.8669300180116857,0.21504341298006147
13157,-1.0141852615212053,1.599043870230089,-0.25247689490483255,-0.04986476800205042,0.633091176283725,0.10264053228491968,-0.19720807837915783
18135,0.07096348400687012,-0.621098177106406,0.2625293958998065,-0.36594843915864145,0.32269840791603743,-0.10647907049175066,0.38050364250744184
11837,0.010520223688048723,-0.5609904890112729,-1.422718013921697,-1.4916793232807168,0.956384505247814,0.2913625931413695,0.2506025074268311
13322,-0.1698124642258827,-1.0455000283476623,1.5544657573783285,0.464869689855982,0.8951304401668045,0.9548177466934742,-0.613575399107176
19672,-0.1720748219232604,-0.24009082049653352,-1.0399928157476914,-0.3433345364655803,0.5413708671211064,0.25273316243918353,0.1010899637851182
22201,-0.2116933889394186,0.1990243615825363,0.7559085907849635,0.8057438514325426,1.4730717131643167,0.06917100778095787,-0.3278521058918197
20400,0.3414390130326202,0.06713573110132057,-0.05607879345935167,0.977765211968408,0.6302323643376236,-1.2070943504703058,-0.06449241058932792
12671,-0.11737576226967064,-0.17356843340892078,-1.972639344866112,-2.377118794635658,0.5146022468782134,0.5912703424230511,-0.2868472188992955
11836,-0.2274397414406663,-0.42694490831739584,-2.114098715541536,-1.7903220166655964,0.0319793511769912,0.6403124067014342,0.1804777369071586
12357,-0.16515168263393112,-0.5709554495166592,0.3186025314864262,0.23830386400544773,1.167067001224046,0.30751470167544215,-0.28660169054004525
19368,-0.29430084215669555,-0.39215257278829635,-1.1488106694907725,-0.036005290275540565,0.7834666410700941,0.03475246126505352,-0.18344793359628453
21245,-0.007744204323309118,-0.06562463658292676,-0.4486402024925409,0.26619642044730857,-0.05827232488275945,-0.43086593169408305,-0.015223005239425257
8046,-0.17370923626393103,-0.021546894517239863,-1.0553607734389305,-0.9194737076966673,0.5777797723840198,-0.669445874081353,-0.01523906763981916
13250,0.43721218668304856,0.9792731366699984,-1.065253928772717,0.7587062807320245,1.1113588226308786,-0.9198653765230979,0.32343189708195424
10902,-0.026116482740603172,-0.14555854134169915,-0.39959561970334356,-0.5007555887548959,0.11826957093994898,0.690330135379133,0.17728266390283226
11548,-0.16756138097312778,-0.24320816081717803,-1.6653741992563131,0.520314876382952,0.7617741542357583,1.295454442390674,-0.2524797682722302
21030,0.30892824962200255,-0.9499674638087566,1.7416521294062508,0.9532458159344084,1.7733884340104575,1.167794214081142,2.537126518311547
20193,-0.10056991331661372,0.0032548523877358065,-2.901921775825822,2.741795761267362,-0.14301303187469463,0.6651063083551035,0.13788173823937097
22067,-0.7580506402515754,2.0077153709496276,1.192025218240236,1.61001471407555,-1.0644305047387235,-1.663104213071781,0.06975983971449108
20061,0.043733189685448294,-0.4373253533512286,-0.25735236482053825,0.15981342909843668,1.5560413800955197,0.454149431508771,-0.4346202822261613
19482,-0.33958726845792003,-0.2963266678532165,0.5009151735964884,-0.38927088330137716,-0.8529958829211336,0.3969621357107408,0.6137651776140991
15871,0.321309110445204,-0.11087463978524342,0.25662124509229783,0.8263777017744992,0.8601291191020813,0.9754005522584467,0.24998972272849204
12829,-0.33569431428638513,-0.5038040939947551,1.3954374258983309,-0.4578021939864224,-1.9929528974429191,1.407780622093764,0.009797362786322572
11063,-0.2847776416365358,0.048320188789060414,-0.6744926729393433,-0.6757878251948474,-4.511695535062456,0.09516433186284629,-0.9151608954106664
13464,0.07187932253271402,-0.3581126819383803,0.12953856562557445,-0.6583286444143973,0.7829988592417135,1.3392939656572735,-0.6129166485161717
12955,-1.3653919483876231,1.4354345821772043,0.25580517724106555,-0.9176313662077186,-0.653904163523309,-0.1372269645998156,1.0085280095696432
14126,-0.7089137070299525,-0.8265256466764012,-0.16001370158593556,-1.957267539044572,-1.5109763422718074,0.7860904812920371,0.16733948160029294
12663,0.2293042658993602,-0.4973373060445788,0.9760576334501144,0.7101581680668461,1.0563372432101792,0.7647538537096117,-0.028733930206159875
10907,-0.11115314524598542,-0.20059716624363663,0.5205143856327867,-0.014492078331077879,-0.7760781644020236,0.4669563512962579,-0.16091084676206768
2972,-0.34251445389884205,-0.38792161527011115,0.2173236647611821,0.40828862880075306,-0.8763235130554223,-2.0530890012648704,-0.289583242456458
21034,-0.11047971162138384,-0.3218522450367508,-2.286745381544273,2.9732776780658194,-0.6667179031557453,0.30324534283192844,-0.51848394295802
17690,0.0860030200396022,-0.03615191673406755,0.31573160871139,-0.20555141116604536,0.08380542899373701,-0.9845032458830364,-0.11496492664973318
12322,-0.244130613535138,-0.21904079275094743,-0.009045734330537285,0.15555365195303564,-0.26203457367326255,-0.7575847832494494,0.2731138357791124
3505,-0.13044459153835586,-0.5380486756963162,0.9890620652030047,-0.6028702916046177,-2.524342802995204,0.839490596658889,-1.103319048650372
2500,-0.03470814991112043,-0.7909545230613477,1.36524616456466,0.8890401482484522,1.3556641436850858,0.23062510956235582,-0.023058776089287233
20211,-0.5401160775357203,0.5160121709268924,0.8037653563734324,-0.10295220188561234,-0.20121319871377802,1.5947343152982463,-0.04330178646609516
14827,-0.3227692499995147,-0.3313545265708735,-2.2039164307432313,-1.7298775915554343,1.0890219507765957,0.3839948628017873,-0.2733845404845726
16543,2.8030683466254915,1.594874942975601,-0.5422839661628512,0.1036070297453469,0.16546064541479377,-0.7172849753076435,0.08039891451060867
22011,-0.14032752094945514,-0.40783982579626876,0.46055428844356094,-0.12671174684160882,-1.6601281132984982,0.4761972021688385,-0.8199393768050791
17243,0.008470379495001656,-0.3258234493883611,0.5523670256689698,0.8484803441255427,0.24415023132760183,0.5285544750829915,0.31451601561264747
12184,-0.09903598608689773,0.6688230754027694,1.180170208448786,0.4215760988229129,0.537544433419505,-0.31878610902578236,0.2865644756556572
10341,-0.2752632242315613,-0.07197588337869494,0.2504974544483866,-0.002126393521892937,-1.2394852272670975,-0.34491558914876075,-0.4690729577730805
10632,-0.3270867779204639,0.3571305617892495,-0.9792608280801629,-0.7421179328933896,-0.39512048114536236,-1.5584451623502285,7.495719421420609
11424,-0.004309294624753068,-0.09606056913916332,-0.6435192925795499,-0.272531413964822,-0.054375868995274204,0.19804729945247088,0.1527551853139662
19117,0.16692187758533286,-0.019620105206814575,0.25336937975954044,0.19393083747119025,-0.023780538908765147,-0.3457618789443261,0.15409653784347768
18342,-0.26405143083178223,-0.22655916140679827,-3.6352287237515486,3.7842695970299047,-1.6419861041738353,1.3139688807614116,0.240129275528562
12091,-0.10540116512791478,-0.8056484846432341,1.0779064305147616,0.39718574536245366,0.43551109041483477,0.9240787405557764,-0.22012166891807797
3917,-0.3650469874999786,-0.6228211638461572,-0.9158954186866298,-1.6690538016540446,-0.18993665633852017,1.26709195579564,0.14316175123304217
22283,-0.40819565503948835,-0.05487944071383206,0.047762942156492544,0.1661484634673014,-0.5498177305469332,-0.9983276430497532,0.12061879281716525
13293,0.16371962546553814,-0.10732117490525422,0.7684641171559973,0.24169439144186075,0.7547327115853062,-0.24369730729492262,0.21763384091077986
1480,0.24349177011163942,-0.3437740612826821,0.7788488101332206,0.42283850475143614,1.0051314961796813,0.4543577377357113,-0.036183601268145606
19754,-0.47312490288633324,-0.2543736245723897,-0.56504613158314,0.2934618333199733,0.17755370825856323,0.32728502270567844,2.008808376997712
11571,-0.34064928362914776,-0.44192025723099854,-1.1552152202909542,-1.8524722794941462,0.543573791729751,1.0045288237442918,-0.2556500482480677
15709,-0.4019924375662301,0.0701845705754704,2.7271435035035876,-5.395782239410264,0.38924410847461,-1.1991451308995997,-0.5174646404188725
15242,0.3374899187597425,0.011371369509445835,0.30267095837299124,0.2680929004530004,0.0669230810375934,-0.034972384120574324,0.13361449871602551
20852,-0.8080669412675533,1.8238884706931628,0.09471338732592553,-0.0718197237838442,-0.8140371883650191,1.1702274712780365,0.05063149754956391
13462,-0.6083633095852917,1.9676987654360028,-0.7452248561479009,-0.5749643365562225,-1.3587576763546683,-1.1880020680729746,0.660212303192297
16345,-0.2413185048861804,-0.7391313409442894,0.5931826491790527,0.24013058686796024,0.1800110735719903,0.7226519744734627,-0.5045481094285997
1382,-0.9708646702135573,2.6006878307019115,0.7780363783631519,0.37490888368167435,0.2527583788394005,0.28622460928208787,0.1279912013158653
2719,-0.08607905236636569,-0.3438200583257195,1.0901540552754279,0.49995250679540476,-0.4648113999452182,-0.12585234625528363,0.14577006782690904
15214,0.11493930954649392,-0.15740042966196152,-1.321441074657645,2.486927509444226,-1.5098378771893421,-0.2742952703265904,0.3482130974043973
18630,-0.37837035015161097,0.003973938169233777,-1.0630856830885291,-1.0026049376094137,-0.038998673400275886,0.7509359476379206,0.18721202436413079
21298,1.0520021947816454,0.2771755282529289,0.51375499649897,0.12977679263884548,0.09946302987439272,1.1489333207448573,-0.23120231240366185
12300,2.4176421472793734,0.6524851869500136,0.8712008847813537,0.20518491072346245,0.15173593863595866,-0.1444380520557367,-0.009674576302416487
20536,-0.1762278296743116,-0.7544629755808969,1.1735159077007695,0.7585510681433911,0.7352329085827074,0.6363978307104609,-0.5453526590241605
12131,-0.43385028596892133,-0.568970780765792,-1.0116767146360686,-1.653073135557939,0.045106825420557266,1.1307038762067434,-0.09307269428406695
13065,-0.126819483686305,-0.2396165726566032,0.2422336851642693,0.25368731994458704,0.8913491211992306,0.7315422138864351,-0.1589038590783545
20517,0.5046600252687327,-0.32144160062708715,0.9405948435290857,0.40136348417259465,0.8298897471411353,0.24399508431750186,0.17600738565720442
11923,-0.16332195710427874,-0.19662172117321036,0.5027198001364743,-0.932467492894409,-1.5138555911831364,0.595314101180302,0.031373364394194844
15566,0.8725974554620486,0.6105280597497048,-1.4249813811852992,-1.2215830093147328,-1.0153815274147429,-1.1180264233169683,-0.21601284885871586
12208,-0.17099215268586834,-0.7019756332604746,1.7479275685517979,0.6019523403994813,-0.47233352223659625,-0.5265065186843761,-0.2824752544122651
2545,0.028866851232543646,-0.4557522509118245,0.9183622541774268,0.5468564257607929,0.022872657083035923,-0.11571577510603677,0.05665696236072977
21946,-0.0011657089756811367,-0.15000450543075303,-0.11485713461280664,0.02309504507227481,0.8641388418481561,-0.7240766289176412,0.0996615267116145
21252,-0.48325369503290244,1.675713004291951,1.2715907453734583,0.6486104198137697,0.07109890017705538,0.28657703828791636,0.027218526097645166
11908,-0.3840873729073219,-0.6524804846533667,-0.19863787669128896,-0.4409104833122254,-1.027539978241756,-3.2752843288396027,-0.5003932585912781
12717,0.07739735203128673,0.08273928526274034,-0.017382457108341163,0.16558993711360862,-0.8627341396373408,0.4316362046843643,0.19055593818510205
16366,-0.13043513697724907,-0.23401362691088265,-0.2511742141149248,0.32019846432004034,0.6602244098200224,0.5901181718758093,0.05055443227296282
18063,0.3411187906281516,0.03270535098632537,-0.6939024480448365,-0.7947694940997516,1.0751710479652221,0.9167268907778384,0.2556010510776506
21483,3.297214526899792,1.1599684597094226,-0.13710353985988696,-0.6255882395598813,-1.1932815928133873,0.10587867160276467,-0.19867282848745008
16691,-0.8533472042136944,-0.2709140745824078,0.012636172824595652,-0.5856627285405254,-0.48088319191603746,-0.7361250510204774,-0.3330520382748887
11084,-0.16763539566452085,-0.3405032255684033,-0.1491761375174281,-0.8230149758013958,-0.8929413374891427,1.2996703032645347,0.13698466700558037
18549,-0.40941961869369387,-0.32707912690646773,0.5808263217349816,-0.11866794086572084,-1.5618287930264456,0.04394895861758677,-0.03214010324050218
22018,0.342289623634289,-0.10129285162951113,-2.071762925009096,-1.6737598076188194,-0.21779694453963208,0.5408570999039327,0.13973481345882227
18491,1.6131004060482954,0.11297732088193202,0.39943507302247155,0.1835192860051118,1.292424508498372,-0.19204149657739625,-0.04258670051915689
2576,-0.8814781145222508,1.9846990357463723,-0.2702911628325272,-0.3705740241890538,0.5525708101759521,0.8456785979539074,-0.07762583985851877
20382,-0.09293024906165988,-0.7007471582912983,0.9656810342021309,0.6466412753620063,0.6587038968368336,1.30604669953264,-0.8142589334550734
17220,-0.04580988858350404,-0.5643255701964442,-0.5560104548096436,-0.7128576557738101,-0.7790247001676728,-1.9595848763036667,-0.36857943089327627
22027,-0.016131001241243687,-0.15204062213587805,0.47961362915215056,0.2692157706248,-0.13086607881279247,-0.236070313231824,0.2524739798988563
20928,-0.48913953377683156,0.5356255490931737,-0.28578436059534823,-0.29135007994497697,0.0279464202112448,-0.2378715261021248,-7.092128680711191
11052,0.1316276843721343,-0.09868428437531626,-0.4645947454685367,-0.14273575837596264,0.15961305645758533,-0.4014132532162345,0.14354082664658013
11236,0.10890714363753062,-0.5711221727197702,1.0943428409748213,0.5547178162097343,0.7415548067504399,0.4755221645784267,0.08657274917885581
4224,-0.4634851533232955,-0.46827923034976016,0.6294689576413811,-0.5311956771753462,-1.0344006203096683,0.22849706427537422,-0.639613158299814
16092,-0.4603596311559515,-0.6446750337364637,-1.8341796745021195,-2.493395729607183,0.9228740574018216,0.593945486203991,-0.4316425731718405
16562,4.366182538490251,1.5366360192907573,0.06286869460304811,-0.00257402639541269,-0.28211380977656975,-0.7944369030420827,-0.13842046440341213
15259,-0.48789844377490815,-0.5659000321332136,0.10390834580802095,-0.16842928690718437,-0.2753331344675051,-2.1980273610955505,-0.6575624160126666
3641,-0.1618515162006997,-0.6588106545650873,0.9247792296393589,0.5507766362569104,0.16973357676726303,-0.8569475244867938,-0.032543238237627975
14860,-0.1903618539051946,-0.13896085664721358,0.5113987967457637,0.21689622281424495,-0.05100676671902659,0.32925968201389866,-0.0939015324481135
3557,-0.0906130205340036,-0.12852921064771256,-1.019915575364089,2.3895534289953435,-0.8558671786831323,0.26170618658326006,-0.19079859897452583
16171,0.19191134577076058,-0.20260068605957307,0.5527061696658763,0.5452655369741329,0.23333151618528117,-0.21745578076839872,-0.07041955414314592
16539,-0.24222486256941175,0.14781969358445005,-0.6358150709381923,-1.26225910802411,-0.9859740684743961,-0.04923708598549831,-0.18395440703874033
15760,-0.13190553315020223,-0.9888155488936664,1.1178180541271643,0.8200594279526631,1.741292808705466,0.7909874917208719,-0.40713252294544255
12711,-0.18720814510437128,-0.9999953667435475,1.5594795766295075,0.6922762461152634,0.2760100095752656,-1.9842352889352184,0.33937558951943025
18552,0.13349187044966737,0.10228494792982078,-0.015147328247959788,0.8565432746018687,1.2897267433129578,-0.1767339271132298,-0.19292429123400687
11801,0.177092244920806,-0.6769713810837078,0.49953039236918534,0.3497754394743413,1.991061487428182,0.27074023146455944,-0.2993661648142435
12242,-0.19643219731584063,-0.14625870673479308,-1.0001401646307515,-0.5591734109263993,1.5947645766230611,0.43636872804195287,-0.23630905635145738
11385,-4.111117256973531,9.022242933947428,2.86199236506104,1.5265531098403855,-0.9937388404517018,-0.6848935346595805,0.1965008217653771
12733,-0.10751570713101245,-0.827923397537743,0.9298502609901101,0.3329259761361185,0.5957479853656923,1.361313509526651,-0.5196009778775564
19985,0.0849697745721815,-0.3778889475191803,0.9377970546898188,0.7970478256271636,0.2212894882277283,0.3306681719748908,0.28982032086253356
12578,2.7819194586961817,1.0625927625734921,-1.1234737663017813,-0.15825068624479396,1.2266308290087082,-0.5182471944161114,0.4464294182977366
13277,0.21073323852029735,-0.29552057535125026,0.8052965296305664,0.5215803440066814,0.8370998219713963,-0.12600791859542598,0.08771906554987943
15943,-0.17259140801853814,-0.06264639715191615,-1.7129418293631848,-1.5782733048918085,0.14391870754125413,0.23913146665034654,-0.40881879003601906
21551,3.508971948365584,1.6654514937412561,-1.4456527866963287,-0.4741272265097234,-0.3415677409617868,-0.740358588477736,-0.3824685857588176
21440,-0.07665177464010056,-0.350123821366187,-0.4380585741768611,1.6307603751898387,-0.08032537000608696,-1.2468634961388683,0.24456606767542424
2704,-0.06281410904165932,-0.10656879960817578,-2.159250249903584,2.833751013744402,-0.19469720065115076,-1.4651174595514238,0.18519543126117308
13579,-0.6862353228569781,0.4204184493246955,0.7235754111931324,0.5813034511577025,0.8325472957094894,0.37882387010457297,-8.45224315045871
18307,-0.07319281565341056,-0.5472876027959102,-0.24133122697809148,0.08667159482470548,-0.05592335983835951,0.2902147574087516,-0.08490249347253974
15707,-0.5796080771579799,-0.6939847313660775,-1.4988144976185132,-1.5226513704281979,0.2566277205624197,-1.2887912519248526,-0.7608537526928146
20833,-1.0985075600229077,2.587157113050254,-2.430299400967149,-0.027662501782581204,-0.2750465942030989,-0.848279197982152,1.9963733108860853
17581,0.284213883507272,0.38870205317273787,-0.9977728010286895,1.2525198609651158,-0.3667250465818677,-0.8692605642436667,-0.025554119983017067
2362,0.02965122314746202,-0.22661710681050773,-1.115166652968015,-1.065191601989937,0.2420878614824631,-0.2884809374488224,0.0508510429034667
12732,-0.32857602042562367,-0.0034334312373115105,0.8780644222871508,0.9407990568255953,0.8298460856297901,-0.8926848163182979,-0.23175816009196465
21150,-0.03696501613990008,0.17864902323776105,-0.26176608622655684,0.2016494841714561,-0.2605401982715241,0.2367089985819931,0.07874814447896222
10371,3.5858942874146704,1.281151665830971,-0.13956518949465735,0.044373800359430574,-0.4784277954298876,-0.6917802461422097,0.0034073523678046194
16791,-0.9622916616493186,1.9578781535906349,-1.639018547861663,-0.26839421229578553,-0.015002689812610473,-0.9425151904365705,-0.34419049922030204
20478,0.017004478339638918,2.3881989756602673,0.5150768714608801,0.533396639604011,0.34286446267596804,-2.3984927680686994,1.004045618688587
13023,-3.694177480181229,-1.286202466299028,-0.024380277671822968,0.34297255458661385,0.633704204764485,0.8761988363504725,0.8997185401966333
14826,2.4066631464120536,0.6861787566696743,0.5424737847675224,0.23258220735566254,-0.07260340158910483,-0.25471187584060784,0.08524387883126625
16917,0.09517259713686531,0.22358087550711792,-0.7023003195282276,-0.32150556818751214,0.20295057551171453,-0.8776706939341431,0.5353608917508585
20901,-0.2645350419231364,-0.1561335743129501,0.06214403360967447,-0.3051126485406939,-0.6711297200232483,0.7221880026393368,-0.06057387017278233
17042,-0.4493800690052158,-0.45229954318291693,-0.7844512597144381,-0.12425609004183183,0.8232225902059847,1.5474463509713194,-0.30508193063663985
12455,0.01654069460101288,1.278468773557562,-1.1406110132557445,0.21230747735942188,0.6295583103237976,-0.9830044796259932,-0.67355028009654
22398,0.05971171139542473,0.39200462163481803,-1.575739463811328,-0.05416189602582509,0.41315665371955945,-0.5827848276193287,-0.46757019193754806
1395,0.05484905043409439,-0.2965137342297685,0.5975853860903797,0.18647814462213005,-0.19196173937491687,-0.2582662966799408,0.02502335655434731
2493,-0.24191626973101324,-0.6028225919332529,0.9916857449785473,-0.684586652144842,-5.5180572863026,2.30019853134076,-1.1026277576763879
15657,-0.6293929062425068,0.06602200357535953,-0.47323736629202484,-0.7936145795314404,-1.6907039555918912,0.7480347150872402,0.499259843375886
17772,0.08046652329434574,-0.3194237726608328,1.0296241439616245,1.4214648401340153,0.2504831933010135,-0.7627764045592842,-0.3051390002998278
20672,-0.7372610759469881,-0.532775423378214,0.3247317833561482,-0.1221062704429352,-3.0584742491473764,-0.46669494721781396,-0.2941186279856626
13520,0.25423920179980347,0.31852253280635584,-0.7820110783598726,-0.10754998885977897,0.2546660740228117,-0.35505979328960835,0.518898060269852
20667,-24.6578169669301,-8.12821944399986,0.9937198649077195,2.1776155970256883,0.2472046166335926,-9.50716244264726,1.0181988835751241
13317,0.1056614777621828,-0.17023418153172384,-1.3084119538301964,-0.0475139669284044,1.6147572338485885,-0.450038596549351,0.19779588878462734
11021,-0.48078044995889796,-0.005506004155880315,-0.2999761628200437,-0.9611369563233916,-1.0769230735632618,-0.5498135244433555,-0.3311617637333294
12967,-1.212461911539854,1.7465916711636111,0.6794000101968815,-0.14419864081442227,0.5174231194760961,0.39661867067153944,-0.5325101635360371
13178,-0.11792100024116017,0.06255002106283783,-0.24542142360517422,0.24004199725961226,-0.6027583038227328,-0.23271712885757828,0.09170298509590366
19737,-0.1876340277971856,-0.42766410570255764,-0.9971175803595282,-1.315889590720386,0.6021822356411838,0.934200671024465,-0.23642956442714577
16104,-0.09338042263885817,0.044637323857362944,1.093928097108818,0.5990317959158017,0.8736695596241798,0.4992643187931255,-0.09633520689890768
17476,-0.1623220190101589,-0.3066458557369322,1.0377034943069903,0.5950460816101826,-0.5711149234664472,-0.16770485551108447,0.1305671254968497
11682,2.3619421097265834,0.7721041609329362,0.21084084483434112,0.0720991213672924,-0.6824764421384605,-0.7211334770419957,0.1581273151173136
10873,0.113123046268698,-0.16748264639312646,0.5048206999034712,0.31907047357615487,0.21975161407785754,-0.17589839339277039,-0.03179932037130545
11007,0.24914732196938486,-0.056833208691492776,0.09740453901841177,0.5688083980978914,0.5752581113296638,0.2858609562066678,0.050180344531069995
21643,-0.3832500934157797,-0.9382270574388701,0.8017523338894573,-0.9983893917289346,-0.1511574897098846,2.058683776956009,-0.6552214196013854
16859,3.84447999970043,1.1614654507897095,0.37820650373752074,-0.2975837453116698,-0.9329764618825972,-0.31767376857649704,-0.44895114223417704
19410,0.3963741121268312,-0.36635798376137246,-0.005530124889498345,0.34110798927673847,1.5907408062015385,-0.21730799852858596,-0.3171676615334834
20429,-0.025300101570960624,-0.30406560960686757,1.0330302729479783,1.1054462848325304,-0.3034909109532111,-0.832009210622108,0.787520093002043
20078,-0.2140728600613005,0.15813464007214903,-1.1331757352597391,-0.6371483275738633,-0.15552731995340136,-0.4760794343028768,-0.030051226419240875
18449,-0.2985943732222311,0.12631675528925915,-3.2317464812069665,2.073184851540572,-0.3115318573932894,-0.2713877042785027,0.02850125301203116
10045,-0.2606784288224303,-0.3642903634568043,-0.025208220688395674,0.02904273821670772,-0.5399486968735173,-0.03045008853545826,-0.3224218821624401
16961,-0.13071762503544454,-0.06486121575918415,-1.2962755444708531,-1.1145015641678668,-0.02318750539424799,0.8553072449944705,0.10699521866451227
15480,-0.11417485888703566,0.7999414793624383,-0.060510480052088735,1.0506943914776457,1.5391239225252418,-0.40051106254992497,0.5445846546820823
16115,-0.2482349609284805,-0.4298047255834271,0.6701774935538188,0.30997283032748824,-0.2746064231896293,0.9443511685433882,-0.022605693877886225
20623,0.3626705262818969,0.572535394259762,-1.6022878363637307,-0.7711280514869593,-1.332244842824473,-1.9963389960687494,-0.4941529700756029
12763,-0.10969230975873744,-0.12235493969297592,1.2345199023817828,0.09504350194431173,-1.2599437827136024,-0.907399000647535,0.021990111633035353
16187,0.04899890529048827,-0.2525302880464459,0.7056927419553509,0.05232996314436226,0.4344607499931606,-0.34787655029466014,-0.11678213288265744
18351,0.15046339725331476,-0.7702446462042516,-1.090847556932137,3.9132719700574414,-0.9060968976343903,0.14783038210236435,-0.1966121565152256
17779,0.20106574947670453,0.00023209123426924156,-1.433514837002644,2.407714605692962,-0.416035765444305,0.12272883472325348,0.14800456949124616
10438,-0.21513828346598501,-0.05467910052283993,-0.6005401513830172,-0.645239213061664,-0.2838700793344874,-0.16846175246798545,0.1708538721397635
14009,-0.6193277497465769,1.8172551950292717,0.42766784094523674,0.7577180718763019,0.1379955217861284,-0.014887066978582365,0.2571209397044722
18783,-0.23838902606273044,-0.38662175198870263,0.837698842343172,-0.09769589243554604,-0.7086746521273659,0.7367057764158443,-0.0018173624450696793
12873,0.03834103876241255,-0.5009976214927025,-1.3332482446291303,-2.0133753868243933,0.829130161686848,1.0777484515207576,-0.59892213056586
10807,0.34458821528962685,0.2738898785299977,-0.4849308093927196,1.3993264444614253,1.014276523267217,-0.8706590002735746,-0.0429641807266259
16350,-0.1534607044072341,-0.3328624737574931,-0.6396197791199517,-0.662481275708262,0.5102650532960384,0.6589581724305268,-0.1873470180020781
15111,0.08612546032605355,-0.5014322914485956,1.7274104973386455,0.5135586523844422,0.036216616442118536,1.123230449825273,0.5328793047042202
19447,0.05586747358905459,0.09291228454138094,-0.670120228216294,0.15261391145790196,-0.3721523644404038,0.21122375662327886,0.0158189834987816
17488,-0.17040501409117673,-0.2829218826883867,0.34352258743249253,-0.39668173126565154,-0.6787738607590078,0.019528649343168503,-0.2685033819522252
2332,0.09931081679792941,-0.2896993784171206,1.0914106268610815,-0.06666634932712044,-0.8141534639691759,1.3858560747634707,0.6795706296742494
19601,-0.47620499134121247,-0.6400888573389714,-0.21805984375080972,-0.5427132939607632,-0.6087050432861701,-0.23780472096184668,-0.2571870635861388
1381,-0.5499004993295826,-0.9785687099848352,0.5274794921322846,-0.4110990727514034,-0.525233768547665,-0.12829702334937929,-0.5241239762591006
11445,-0.4352787754761647,-0.41762429678958307,0.007403997193777671,-0.18910120763440952,-1.4982129989671222,-0.5500308296170408,-0.058301244576801275
10541,-0.37714895788871583,-0.8572649188902404,-0.7802437088536105,-2.1523997571585007,-1.2557886336869506,1.709760461431487,-1.1891441089075092
3135,-1.2005435218609388,2.563657363966018,1.2763720057405126,0.10528696764210081,-0.5237894994723826,-0.6780312004723936,-0.09595374693490438
12191,2.109676857475945,0.47487816840334257,0.5089617642674718,0.08069846770437762,-0.8505760235024853,2.080140751959194,0.10902238414698373
10616,-0.35470621661943685,-0.8126443508628405,0.9924365673811465,-0.05196696738424682,-0.27882587033397854,-0.3241847104700346,-0.47689019029017826
21143,-0.12649149261276302,-0.4379223640971456,0.696247383363541,-0.40344028277139715,-0.16898084223822846,0.6439763736617758,-0.31071912004631375
20277,-1.0724063400012132,1.3441663489106634,1.143086048781914,-0.03250921126221676,-3.076038818758748,1.1251398028817021,-0.3798207718064618
1616,0.35325799586908196,-0.08406957133290988,-0.8953340710998485,-0.3257636376281798,1.6733722059941039,-0.0829172916713813,0.06860379663656013
21885,2.1172679357230693,1.0162558447639074,-0.7818207630814474,-0.1760001621293828,-0.7840523583948009,-0.3217836003444503,0.3317371916947112
2463,0.21000054586019853,0.06575270989410414,-0.06475997526769851,0.03507418381361875,0.09006367708560509,-0.578481149246773,0.3995226842509599
18128,3.001015373918438,-6.880176171433929,-1.447972344194891,-1.0491929712277601,-0.17381902363383508,-1.0942110481868066,0.3412528175350721
19607,0.21485525324059981,-0.05581037483572398,1.1126309286387832,0.4652574872981823,0.28829388330426947,-0.059056958148189814,-0.12835181536790186
10961,0.07125997995251063,-0.20601369487540527,1.5747515202251268,0.8355178958987443,-0.4558943000585641,0.30200036925684665,-0.40338207679443966
2879,0.25241695054348656,0.03516211008508071,-1.132311796045345,-0.70543452412915,0.5358598626753206,-0.2963734020358678,0.10847214156381232
21228,0.30595340588000647,-0.06996702265359445,-0.1479502775265642,0.23359296433484025,0.413836016069865,0.12160165679557329,-0.4572511697496909
3324,0.3504169404269113,-0.20514843557751017,0.8735290772167722,0.8092683463861717,0.953450225016156,-0.0471340767927956,0.41759781850445
13329,0.06186403148582496,-0.1409323241074788,-0.3194250860440273,0.45357140361433623,0.07725035165216024,0.10959338060213725,0.4640117728211989
18802,-0.007982322509846264,0.08858991702778218,-0.6547266905455105,0.21408956333724163,-0.22463783343709767,-0.4539295263660818,0.37136812325564195
10835,0.09929837882620356,0.11493262187693395,-0.6420023720215301,0.999771486641214,0.9803549443430818,-0.2199029724495468,0.2907087797688754
1674,-1.40046267445689,2.4369327372101606,0.7855936176512619,0.278006750757448,0.006817750869710304,0.5365651623280727,-0.26376299464385394
10711,2.5761004666725213,0.8746164599418595,-1.8537659952927956,-0.47658922729384773,-0.48640268556998983,-1.489270974326506,-0.09152689530698445
2088,-0.021806224670025617,-0.5142296806332154,0.21874519056870612,0.6088249284053452,0.27080387680806084,-2.1486939581556066,-0.00659899978662309
3249,0.19922790211716973,-0.18596924788874178,-0.27603408370794424,-0.22988838377885468,0.7275414049265692,-0.3442814325468547,-0.24701302353282695
20303,0.12603897243457146,-0.43406561259751747,1.0989427548502124,0.5651651715024264,0.8619195140278121,0.11957201912218202,0.9168381722173008
20430,0.14645689672596696,-0.0869368326894566,0.263584380811004,0.3920258693981466,0.0067757066629238446,-0.3348050205814616,0.5885972486080496
12542,-0.06871762447958694,-0.623521506175864,1.3669549303053536,-0.5944690935335054,-2.763184739448699,3.11545422012151,-0.06271405320188415
22592,0.1130107124329699,0.005446850084394521,-0.8174220988216095,-0.5762885411750815,0.30616763560463545,0.12846766943227825,0.06556476109762109
12965,0.15600327859401608,0.2894917933196896,2.864789123915657,-4.6508779483593035,1.4837159409461178,-1.3667171942482796,-0.7981794320189921
12098,0.054152321156577456,-0.09681177257346547,0.40678079356928487,0.3734815656552176,0.26518490718803656,-0.036292455516545294,0.31103077484132313
11460,0.4696711426050833,-0.11278673922230703,0.45174946022486023,0.09036436686382,0.6355488861621615,0.13371779518352997,-0.0639428080770239
14786,-0.49350678752267785,1.730964122778928,0.7149119501459995,0.3366972527229059,0.5016554396269299,-0.4866655434005424,-0.283203172241077
22248,-0.14192886207613417,0.16336937522342593,-0.5199247662994075,1.1126070028786548,-1.1254073477056976,0.5595875117879272,0.07336226823120404
4186,-0.7509813999563166,1.9087244853546446,0.033554709436532694,-0.23660057674375046,-0.6764646659890658,0.3958884685278649,-0.15824392136739712
10278,-1.5875039144647214,2.3690703208545405,0.9730419372987319,-0.09279107300691937,-0.8208650581827869,0.6430976437934612,-0.12556565341106457
15601,-1.1600951749196424,2.703616955032057,0.7244478326249904,0.7376675347083199,-0.376270560929885,0.0019949287468826503,-0.11945721532545239
17680,-1.1922816450681095,2.647282060621758,-1.002567956516848,-0.37601742381823944,-0.29590084212810747,-0.8754926161896224,-0.9496342552994405
3193,0.008081916078541949,-0.10817141260694738,-0.8064852936011071,0.34209593438803604,-0.3167996673716639,-2.9386938660716124,-0.06490059657794195
10473,1.7466100953896766,-4.44465845074128,-1.4416240980376709,0.2256791649095501,-0.34450785767963904,-0.8155404612638447,-0.253028236178216
19200,0.16126298483433624,0.20728223182869202,0.09901521743580662,-0.16454575604406557,-0.4025067121718647,-0.5420524937219162,0.12160283176675633
17864,0.07762201042565674,-0.19457128311302005,0.022943676215943478,0.8250493737483351,0.30926008402819427,0.9484821608808615,-0.3666297987852194
12239,-0.4264672710501835,-0.5967283335888081,0.2584331256537178,-0.050140209065059116,1.311027605794076,0.6123334646208667,0.11006805019428156
4463,-0.1304290914089048,-0.14523949786422913,-0.4881234969689874,-1.10807580158337,-1.0773928175402514,0.25362833090139586,-0.06173897753670869
18235,-0.4701618938701843,-0.47343965855131925,-0.9931275168566247,-1.8778195549153482,0.3262866826173074,0.5415475665682239,-0.06681033281270246
15383,3.476309867465955,1.3083304673104075,-0.5176698924167157,-0.7168105480522374,-0.593692879936897,-0.3797865780965805,-0.45486797536294754
18216,-0.47157174024442683,-0.7754147548194493,-1.1441891285116461,-1.2222128725770462,0.3115543387033448,0.9033670585261576,-0.11666221779386678
12134,0.09782295196686644,-0.6067591209360027,1.1202590528052805,0.608759936194168,1.0772495829374988,0.7471466092999564,-0.036498995177805145
11183,-0.05050568883667345,-0.09759458793435628,-0.6609957340649295,-0.7010190599348769,0.029821568101730027,0.09066404587218985,-0.0884344618624186
11138,-0.09412407855007823,0.17004216108381084,-2.414255162432856,2.6465500943202724,-0.8762490246081737,2.410036552358929,0.32099537558848945
10814,-0.2963722016877533,-0.23480994609907396,-0.2747696345661786,-0.25192365243292997,-0.5265123381517848,-0.38452902685251067,-0.1436264420217145
15465,0.09449425481335454,0.10038592347891634,-1.902895917452832,2.0045505206170984,0.609391384296497,-0.5111512015412778,0.09949220069674
17755,-0.8041852553128703,1.6411533170535366,0.4430074388612284,-0.21935865677338642,-1.4167371061389415,-0.5294532096535469,2.4846303689642326
19035,-0.32099924944064,-0.4332795730912769,1.0625360333677898,-0.44880199511261676,-1.7062779855104737,0.9925236177915432,-0.6248090350647512
15065,-0.012965005671253865,-0.5515339401919654,1.3025101861748618,0.8102700509105394,0.9607789242786945,0.24983550655785827,-0.3078757496061757
10047,0.08229836810049469,-0.3323380328067352,0.951498898129156,0.32622577835820976,-0.3874638923990023,-0.12866625662322456,0.34101758164412543
20141,-0.15504192323696098,-0.30942592713551015,-3.7578454033233277,4.6254936323272124,-0.5052432551208413,1.563405540749752,0.34277720610878853
16012,-0.42349714580477643,-0.3177933461004903,0.48186853671611607,-0.07100337427503924,-0.48189075487777344,0.517472979764661,-0.13241900103515047
12980,-0.11409412459731201,-0.6602849023999443,0.7803324805957229,-0.060035784498788325,0.6208593983257761,1.024495506588778,-0.3611736472887617
10118,-0.736834984389761,1.7535240035191346,1.0654449407192117,0.9178765258884041,0.12976992355154884,-1.0263075662808905,-0.06431675984122975
14990,2.378736916093535,0.8488010453825862,0.3127211899812796,-0.40627153972350677,-0.7287063809112947,0.14342456976785234,-0.03375209204145559
4069,-1.5883153677313664,2.545488757693554,0.6198703859342313,-0.4123989468276232,-0.8204031607732545,-0.2974105828279596,-0.3075324430902419
9718,-0.34404088781533976,-0.6188493947788832,0.5181430133302947,0.20651001398840763,-1.3190821069975285,-2.8083500151921292,-0.1755200787240763
19165,3.423252748301375,1.0062142091858992,0.25080895168953515,-0.5964831273571031,-1.9094681003207599,0.8180276603540377,-0.8356371610954176
3765,-0.5044298211903238,-0.2796888728054915,-0.38407961096531956,-0.23221849711188433,-1.4026985497762545,-1.6042832949990977,-0.39342747428756153
10692,-5.628113983716361,-2.434245469768197,0.005220326014326591,-1.6888988524698254,-2.293398738897333,1.8207416981925846,0.1743714445648588
18837,-0.36063128838541086,-0.6628149901654704,0.9213939058141946,0.07572798579305248,0.8708925624811626,1.1878381806713507,-0.48475160809633333
20669,-0.35828769902870067,-0.7083845845733403,0.765093588537619,0.2716700336403135,-0.4846407747753642,-3.1550718555293558,-0.5387144711172152
3291,-0.2244748784835465,-0.41122323520932685,-1.1028054676841363,-1.712050810626993,0.49353400594120517,1.3940876466242071,-0.04433976434026901
11331,0.4668693883828028,0.13959808931429699,-0.5975813060825736,-0.6574104118300044,0.8809381154597586,-0.7848722713870843,-0.108038774236146
20929,2.3611838046998135,0.8318286796820779,-0.13053745370731265,0.2675875773158719,-0.03950554403449566,-0.7436093247999491,0.041755138721027346
16208,0.1865733592384493,-0.07810390010130723,0.08018692115691053,0.4254802441431119,1.0147091262891756,-0.01830493348605401,0.18192307005305994
3650,0.21883034266896978,-0.40680033200431837,0.8404935429995902,0.0351344883549643,0.4016005844370553,0.3063869851285863,0.014729680124203096
11675,-0.24106650964421708,-0.49656437869504494,-2.221684107754496,-1.8480932672614059,0.515640626405356,0.6255678331623118,0.20218392972764485
13331,0.06060910082708407,-0.23745753183079799,0.35442266594183336,0.39691928822651157,0.2544425537462722,-0.716878459971823,0.14888705313027306
22239,-0.2053381442556636,-0.7332981521395141,0.5687915888320787,0.18828050625373582,0.6332098319923106,0.11910773746377853,-0.6131407095704585
11437,-0.31810700597652464,-0.16509715782465453,-1.6895544612067361,-1.6816418841548855,-0.3806119721447271,-0.05324199916688467,-0.15146723527452746
22518,-0.730226308903891,2.073537337086063,-1.792603657358484,0.09239971518807012,0.9989261815730061,-0.6809597328897662,-0.02703576686353281
10397,-0.13051052572049696,-0.17802297154455676,0.0018122417483638045,-0.18874890488669124,-0.055612547483721735,-0.6091090255197399,0.213624036451467
11216,-0.46597574112871515,-1.3457768546712883,2.9999817372114506,-0.300802301519692,-2.089169410900632,3.3613975603477932,-1.7394696855271514
20686,-0.5720851283371646,-0.32445623179391847,0.6764066708497702,0.033027636530336565,-0.9908511745689812,-1.1582889346095697,-0.30127331420689646
17787,3.080679152355711,-6.426265516015927,0.0031122288716641435,0.4590835300007412,0.35863256261495075,0.5065263887248609,-0.06616738441049157
17499,2.960946930783954,0.6838715592581458,0.34106184897263997,0.02847329674465095,-0.34897653787399724,0.5703367294490526,0.3362348010014633
17996,-0.08812422715296156,-0.8738839054723063,1.5434777164295113,0.3809148223386825,0.16139960084127253,1.1280114034277042,-0.6833863427844816
10179,-0.09107552988078307,-0.30543504711611136,0.04140434454850638,-0.9044742748618297,-0.9913154543253344,0.5663261019723977,3.278663944571596
12105,-0.1961056350791573,-0.08222458080596265,0.293878372301027,0.18149045863352026,-0.2748474332389942,-0.537959359991732,0.08204675682766341
11184,0.08395377354142676,-0.2854986154655547,0.906972399465084,-0.13582342020537896,-0.001960842982406902,0.5136913791833505,1.5037708881630194
10834,-0.38224825971088966,-0.2193342249933138,-0.01994312328004038,-0.2950676235946943,-0.9974484589882818,-0.3762361198174804,0.0774508769455938
19192,0.10070646463440246,-0.3454819846552415,-0.6995381691865129,-0.8539300440717748,0.49831976626712987,0.9263304918314003,0.379532348691044
19739,-1.3782309248722933,2.159476965591306,-0.5757750544203437,-0.5455682950745752,-0.8741646276394651,-0.1437535706321576,-0.016823237751622235
14873,-0.07239163814230504,-0.2740313201936094,-2.6369081532500265,2.1987847252202597,-1.2031168536946781,0.6923825719072715,0.470850413543704
22551,0.33500944278963735,-0.027156393866873352,0.49855726344651,1.1674067520632374,-0.04370991777092516,-1.1130106843848004,0.36978012238850316
18907,0.13443302845421143,-0.38564830258510685,0.28860565506795877,0.979417764210939,0.7530481868348176,-0.18035040398194005,0.17078190613047944
13160,-0.08728079440023082,0.05529721049368169,0.0016722369324195304,0.48161997644464055,-0.4237622325889381,-0.18096269728885628,0.06624780524187754
16351,-0.40268673796052007,1.4272426537854697,1.0663262203741368,0.44362719084912916,0.5787361635799754,-1.1837234236483976,-0.02801889669203135
12755,-0.10031181965095867,-0.27552831524071747,-0.6948177238211475,0.30098457589605354,0.7571140356565412,2.0672281563638397,-0.24420146966068573
20777,-0.06632884021259673,-0.7554774248351126,0.6535538588532286,-0.0490933164767005,0.3230662029532088,0.646268355895147,-0.4587533540135477
10410,-0.2569510440316486,-0.38576269137088004,-0.09633336650492207,-0.6718434813812426,-0.11397537771428683,0.6033616340057008,0.15317198914278626
21083,-0.17452009931377563,-0.5526512817379734,0.9121796033278843,0.1125262013087375,0.46982641969528016,0.7270476479056496,0.15845254742661918
15958,-0.023744094675672244,-0.4480333454872013,0.3819781409073723,0.30197256133680506,0.3847860074054885,0.3818876482519288,-0.296749573958986
10496,0.011932086610195578,-0.4707708628595276,0.8402899651826513,0.01902635423105537,0.6547558755426918,0.449790435266336,-0.26315993725122094
16638,0.20173943328688146,-0.7193806756545962,1.1542857734749086,0.9978848484872597,0.9086168359458926,0.6558377938127148,-0.21967589962465797
2732,2.430835299704161,0.8377755201659927,0.08652534823325508,0.2683424050974391,0.049845704532970915,-0.32592365076347096,0.28773785769742033
12228,-0.13797474211703845,-0.282581735784587,-1.8052596974350261,-1.3366631247250407,1.2821023183946614,-0.4189890763217582,-0.2582934845088626
16467,-0.3153645780653234,-0.7234755901465839,0.8719366839736357,-0.04794349632981479,0.5184529376135791,0.9596621635818979,-0.11285990001209345
12562,-0.31235909453510563,-0.4537412463911596,0.45518611461536673,-0.1794990326991249,-0.6877551957180665,1.408268089159667,0.0968816332362797
1526,0.020526201109655806,-0.2792217851505061,-2.3993841393771382,-2.275961176777566,0.14729394544430885,0.10247970511163741,-0.2783099710859125
12325,0.01291483310203423,-0.3829285810323523,0.3560590145528397,0.027159075463448385,1.1631584705945284,-0.7265369922146865,-0.36255255897097716
15328,-0.7009572218332901,0.03496517924617631,-0.6849555749513161,-0.8030593613351007,0.6538684880970381,0.864556687748367,-0.017115733646639902
18226,-1.304747344984766,3.7772953336730106,0.5819547579343178,0.5256132477332387,0.671098769559311,0.00879605611659746,-0.08070418203022416
10937,-0.5469925402112512,-0.6311949934483804,-0.20876495168273357,-0.8627031059045759,-0.19757612535127544,-0.4872842041601678,0.19592342983989378
15305,-0.11364955695561513,-0.0064334040628138784,-0.05966376022416602,0.3886314710846692,-0.37785926246443025,-0.2080442650715765,0.05127560214575247
19568,-0.1619146597164478,-0.2392151751444485,0.1289536039855017,0.6150509663430294,-0.03435061933388564,-0.4090717283601876,-0.14576083070852142
15680,-0.03727785006407422,-0.6668587817507341,0.1710772422407536,-0.005224624845495933,1.6277315004448911,1.4455414307916716,0.05584893892611652
20932,3.3588055797523766,0.7287243315407023,0.63092854944178,-0.2987960196342962,-1.4769966187951218,1.157562530610006,-0.9055692603067189
11774,0.026016959596152325,0.5516099177627234,-2.487008519361286,-2.541645692686511,2.956957719616374,4.375040083885826,0.5745944116186915
11292,0.0763676467061588,-0.26485233844813993,0.6387295182099908,0.4549040768297285,0.6455265848343658,0.050995825663402584,0.12238757553521963
18474,0.848788337865778,0.23294943886111874,0.7759756622586077,-0.20498790365967665,-0.06844445612733605,0.037822632882113814,2.641591195770005
16434,-0.43265804987258033,-0.7114952344860043,-1.1535621803025846,-1.1996011123941694,0.7472605316522889,0.6836398704475699,-0.14821439756714064
11870,-0.25958762348620146,-0.5326020716838609,0.3547940533471245,0.44887832839801767,0.1913118419717514,0.9174760409908577,0.045410961677054114
15745,-0.24561035089517785,-0.13910113461954915,-0.015151519115312461,0.0660979817382292,-0.07320319068802734,0.7158671267718077,-0.13455603278147693
15645,-0.1969687825313217,-0.2553726961492637,-3.4018424100368634,3.0896740205524478,-1.0246592832971746,0.9830402666815573,0.207807895173152
12059,-0.05591488589315792,-0.40861152002703927,1.5786834958026128,-0.5608149313422383,-0.5706010840996925,0.6830950513725138,-0.1998908264318207
12043,-0.8177613217806924,1.8283564706476543,-0.31921097179487407,0.01211562482514093,0.3590467581523977,0.22827101124113147,0.0956847354872152
16878,-0.3615177436227179,-0.10672085259557454,-0.959349688465405,-0.5030814615456385,0.3074967604423822,1.3345281700062461,0.1568324014930847
19166,-0.2951075214883044,0.7829910656764081,0.9883974590105741,1.2508537206917403,0.5469956130546149,-0.10624080069793305,0.4255990109675992
10313,-0.864279920840342,1.609843055189488,0.5004214219284591,-0.07902335318166116,-0.602761419522413,0.5845615280423644,0.04817134107067901
20495,0.03551053322111281,-0.9777285393838376,1.1603778221210543,0.5447703111997401,1.6283934186087543,0.2910003446058483,-0.343170815265631
3300,-0.3153087859675654,-0.3251772428348176,0.08058453702917122,-0.172176572362416,-0.1760367199372124,1.208661355134619,-0.3289134082936072
22165,0.054104521059704105,-0.5268373619325436,0.008100345063853482,-0.2202442480441488,1.3978413689439189,0.29668094225704345,0.45535358011319704
16142,-0.7870083387214707,2.050414105982739,-0.5468368180685622,-0.03762621872148621,-0.007852809745164599,-0.5089044941347303,-0.656179737776277
4055,0.3631617468972888,-0.40516857067137246,0.8610978601793362,0.44337054173513796,1.3550492920596136,0.4873565910581165,-0.2160938612463253
2516,0.20206654523725562,-0.3109692360706617,-0.4390739749765311,-1.1445761163784494,0.7724981876197989,0.7684130603977538,-0.09775381227418661
2956,2.640436631656525,0.6559176263739819,0.5088509705329617,0.307713855877211,0.9039127370775285,-0.14952254528129885,0.15686210846329435
14756,-0.10497785147706078,-0.28064024072328037,0.4005909666496773,0.0886863052911165,0.12358383576245237,0.5898065750489171,-0.03129297825593717
4053,-1.6184634534728142,3.371561699975652,-0.4910424868614808,-0.33215246969120704,-0.5233030169049957,0.215094245583677,-0.16632267978761595
21580,-0.15697531871946904,-0.4812073276940397,1.2920748035366416,0.2571888751395499,-0.7174222151042656,0.037868127621929606,-0.25328792740724787
12710,-0.351429987651449,-0.386825088907088,-2.193002217850078,-2.11349664623128,1.1921012098880264,0.0792735648549629,-0.3534930398931449
16870,-0.11918178793888769,-0.4574370220323311,0.5959978860892294,-0.07750085229601737,0.820596263471354,1.2150841809427209,-0.019427858677344458
12430,-0.4763759521564939,-0.12925011359068161,-0.30826614993644896,-0.9563357115949461,-1.0091941963883577,0.06936716801056134,0.4153892574369259
13429,0.1778515321600397,-0.5220312423485922,0.8641300681237964,0.467127882868799,0.8053934557583389,0.26389050899918337,0.038407328281830896
17915,-0.4845456620092547,1.136826450238151,-0.848244960019099,0.33955534110063434,-0.11056487993314887,-0.36860385062689843,-0.39933313432777356
16487,-0.4392678037523325,-0.2673451481345709,-1.5805789223829083,-1.0124323748395405,-0.0762354395108955,-0.9287877921195457,-0.4769868546731002
21136,1.248945027706133,0.33830142603006297,0.09995891774027624,0.36820675871666153,1.210713478586297,-0.34660660938030846,-0.10463066114862235
15423,-0.7693087562825387,1.0572674393379025,-1.6000033648856142,-1.683106152158046,0.26496824538216407,1.1801066390370925,-0.03897736581715454
16872,-0.24616489712659476,-0.1095579755602635,0.13726629349788955,0.6120084969168968,1.0175166911037443,0.37371818437678195,0.15787988057149682
19602,-4.1003969709923025,-1.4420931059156854,0.08559132240185119,-0.02824731574135771,-1.1922527406267367,0.4363003724876759,0.28446208483515484
4162,-0.3002736260634206,0.12231580560994168,-0.27877462228865457,0.02132797233393917,0.7369686683530136,-0.23144485143757845,-0.35912144547445735
12352,-0.8709069469320866,1.6385227967278881,0.7554042500080356,0.1917104953606372,0.4980939537234085,0.26268138120919843,-0.660531631112162
20076,0.0006672348480790911,-0.601685527813479,0.8944396864168371,0.4342685783407724,1.4253237790778688,-0.12738958962824926,-0.04462093705893065
10480,-0.41709424068867046,-0.3742212026166863,0.1174475280714814,0.02907291779923413,0.26566173863551307,0.042280447926407214,0.02793816170320817
20737,0.3938548360358129,-0.1094389823789373,1.2040305022213846,0.8039706715572156,-0.12469279942199907,0.20018801225965532,0.4466448381252793
10950,-0.24995126729218298,-0.23109564787784612,-0.6444614302807018,-0.5261744145467907,-0.9114675860812782,0.6590359052975223,0.29952284878570656
16839,0.032425695316497326,-0.1677182166022802,0.837113186241716,0.3901768853589163,-0.18426214466263488,-0.004503469938411662,0.2215742524038377
11196,-0.06721076503761701,-0.16947871119647157,0.39427500587817,-0.24549451633934602,-1.3834202538636413,0.10605242536663584,1.9887846863428942
4385,0.08060464888079265,-0.4527598995565891,-2.1389777257647147,4.636830442628241,-0.9914346407561058,1.7530955555606353,0.2966415194616224
1724,2.4125872795280716,0.9438187635901726,-0.13523505899197902,0.35592076722430116,0.09384424803699679,-0.9145263591462599,0.26147719017336934
9998,0.2668284745159829,-0.5555263396034444,1.3537681777337554,0.4741271980913376,0.8058132099193119,0.7992091657061413,0.16653863655151094
10358,-0.6210525447210603,-0.1722074903853115,0.7179610181309701,0.5702216706069065,-0.4045460764291118,-1.251021852706573,0.2940136257682784
3124,-0.06110283441714816,-0.44085176024753125,-0.5367047513329373,-0.7709755422357379,0.6349228540747879,1.1013854473764388,0.07012720775235745
2574,-0.17128530602109948,-0.4016649011131209,-0.26688047676408133,-0.00374935567783539,1.0052675759950738,-1.0636334090148407,-0.3583942615829464
15329,-3.653110099504771,-1.4158435759156245,-1.8971864001354595,-1.346591770778685,1.2601326657671086,1.1902337339474,0.09595586874835574
1631,-0.7727135635068682,1.487133803200381,0.5574244660905517,-0.1869758988865238,0.3179220043627372,0.23752017369137265,-0.33684245765680604
20445,-0.31008682494339984,-0.5325972634246747,-2.7323949499094446,2.4539475669574893,-0.9974246449896103,-0.4047874369398295,-0.3817249067746466
14802,-1.1621932876519387,2.329844212117935,1.4621326937474992,1.0267010160726875,0.6834240163318345,1.3755291723197942,-0.08655031635593922
20385,-0.26362720986057653,0.01588478146918899,-0.4235299984476304,-0.40666891928284377,-0.6476686103848477,0.2421585012789279,0.402125175693927
12049,-0.3720226438072542,-0.2177500328498195,0.7702480690671505,0.08348569169811203,-1.7613396070488283,-0.1713272400597408,0.19100575054310948
15609,-0.05592942610473432,0.07280034337628995,-0.9052282632985256,0.49794465153116907,-0.7563703796348608,-0.8058608573722915,-0.3908983287106063
19267,0.008218767929289642,0.05064183629757182,0.17572537496809343,0.6042215804490955,0.4566364652404816,-1.2291084720980976,-0.28399221479861275
16251,-0.20627367785840006,-0.2953607420087275,-1.1279121799282323,0.5343760522247669,-0.07224817655575401,0.47374808104008514,0.622489727405066
18207,0.2726385610520175,-0.12611929581898293,0.02260029479981676,0.1095037044097462,-0.23917481440609287,0.06595663599550217,3.3332020447900352
13020,-0.3608603721128519,-0.19382132663153145,-0.7130938902774804,-1.1426467771843196,0.1390542414209249,-0.1265570876190244,0.9136051435847417
10492,0.25425305470355614,-0.19764937595421278,0.514340848119457,-0.21902564659364576,-1.0572198550126886,0.7333185404142561,0.17504385115185625
19317,-0.6331341474161144,0.24604388266209756,-0.1317417860663207,-0.9864575160606104,-2.390181493942337,2.029227878051281,-0.36310957464345917
15797,0.20432913260443863,0.3941105103915947,-1.0096800577025298,-1.1672030829005962,1.1346158431919093,0.3619043306318982,-0.1944936400883264
12113,0.23843403435238536,-0.3382775407765391,0.001000856032991886,-0.6407573696768508,0.8630308458336617,1.3489519013303501,0.39007124476874433
13323,-0.11327557973869927,-0.4369780319347947,0.8264197741967089,0.09332799572042248,-0.4569905454879817,-0.08009330810438031,-0.4449757091850762
18875,0.3885596687138159,-0.46670569793769734,1.0566749937329891,0.6209210752739085,0.8835970439779622,1.2767634069831746,0.11580002116038927
19624,0.0747851427311779,0.35910590072965376,-0.9181159585302503,-1.4091686069893294,-2.0026332437708922,4.6934041488562,-0.7698860433022873
11446,-0.11296167440496781,-0.4438253305791399,1.064731466953029,0.23642738803568875,-0.15283214766782688,0.6841887509802145,0.18291968352793614
19702,-0.3041402437549807,-0.23490274280084364,0.3997884197817981,0.4638371057425983,0.9715654421930076,-1.7043643787017704,0.12479351712785375
15482,-0.10217189663532263,-0.16304236975403677,0.549564428169564,-0.09221089153412519,-0.5870249720307108,-0.6684783534086489,-0.0013959559414678628
10838,0.3487544646482709,0.1090130161593805,1.1351017358927813,0.588321405937479,-1.136863615546421,-0.4426446469521072,0.3566372263328022
11752,0.04101199535787106,-0.019791885861596446,0.0677905242582691,0.42886491464460724,0.28210307785931893,1.0923202999476367,0.3685397051877811
15706,-0.5626465656262446,-0.042782752735247426,0.16305129073546465,-0.20510163981100896,-1.0345051103437286,-0.5975367729147655,-0.2952888973859547
15424,0.0777755718113876,0.28932922942984896,-0.5878429992550498,0.24543691629757103,0.6472991284848469,-0.5542232776641457,0.0017874108144217936
16382,0.34019128310971597,-0.31672434922109,1.2463324230260258,0.5707633310173875,-0.004018188150266681,1.057250381337958,0.6349425826728605
12874,-0.11865632001074904,-0.398907811452344,-0.2732450450298331,-0.3062121851863976,-0.20455789975961813,0.8979739538396492,0.1749779384654662
13646,4.764227514671611,1.6000472552738167,0.6297296054855476,0.11168587902347374,-0.2884109310196077,-0.5754172430171209,-0.1493329731974236
17850,0.25597817354464103,-0.3999832816263317,1.0823155995205491,0.5417365998552491,0.20832180309095197,0.20804907508639683,-0.9073972224031489
17889,-0.5337126475728153,0.983237320840541,0.1295053338621424,0.41812879975207873,0.005230415908209892,-1.1337205414586495,0.17651526558150882
17341,0.09769598605973069,-0.22268499035261202,0.7640842325101679,0.6142402125186588,0.5488669791474978,0.10248130554429319,0.006794067041594827
11762,-0.18168436326778092,-0.327997372486872,1.044976876074636,0.47209441604155955,-0.2436407659876471,0.12979858455070745,-0.06695967290332704
20560,-0.1764723858901623,-0.0433712452060114,-1.002970740653596,-1.1209313331636543,-0.6385697967349425,0.0967324868708195,0.002590528191539359
3199,-0.13585602286410728,-0.2121361336545045,-0.031146655827004734,0.28061507507579464,-0.4119528267285878,-3.06281768685016,-0.07806447814875471
12788,0.061770428837353696,-0.30246639891893856,1.0606735704758163,-0.3586144792084078,-1.158694090104931,0.4774640689072074,-0.8730429547984812
14754,-0.13535771542761507,-0.7872605013698006,0.4674021453952226,0.5779434149219618,0.46220477424285533,0.5982239074642209,-0.5831870938771152
15201,-0.19508860362051772,-0.2894072215600474,0.7846039812984567,1.0520352298942661,0.22862690648269995,-1.005611648224946,-0.2191179351844058
10513,-0.4429432379793203,0.7931310843510485,0.4393882503361265,0.7521266874791752,0.7805855413931941,-0.06967755217659082,0.19372989839285554
10132,-0.29488247659361233,-0.7106917527373767,0.4843713497749409,0.008205454900671694,-0.8521172822395612,-2.2141448902096026,-0.43338531724931
20948,-0.09343389712335495,-0.46681439510498146,-0.051013894350408394,0.20393974043863594,-0.12008891598031872,-3.334128494748091,-0.3170778604984086
2121,2.655699624877407,0.6808036565650153,0.8924406006396446,-0.14812787124485216,0.051316703782858866,-0.06652292958988272,-0.001975725183408116
17984,-1.5547771654090747,1.8667309228136222,0.5856861511212789,-0.49604702498382325,-1.8259518112443713,-1.547711610701308,-0.40833123432629054
4451,0.04167690258956856,0.6415427495993005,1.8933790233575039,0.6025782477385074,-0.6233999273552643,0.9632926505984908,0.1222136603877288
11529,-1.0371678454769064,1.4171229380408459,0.8489580158144472,-0.306069425107541,-0.9228782808528557,0.7656455835360322,1.1806981882631573
18110,-0.013509937371915295,-0.24868305823780926,0.0014761222395172967,-0.3674902863737175,-0.8213870120566311,0.2952279764317303,-0.21156705792690175
20545,-0.06162429054734801,-0.47955262398625115,-1.4896374904912242,-1.1641025943491898,1.0185235861045436,-0.24028490005686204,-0.6963828891111842
15192,-0.040174622452189925,-0.3103916437932367,0.13986433088706093,0.7806739953969278,-0.07945384728287945,-1.46016431311336,-0.007327097111799717
19424,-0.40107433931177566,-0.6058863599795203,-0.2183389250436719,-0.9320598486514647,-0.11614571139196671,0.20108548453043135,0.2657809394826856
19713,0.03799789903580898,-0.49141839585767044,0.14832416673864765,0.7631673288792192,1.443321026141876,0.2846303240826891,-0.26281539287738526
18618,-0.18916565593632387,0.22661925506179686,-1.139373172672158,0.3380796239450406,0.9921326401347863,-1.9032768119636312,-0.038134851046378745
17123,-0.0729691844720307,-0.2634849356316482,-0.6026010063809201,-0.4444301630501973,0.04636863518769569,1.01642620045015,-0.15062164407573994
22664,-0.13575299636069665,2.8913022095300316,-0.9639432068687517,0.878565025383132,2.2506659819135155,5.230497141626195,1.7152329854921002
17379,-0.5374959223110142,1.7402917603113146,0.2927118945369788,0.8726624452355244,-0.10200291655078161,-0.48434898085218053,-0.27891787514470817
10319,-0.21496349247384236,-0.13803139417779764,-0.654583055388088,0.3982093507741101,0.25100340654309816,-0.1505869159376355,-0.29547199304136257
12348,-0.23827500781475192,-0.23088550290641124,-0.5280513536628741,1.0754140670389263,-0.20435090530843653,-0.025982523764213852,0.15411540205869656
1688,-0.3552955535138615,-0.42031536025099425,0.6139327225022475,0.06099097154268259,0.28553202298800323,0.48850412754245703,0.05238198855257327
10245,-0.00419095573435649,0.06750603480601206,0.07044236031108617,0.3433725387007048,0.3740739633313505,-0.3849489797681324,0.026413531508473496
18615,-0.5396394721305776,-0.2914793765990886,-1.0027547932679133,-0.39959550072366895,-0.9402165392187786,-2.037642117959424,-0.2428330533626788
19354,1.143318993309202,0.18000422924855042,-0.6401569955247228,0.30628981158878776,1.1325787090181791,-0.5513430969258979,-0.18257312525747998
17409,-0.7884652175923151,1.851668872243502,0.12844819217693054,0.36121656647618305,-0.38096253727594237,-0.04414637174412525,0.14154115085764796
15594,-0.11543737266071286,-0.3160355219804114,0.19644161480740904,0.16264599197303292,0.1841624683284,-2.301078183901992,-0.3766002643628967
12902,0.3421077959856988,-0.12237250722893128,0.7530443646814937,-0.0028467714468765767,-0.6077702016144261,-0.1401451469991605,0.16033494817682137
12553,-0.5655451801603765,1.8620474485324603,0.494324043241667,0.269147550934125,-0.24916410734188602,0.16695286872642662,-0.37595311315724217
10600,-0.026336493365277325,-0.3632211730303365,-0.23214112639725765,-0.17429632356603586,0.2630725644515348,0.22019161526590988,0.4902208284657492
17150,-0.07238354551130097,-0.15927348890061338,2.2523876261629607,3.2892412978447068,-2.6149226063435984,-6.176678071849972,-0.13977598811262806
11881,0.14156606499997748,0.054409655624238704,-0.38281436486563,-0.31706976023100936,-0.4469206421864739,-0.8113550218082631,0.36178081829595016
20051,-0.31261509093352907,-0.3805918354546731,0.178256029755145,-0.3808337842829431,-1.040670220037547,0.19600666023868438,-0.09393098451943484
17840,-0.1941665986000332,-0.6450011196090111,0.431631818509692,0.3599759357173946,1.446714205927762,0.40155482502702466,-0.5549845370510722
1971,-0.15829720630196456,-0.5661536133075044,0.7698444254199651,0.12737711956915823,-0.009329678870477703,0.5143783851257525,-0.21937105093543052
21115,-0.3238330300261861,-0.14098866196757937,-2.1790050648125887,-0.2485215647718191,0.6713126815087616,-0.9342877460969977,1.5697921673565507
12517,-0.3613644495059106,-0.205152374650425,-0.0921825453929081,-0.8369511410998648,-0.8796711549721471,-0.35650873848560066,-0.1383359221420204
10626,-0.3658141229333917,0.1403721091682664,-0.9427788273511141,-1.0253754360499638,0.149398108991486,0.7426066363200041,-0.09104488910202631
15155,-0.45976733683367427,-0.6056255253892162,1.6282399963690772,0.2761040904698716,-0.9940266003817525,0.02833471730646645,-0.121264805287526
1745,0.01781706637574048,-0.3855296921615587,0.8324793235665515,0.205246392854166,0.4002419350295686,0.4226408148469361,0.07498811602524148
22210,-1.2806079373115815,1.4934168227345754,0.8952255891003564,-0.2601137382321375,-1.671127070829078,-0.5671431573812119,-0.3313627249878337
20311,0.3089125882527322,-0.3185442956787617,0.9323651111633655,0.661370185560639,0.4853118228397466,0.4298562557573708,0.2669359204814186
11489,-0.29525592645005666,-0.37060395985421096,-3.858349588156027,4.556575025678434,-1.3771514675741479,1.1641343042908143,0.22683767338300048
18594,-0.37391667132241013,-0.45162070301993473,0.0034036450485293353,0.037549197297945015,-0.3973283235388168,1.74674597962657,0.016956949544065326
20397,-0.22346276169189958,-0.2527742600591438,0.16880341260896678,-0.1938167590508559,-0.3788274362125265,-0.034772810512986196,-0.24648783883202596
11413,-0.008190671323440259,-0.343438583420689,-0.02306347247062864,-0.2852742530051847,-0.4609873312956843,-1.2114125711055035,-0.04277582140692084
2290,-0.20262027573676278,0.09208586981569,-1.8032146043069894,-1.4523381591524276,-0.3826163950120787,0.6502112723337776,-0.13844659961773464
3860,0.1301402021220309,-0.17412123536092197,0.7423551054146645,0.19071508125242792,-0.09334626285416811,-0.24380568677624667,0.1803297034098496
15624,-0.28234924694674374,-0.19731650332713246,-1.5746460699253262,-1.2649884206381963,0.7736766579300602,0.1602727560957922,-0.12889984927508638
10963,0.18060963820347006,0.1240500882270135,-0.4099537271416552,-0.1661165620977965,-0.6296061122815745,-0.535514496983925,0.578958425377663
20759,2.5555954052559784,0.9215139644682683,-0.2997248964143768,-0.36611838631388316,-0.5408131760050527,-1.2445355451741036,0.19217894250503467
19118,-0.32954238686566445,-0.12464102834421223,-0.39504173572044826,0.05447269779437872,-0.9828719381625897,0.0205069458703422,0.15515957230879188
21545,-0.2822327901689438,-0.8212731030190905,1.3403977771231455,0.7413343273471845,-0.583173343613376,-3.264341201440225,-0.37236591138770836
10039,-1.3038059539789288,2.9551057666741123,0.2601477859527417,0.43468956018874755,0.24679418558986674,-0.24887611386606293,-0.09127418222439092
13557,-0.8054037507164282,-0.49169704784429413,-0.48658300444924885,-0.9579553354167016,-0.8741071645924156,-2.071917838268503,-0.2964114172565107
16582,0.0010074779826193462,-0.13523153643703173,0.015299883524345933,-0.43895526178589256,0.15501306949401658,0.5711177825954858,0.07930302939613959
16112,-0.966157343297375,2.1272631571885796,-0.13188929429290122,-0.4250563732770055,-0.285382416774196,0.32571859620061383,0.013184923620631223
18506,-1.0261059347890187,1.5376715186490801,0.5493203923461699,-0.4887723139173069,0.06602692234562872,1.1738892914695767,-0.36593833527805925
19638,0.24529715583966674,-0.08933536630352874,-0.606877877083541,0.7073393573481279,1.714324223959755,-0.7012048783522732,-0.012297825958289972
10781,-1.1445958995626202,2.7988330174102507,-0.15115796719782973,-1.478542747617192,-1.7688197629366282,0.611429519690211,0.7034879490060978
21049,-0.20061639037147705,-0.5403420243264409,0.5616692866620295,0.4102238975106994,1.4317103117801018,0.3136079639592151,-0.4652406531118059
19694,-0.4313485909749441,0.7402373266847144,0.4210670635374697,1.1907642902542406,-0.18638353322910534,0.11240758316494799,0.5695762217829636
3558,-0.22565107485494817,-0.7510142489816103,0.9422583351190181,-0.3358914981029477,-1.051794465466179,1.1391136523360572,1.3682852420897587
11874,-0.1993652389909072,-1.0003748287385155,1.3943274598591235,0.4047345851374513,1.1763969785692514,1.1684813857498995,-0.4517239298836681
17522,-0.2939686112398983,0.9736274340908895,-0.0363981651792883,0.014382865140634124,0.5907382311956464,1.8741509048410183,0.30699200494910067
21760,-0.31966068395322955,-0.772732889350159,1.3244539580983794,-0.08980803211528833,-0.503120561071449,0.7117610165763533,-0.225695926792278
2217,-0.08602040902234838,-0.16566407491469007,0.5543792883717583,0.043693514162558816,0.6341472072347168,1.0849521645953069,-0.19217353727315345
14938,-0.11940161177217631,-0.14554247560357736,-0.5498797652888416,-0.194564947102543,-1.174617306786489,0.2781631542839432,0.2528978735967581
19212,2.6854730599131837,1.0881177138826184,-0.8836629837319862,-0.5640339451928897,-0.12923960058171863,-0.9623452950051805,0.02067623041020123
11661,-0.4786259527583571,-0.337638243460945,-0.8632870439365943,-0.10159375465387281,-0.30873472707562544,-0.9952650093458304,-0.12124413701595299
3863,-0.8809546967277964,2.6659889202182834,0.5100280990160827,0.36176789880733945,0.9384928163296516,0.23320633400943688,0.18745087143217523
19913,-0.9740071470343694,1.8071985610269081,1.2113247961197022,-0.18425421554357618,-0.4096869627586695,1.8093223512752896,0.3978479402638381
20285,2.8226704882761857,1.017597495542286,-0.05850907446562588,-0.07208647401333725,0.321129938479303,-0.4164540733345408,-0.23777663316189507
22621,0.15275911452414645,0.04687001948829306,-0.02012911403047962,1.212814202762314,1.0244684253108427,0.47180659557476035,0.14875268581753207
12218,-0.46874617252451517,0.01626404468474761,-1.2675343480298984,-0.8743855072835421,0.2174370554620202,0.2728308957041688,0.14762205880634888
15630,-0.5120037990427808,-0.5766298615365526,-0.14310368647114452,-0.0630116811814931,0.02633675517421848,-1.6246640188417452,-0.6764037135098536
18930,0.41510349450449663,-0.3635184667370007,-0.1573913875652533,-0.2176247401239928,-0.5595981455972602,-0.11216958044474974,0.9014950847394554
1548,-0.49168617566146294,2.0439091405399994,-0.00835325026960863,-0.11698469856908636,-0.22661045329267512,0.6220056347621955,0.37489850014634135
21956,2.6247265317707504,0.7014133128871403,0.09281164154126118,-0.30263188829072346,0.3819167916615803,-0.40422493457100667,-0.27091616911384714
15078,-0.17370102943006047,-0.39006898395851153,-1.1217032949666317,-1.1406943372505638,1.1652829628848775,0.6033573371866903,-0.22864536176897182
15337,2.7420965487661335,1.0529952243897318,0.1479489635732488,0.18426328065679964,0.5579561488800855,-0.860815920278446,-0.22547845807820854
12117,-0.20588664870666665,0.07899182149912719,-2.0673862977712094,-0.6597244909231893,-0.11640647084998204,0.042882457027418934,0.2779337039200838
19289,-0.027086745074179436,-0.046830143518107686,-1.7605282229390629,-0.1709633780241384,0.6675713562925853,-0.6210452657329726,0.1007856174580773
22218,-0.10295165882146803,-0.2786225704315494,-0.7995752164740586,-0.3122696832034869,0.9802656541257141,0.4389418766873716,0.2470895400775207
11700,0.024227763097582497,-0.6201845220306527,0.6641663447260979,0.40110037899286544,0.8841064684059249,0.7987843055647913,0.1016605994329445
22477,-1.8051606784986984,4.010402843849998,0.1049445607099379,-0.3424377460471322,-1.104440219260494,-0.04812454184587337,0.3270882423291278
16069,0.3603154439583262,-0.006000284785383652,-1.6258082160991993,2.4317953713939624,0.009836576568529487,-0.11248254836775742,0.021223201622924306
12498,2.1958959051673617,1.0014632089320787,-1.1895202182289422,-0.644674762482577,0.3679755603251973,0.17752558834627974,0.4339837814737349
10792,0.32423666273843293,-0.28627293696864947,-0.07750455943686753,0.34558235572129903,1.7635714509413631,0.2882212167100717,0.2273045445585951
2579,0.23112347438805944,0.12294848015268198,-0.537322698420746,0.8410979901114962,0.5277426648400801,-0.7222984441859597,0.18816430299905382
11575,-0.8855361716434583,1.4007105472997805,1.097629623188358,0.17765446441187666,0.22021559648595815,0.6052039064902754,-0.001401433251541016
2696,0.033814378615285995,-0.40549203416126023,0.7008290922669397,0.28091897923738574,0.031342040474781424,-0.05727495137439652,-0.06644202528467565
10898,-0.407145522793984,-0.28410952778169274,-2.405639863022528,3.0882177122599725,-2.2784787412126186,0.8219536760135693,0.07941318256985364
13355,0.1865495529008462,2.1750519762529006,0.9367309995701446,1.293874622943546,1.1722771282705433,-0.32907607833117336,-0.13400251650399428
17771,0.26954862895816084,1.0372397077740043,0.5863591931449804,-0.10608772870317072,0.0561909513538064,0.41145284513707664,0.26368045294096026
15446,0.35717096662379816,0.3395552077043996,-1.0418614583781705,-0.21116448329625567,0.4210457059123075,-0.514579806313298,0.2548147140797356
11567,-0.08471190811534234,-0.05337796864792191,0.19069719421101242,0.20226452578533224,-0.14603870880849135,-0.8137708429059397,-0.09626655823016611
11503,-0.4599638832736959,-0.5128006294575193,-0.8186079613621315,-0.48912386922001916,-0.7656711680501095,-1.2034832921006333,0.26127143576028605
3104,-0.2458298934216429,0.009732965503642464,0.26335308176979766,0.1112683905187339,-1.6133079281822416,-0.3092211016194683,0.0938751101023077
21110,0.02892466516268448,-0.23852365478772483,-0.18481571691074264,0.16860987521571016,1.2016832717559978,-0.7514786095091354,-0.7222768462631971
10857,-0.9292052600336886,1.517298628461146,1.1793536567264273,-0.3309327156908264,0.08089901386208254,0.02657829995444962,-0.05694555078104474
17396,-0.3388672241601723,-0.5895559722714198,1.1305959470187914,-0.6751607246394861,-1.642196196331939,0.8738104442380991,-0.5156409229767925
15587,0.24670832277890478,0.04914758666487892,0.04090758712489402,0.46358509985812246,0.6923771326212459,-0.4527803734488153,-0.5117537069823448
11272,2.61011767067866,0.6103976762046077,0.6423233428548388,0.11309289955701228,0.36473187475621277,0.37139932676311516,0.4168442245372656
10539,3.512724799938683,1.2934036753607987,-0.15038383062460847,-0.006793363691249162,-0.7124300120058376,-0.13294656078124187,-0.17453235165673828
22111,0.37081497930715596,-0.28538069511495867,0.5161331511995146,0.24866516648544285,0.5445260383224929,0.256615640474037,-0.16785593403233112
20600,0.23949913481961493,-0.046754295232055154,-0.23115638747218836,-0.26401827221466817,-1.3038941939618394,0.26963713099085623,-0.4835815294753179
19005,0.3586197400427595,0.3856118630535452,-0.39003286424010564,-0.3662574063959245,1.0130990909645363,-0.7420970869924095,0.3087486493165634
12324,-0.20992184277235884,-0.3051922801099446,0.8815767014008944,-0.36534231852402255,-1.3070850101331526,0.612744652536212,-0.15264162949605906
15667,-0.08404288197938439,-0.9173424594911281,1.2724685304492385,0.5604231640987768,1.4502471509840544,1.1897931367156254,-0.2775944391293474
17983,0.02914224860839556,-0.7145859169973577,0.7640689862187569,-0.12103555716416717,-0.931207943891613,1.060055363502757,-0.6948972853560228
10246,0.13137084797910714,0.1539599296959898,-0.030755243658435637,0.5367345174633171,0.07068290350434192,-0.13284856860556513,0.1571085083083731
16149,-0.4332621346553081,-0.5994438163567639,-0.969873137515887,-1.0604229386974373,0.7065365655906574,1.6375610566681351,0.12081706405969489
3383,-0.40386062849902654,-0.33056251994221125,1.989214762500516,0.016992051067748502,-1.9980524372893849,-0.8120021883452473,-0.2350527211801477
12747,-0.6205794179230706,-0.6419453430048384,-0.6107338137287903,-0.3992313311593808,-0.6021336346108275,-2.7867335712069226,-0.48598926855362407
11914,-0.16609582600436154,-0.8252282253770398,1.5491213386717133,0.7480458359202133,0.9286663455963836,0.6020534475675055,-0.5941126184192513
15291,-0.16869221594486336,-0.01028282013051196,-1.005278210310609,-0.529683736114598,-0.48790768242428273,-0.6516866945379634,-0.1551629872402123
20213,0.2964323718125574,0.04668273732603642,-0.4511442439650727,0.5612427073408773,0.3630308474439897,-0.291323894492603,0.17964249429370172
20499,-0.2820671831092825,0.8214353538897047,0.30767258589870417,0.6948394990659833,0.40395532758358754,0.6362543645207751,-0.0504787600464391
2310,0.22057697351592315,-0.26519466994425844,0.9021405431384238,0.2889355605608415,0.3496006278930223,-0.10398445678910029,-0.0699240380114738
19617,-0.17935156529341212,-0.2869693468356576,-0.3621292823828526,0.1544463000121058,0.4131780406798555,0.19624201733741126,0.2094624817007366
17188,-0.8245958527141407,1.7696092242146682,0.14884043839644712,-0.2018223173318374,0.5633244191151844,1.7173043048673193,-0.30017924491542936
16937,-0.5292909793332083,-0.7928599717197065,-0.5788813574341336,-0.6187262453427554,-0.26825178400733,-2.0574859313428098,-0.32866986664860154
20527,0.6985573975288238,-0.353034310092102,0.7107681869574727,0.5376703955261861,0.9454461370885366,-0.29256719542294274,-0.8663432705356795
4241,-0.298149944584027,-0.3702596572826192,0.6244011307820058,-0.0667526771980054,-0.24523228884590922,0.12831841614138803,-0.16662556746898138
13485,-0.217875418582679,-0.21114759334602906,-3.174090163457021,4.48797471261197,-1.1348595338905338,1.5648823274886106,0.36545428451235845
16744,0.29929757325152784,-0.0862227032728546,-0.21685222318043934,0.8510528500873582,0.2102714604147021,-0.148523181511971,0.029292896077428677
15725,0.15874977445125182,-0.19669017210069906,0.9458785765781343,0.05395221750940193,-0.04618887940176977,0.4317363608193194,0.4645387457947396
13188,-0.3587360476469765,0.13282316627965268,-1.1173674487273693,-0.6819475968569619,0.29630646634128843,-0.9221879729977465,-0.30259187054749287
18310,0.024763881983783147,-0.0835364957940657,-0.24796115614777484,0.29155074723892643,-0.4010070784036525,-1.5898969088513,0.20851802109705855
16308,-0.35112279787442896,-0.6521549983394278,0.18825399638166623,0.051439760942339874,0.27440190004577625,-0.9862294071695324,-0.2679684737543963
3633,0.2781972419456104,-0.7823057135916924,0.5075999231419734,-0.28093483404216446,1.4982893602758964,0.5009412566724255,-0.5037253611740843
16952,-0.014149209130065494,-0.21639275494510085,0.5280602076090319,0.005250624863880435,-0.5009086982573074,0.28637349754410796,0.3345739921901087
11029,-0.3912022497301188,-0.5329922090193641,1.5519236885908232,-0.6461115868806006,-1.9898767207333976,1.089168588794366,4.009188140057174
20555,0.11031981770215714,-0.25375077979653926,-0.5471688036988214,-0.4799750679037596,0.43345733648432816,-0.8177043915433352,-0.07040747556948071
14668,0.043824933130891246,-0.26386822613704014,-0.31007857445513576,0.42436399389651613,-0.265525967979263,0.35005973960595893,0.15660727612233513
2039,2.8182527374685042,0.6680970938015093,0.47381848938801086,-0.08259800036986657,-0.19846374572208053,-0.40001332297284226,-0.11316492950958242
21776,-0.23366784937363638,0.05795948876927547,-1.0300566662048807,-0.5962437990590328,-0.12194709185766713,-0.07280033635192962,-0.1442541460668455
15573,-0.20268791025818006,0.03987977374488615,0.5405218927983592,-0.5093869752582392,-0.3427158960754525,2.155208804265187,2.032215041543001
20955,-0.08110488293801588,0.19603287786280107,-1.3548167405811333,0.31861464536067813,0.05084474850127589,0.06366215844004709,0.12960314092865358
21758,-0.1884763922137626,-0.3526395838247166,0.47281154626442323,0.2849025586811514,0.9323708760604074,0.3441788535220788,0.18467374499831743
10690,2.932965864296134,0.6571530947765665,-1.3558431485533515,-0.1753964428049861,0.9311305593260791,-0.39509066919741925,-0.1894551842543073
12625,-0.23703164570593244,-0.18116696465569657,-0.7734865336552041,-0.39879610299982887,0.5184952927489315,-0.5956989682123515,0.2328395925186458
20135,4.377953100285256,1.6214787876849135,-0.14469008479960282,-0.08499435927102023,-0.09721277990687593,-0.7150699445203139,-0.12391327093458814
17171,0.37000764183247936,-2.044062296705625,0.4084583448093232,-0.34593013563133196,-2.2487336132577327,1.1576624166943357,-0.9211331631126616
10721,0.22420821292431412,-0.13764923694455283,-0.2973471423916116,-0.1516613597893447,1.3667455258721317,-0.31072025548645,0.0037628906990798535
10304,-0.1406714008905976,-0.4684599860389919,1.7356569262276118,0.2577268258507029,-1.6019628837715643,0.9867641054606515,0.27909376321529805
17331,-0.23069630069174651,-0.08172816019797624,-0.7288092268235845,-0.8067881109086389,0.042204681775199,0.10145593426261974,-0.1546194745257928
17481,0.23607599552669345,-0.06333964402167155,-0.4221023982861234,-0.12539685080571708,0.7825308617532565,-0.9009446410823656,0.2911562369173316
2293,0.45472691753082856,-0.07413842696256585,-0.128745546922553,0.6277487008307562,1.4948882480739012,0.6766652847054178,-0.1627572536121801
10091,0.01544434484295444,-0.5156219839371589,0.6183983411762559,0.4007920041249719,0.43065113712797576,-0.7221999604095114,0.13169197167405725
1327,0.02253878203892074,-0.06281955256581083,0.7247940245981842,-0.14335888557381893,-0.20244545266235428,-0.8492731179168204,1.0170927032540658
1280,0.08707564072265249,-0.9759339713932419,1.9109857925428813,0.8264995416445726,1.2789892183102571,0.9011071509460633,-0.20281657298259045
20035,2.513009885630724,0.4308423586302588,0.3779092634446788,-0.10019944058059689,0.16935294507044044,0.7420134945525565,-0.4591415358255732
11775,-0.18336931499799128,-0.7520824195984195,1.0892632395547746,0.665241331312005,0.22611019406587068,-1.2447742886044644,-0.1485803631439754
8012,-1.0485448197675307,1.6826433737219282,0.27283956558048816,-0.1450445602305886,-1.5571708452797741,-0.22332512818342481,0.0463988276725177
21620,-0.1158092020185856,-0.08786701113885197,-0.602281769660409,-0.4514916679136783,-0.1860584499628202,0.3872635053618559,0.2500303633044227
3525,2.0131820861736642,-4.254261811424722,-1.158358836510061,0.0988313417104107,0.2060659002473635,-1.080988765373281,0.5264373361730391
9960,-0.002605171609331378,-0.20282520491735406,0.09733026382867607,0.5023078362756563,0.25591209304641216,-0.049719231070912716,-0.0674423668816421
19697,0.03422376871604188,-0.5194000122301057,1.173382139777257,0.600914069292713,0.46717937754437744,0.07471470801406409,0.0046930645197570675
11594,-0.2662990329982767,-0.43987879061919855,-0.006006161162884201,-0.7099894872197763,0.4861975077534424,0.9114321585226177,0.45530346955128437
10778,0.16404518855037606,-0.6124102034254574,0.9669507573608811,0.9468671230167414,1.3309896503401983,0.3963205609868979,-0.18211759356269253
3686,-0.13655457754336492,-0.257123318987654,-1.5255058462244544,-1.6335570824815033,-0.4542750285455974,0.49313749633029974,-0.12535148097870843
16748,0.11988306829676357,0.006034469721054357,-1.1369433795089796,-0.6272537321042221,-0.1632827337645133,-0.2876496173396531,1.1699695648953865
22531,0.09124615146836386,-0.1261869319441599,-0.9854275744728723,2.8616952746247644,-1.087753171587581,0.840577118023272,0.054033291728416845
18260,0.005325357588167896,-0.7529250388826685,2.1341619469940856,0.11328252084609741,-1.0043315522401497,0.005607097444648595,2.1017726929320224
20197,0.20563677862788776,0.09097756712934024,-1.8615416578318984,-0.8975182499421264,0.02983137540807339,-0.7732273194206641,1.072531310741054
17211,-0.09342016721291738,-0.16811367985003478,-0.9938688340541041,-0.6722772478989145,0.4040253580524638,0.5740378219148803,-0.4484871077630012
16542,-0.5281609285095404,0.8417119705317031,-0.5115430661136982,-0.19758676442331655,-0.1378193915074171,1.0149685241331026,7.815359648821076
20216,0.015204632779854938,-0.09112534956687687,-1.0885508600446139,-0.7829280453308265,0.24452446526012483,0.4926609408526657,0.11644113777570038
4080,2.0620472575034863,0.8599733057058309,-0.272093162824033,-0.15001582463618304,-0.3888755189084696,-0.025236249922766445,0.056502872138180255
14673,-0.5160683789079892,-0.8005973064038546,0.919360886412268,-0.3712693934452862,-0.02841521014526276,0.09084064174060236,-0.2530028705118822
19814,0.9303518061313034,1.069982738223783,0.35556802232439916,0.42148826045605975,-0.20222286182062144,0.8473534387768944,0.12464728617273073
11781,0.10401185550715884,-0.29417761571051354,1.0476595145421066,0.7246967955511542,-0.4501656885676255,0.6748721104952736,0.08071767548303779
16108,0.4231400998263746,0.3446030040110222,-0.2432232124066903,-0.12216011503569424,-0.14141473107716446,-0.419516139808685,-0.3792292427356015
16528,0.2646450065399853,0.07941180244264624,-1.1681115989221476,-1.2430560351394604,0.9378620271237368,1.3738860656735685,0.6278000719022548
20293,0.9126672538753258,0.512498524109032,-0.9613605387966164,0.2830869472184919,1.319933890252926,-1.6056483015458767,0.4957881715609129
12991,0.2630996911571483,0.02312278255268044,-0.42769018856761976,0.6156099747345546,1.0079642295597906,0.06503186494413128,-0.18723730086850052
19247,-0.13970576408546725,1.597047670566364,-1.333360273431583,-0.5110682598065217,-1.8307284342339096,-1.674738010160446,-0.139327978123505
20222,2.5917374797524655,0.8495532415039057,0.5756065047841695,0.0026724257591598786,-0.11420355774526438,0.4065940705647732,0.0195340024772803
4184,-0.5784351314538304,-0.5958414429387231,0.4648273211078735,-0.41277426736728556,0.10681260375111765,0.38088776197661034,-0.17784393523882844
17866,0.2077623275780703,-0.3082333723048124,1.0660576933038808,0.23865494689587993,0.19915440867695616,0.6831556244860768,0.4086596299762082
18917,-0.12278861260297931,-0.4365019911463857,1.9988289072509258,1.054185448023069,-0.72175459120349,-0.5561521286712134,0.024980853479734406
12571,-1.2729221414834508,2.629263669981239,0.9153100789073885,0.028842708368384918,-0.5513070490978995,-0.5848107748633363,-0.21862083274259775
21463,0.02433258553138383,-0.5950212854972469,0.9606336371233382,0.875478048102246,0.4133641049273041,-1.1789795708500277,-0.5824753437336445
16290,-0.48806315950291074,-0.9512990959510924,2.0386317960252156,0.4465072526811985,0.9178501161122218,0.4021934004749712,-0.8921923694838442
3010,-0.18800926323904224,-0.44490242722025286,0.7576480666350655,-0.3149838299133123,-1.5419165421615766,-0.5553371720754116,-1.1213381569662708
12953,0.2887381106048235,-0.17051101770061153,1.3869102334729484,1.211082986819897,0.23938166799567331,-0.38730475436696843,0.24676230789731426
10789,-0.17233893634152328,-0.21773760920894844,0.25332649801064416,-0.16579827136875883,0.48777099049393563,-0.14566018152699806,0.4874012403858492
19227,-0.09945067114847518,-0.6873872121003326,0.25461604011214767,0.48521907559752486,1.2991869803581295,0.10645258795853199,-0.5228314954200888
13350,-0.35847125349365566,-0.5784495454214776,0.8875108180011967,-1.539065990493977,-6.608337139273103,3.479288024930713,-1.5957293993296806
17208,-0.38382645006868676,-0.44549124554805164,-0.902071398465404,-1.6498245094469859,0.5768187422088624,0.6242644943812605,-0.16381752452306125
10762,0.05497088947225586,-0.6048973268854119,1.2787650494335443,0.6673273603722237,0.5070435352230335,0.19926479332531968,0.01746357798388059
12111,-0.7934391142942959,1.5613770225567982,0.7464174361789307,-0.22173651809942163,-0.5754602478812051,0.6231630343317646,0.12288527356780404
11238,0.3471119731411018,-0.4691382424770595,0.036286663320742804,-0.6202439706783132,0.6530442829117409,0.1868648363990679,0.6713768275634602
18593,-1.374107663286169,1.8604504320380026,-0.2538553412384622,-0.7085053879466094,0.68856053669249,-0.07228434258706884,-0.4724741517149838
10696,0.04437476822397417,-0.1216743143051223,1.1174379823031118,1.266858494485959,-0.7474784112747833,0.08073479847989198,0.3869681484091186
1591,4.642127140135991,-10.764733019374457,-2.7746810431450037,-1.9030446004556587,0.9826878787393089,-0.6076442841353429,0.22569148193329308
11115,0.012543712431729232,0.0908900741560969,-0.5012947190388992,0.2958727083705115,-0.3722177286684778,-0.2134935203618804,0.18796780514847744
22336,-0.07894534232670714,-0.4308467685877474,0.9208873605238086,0.3807948794465138,-0.1821298636530914,-0.6847795427686736,-0.32805126685103125
17495,-0.031933165860471756,0.060778050223349006,1.1740198091701182,0.5899354961368314,1.3816632108750266,0.897322936772077,0.025064115924438284
13368,-0.41904861461717874,-0.582859864471811,-1.7999148852390554,-1.9560768302585134,0.3455615778240052,0.7919524022621621,-0.30740092990380274
15792,0.08084797639528186,-0.1703766714358214,0.9867148139702676,1.133014701947896,0.2023780571435718,-0.16465267171947648,0.328785764410387
12909,0.08345158030058673,-0.19215799820169807,-3.170401460447652,-0.9094858150932323,1.2206213412455058,0.4189839637182646,-0.08622038555113887
10036,-0.17770074314870615,-0.8805200964701715,0.7976985114686507,0.3095601927500883,0.8346698959303133,0.5849786933390132,-0.4514986766329472
18323,0.12585147912391947,-0.7131610799721589,1.398243232732422,0.42126930703997556,1.0540297952282032,0.7305549251151677,0.03278191188547849
11047,0.23724692323722202,-0.40956540289279114,1.3803302709255514,0.6591884686030823,1.5156388408184847,0.8194073453139114,0.33415808936616315
12414,-0.49040871983965956,-0.1152558914440447,-0.8227503815569046,-0.631208850959251,0.5484040227945027,0.22682101752148198,0.07080232992117598
21309,0.029230060057983707,-0.36373915931429185,0.05569218393204446,-0.3697547955335358,-0.16338668086029884,1.3095308987671874,0.07873638585287385
20129,-0.11217185442200352,-0.8195228016781793,0.5681845457593003,0.3465563286178591,1.2345252600571537,0.4763505085338109,-0.491961993505105
12206,0.05800410430897699,-0.43814057246903254,0.49408575583784314,-0.32015592064507525,-1.0748125853876933,-0.03867869685784183,0.02674061864603442
15419,0.34698667456736215,-0.22850456208173883,-0.12242373488190508,0.6261212176680182,2.1143847856883697,0.06745668467131893,0.20125943829572526
17236,-0.22464997592874045,-0.9115165022627452,1.4018128070816673,-0.17614426816785786,-0.3326731597966595,1.1411167172012557,-0.6077817739006862
10879,-7.077107376343141,-2.148711830205068,0.07472286056649884,0.1769836341499929,1.5207565230435138,2.1923692838356756,0.8417740585275704
4480,-0.5735908766749018,-0.7619777913666819,-0.1477427848632392,-0.06778755981968689,-1.0081266877346504,-3.7020508822724616,-0.611981809812087
11154,0.03520595482859574,0.28421175894217643,0.5261715838011413,0.3710579963793167,0.10020410552683726,-0.27544287056651323,0.13282212295530343
22258,-0.2198715011476567,0.19581958018970483,-1.331970008893684,-0.41873243259944715,0.20907848918050953,0.572401832953195,0.18880124323848302
1337,0.6212898497562779,0.07189617634755478,-0.041387840114815264,0.19412200218129205,-0.13050824486901846,0.5223266525584811,-0.020154723794547056
11852,-0.06069289048889886,-0.2105392339643238,-0.51232679444578,-0.4380560428730121,0.6407659891040918,-0.19839772951006884,-0.7244286571920624
18245,0.2884399032276527,0.021800866026352363,0.20572882718019977,0.47146191734809356,0.2669714392993462,-0.3071928130871655,0.4127503358347421
3445,0.046173865872546654,-0.6966853112329131,1.4013291978570757,0.532291466435353,0.7977944459457643,0.7482840560413376,-0.18753750114846499
17278,0.23815577866232465,-0.7122272890588194,1.6365628019393827,0.9066178510528572,1.40883833699749,0.43315747137174837,0.16192157600131943
21996,-0.3691673602945214,2.0206474639956857,-0.19569043341127795,-0.18585661272980494,0.4237621459757627,-0.0036575700890346978,0.3333795075700778
3885,-0.2776144351065834,-0.2930344203580872,0.07543160193346952,-0.2657110977395266,-0.030914614801017044,-0.5880404988699064,-0.1354802408913772
12741,-0.45396688197157986,-1.051899268921719,0.5701352141518906,-0.0019456475190188249,-1.0710707320535313,-3.139979390008605,-0.8139948421248167
12389,0.2089721346742548,-0.1704718497102438,0.8972464912828257,0.40618073546251665,-0.40856026056128364,0.18494336244627155,0.2301688217628271
16038,3.4301517537760087,1.341430168607457,-0.502367695209684,-0.07599404583928825,-0.431910974945683,-0.6977370888558028,-0.20585399127347792
19955,-0.03634624399259768,0.07366510547526911,-1.4544672347906509,-0.5334489470809802,-0.24207006357890978,-0.7948306431117959,11.470888612535548
10265,0.11679118054608392,-0.04087955650007935,0.49054200245920926,1.4775068554866588,0.735292195217988,-0.1479871865640978,0.5567447969122595
10449,0.22581370558220126,-0.038159877111581864,-0.5575983802116518,0.09095981422356957,1.094259436526776,-0.3174374893313685,0.3247602343400518
20472,-0.5572816099109881,1.8587211646277988,2.247072097357057,-0.09833431804062977,-1.5006591447787463,-1.4459360542254318,0.28414749158252556
21199,-0.16337553973806163,-0.26510408840893057,0.005156990829061169,-0.6419809231803958,-0.6618645997321735,0.5554917907746552,-0.1920856039239393
4406,-0.4929283940745449,1.1403729059043082,-0.31861299525986536,-0.32237554590014794,-1.0940004430296257,-1.6802251777401633,-0.1871406382332799
10239,-0.26317864059628443,-0.4175721240400389,0.7269884955345683,-0.022728552053909522,-0.17213371232921743,-0.3368905935355785,-0.21455470978264923
12048,0.16798085849017141,-0.1771201999221216,0.3447628913765931,0.5831044861156078,0.3792005029505112,-0.391167837774164,0.14236835946889925
13561,-0.6810051454339152,-0.7150636316778075,-0.4928763200056099,-0.5545684316818699,-0.45755560611068713,-2.204934951453212,0.17781976469347582
19764,-0.505469255237204,-0.9447861374262406,-1.4047399900473627,-2.487874109335161,-0.7958878552903893,1.6998226437960593,-0.20955722959520395
17497,-0.2135849272470976,0.2591547697778941,-0.959267465205187,-0.06902103464766483,0.8688463394192049,-1.1041310052209041,-0.012432248054034834
13025,-0.023963776671659623,-0.042790425787216285,-2.417014590744796,2.7158729149768073,-0.1841495930577467,0.4288935628501105,0.29140735270287293
18364,-0.4540708805421683,-1.0772021243444139,1.653608476923305,-0.14794133254709363,0.2850990512958668,-0.6206863049651096,-0.46463276676466314
3049,0.8122281965340769,-2.3107845803565823,-0.4901441702963766,-0.5871355468247104,-0.9068416319812455,0.11510219382141845,0.09085925098043668
15223,-0.04659845674820044,-0.5242705651774042,0.1655487203257555,-0.6906427140632276,0.6977453404944951,-0.15808433329285876,0.39218727638409895
18343,-0.47383261219994915,-0.3090129019367123,-0.7486384472766393,-1.1549699628260122,-0.2531219318363678,0.33298106673262723,0.30164603216798697
10709,-1.0241869532297012,2.014709937524739,0.5142016235321852,-0.8737776077202729,-1.2171281839440604,-0.6829814234120606,-0.5302664203537271
12474,0.06332211630726936,-0.2276049742875388,1.1164971537791,0.003406906110548263,0.056759201502512346,-0.2848782057014914,-0.3628791791454256
11259,-0.5993436104202843,-0.600770360735365,-0.8109713707200273,-1.2921863025654838,-0.19163879097231787,0.6487898785301813,0.22823275538533583
12240,-0.8093791310449557,1.774098898544279,-0.19674409359292716,-0.09239981132110998,0.2476809438002066,0.6748580940333477,0.17890910087218936
21898,-0.3074434478714395,-0.39844235074882856,0.7166962244879597,0.02557958920623753,-0.7630178842325672,-0.2250740260802203,-0.007245819729847441
10505,0.4670388375520424,-0.11793224345588008,0.2078977362242562,-0.2522906097989354,-0.6924693907823337,-1.1218451546392585,-0.13923797163622076
13344,-0.007521330103744587,1.293525387394277,-0.6086586240223035,-0.5011980322111212,1.6176357878234064,-0.9691620164695919,-0.3361157505385941
10414,-0.694533688582932,2.2998921022680907,-1.5019733690060133,-0.10566833570217868,0.22055360916670608,-0.7093181172427553,-0.1572701543080778
20806,-0.4919609069375947,0.006962848865980598,0.6588871813599825,0.8549308780225763,0.8028631131450552,-0.1447193236200545,-0.19117544243595186
16688,-0.1813816315943207,-0.26266983910114833,0.6770913349384401,0.07817097227148886,-0.6221631163801858,0.33642120296700384,2.010855879041852
17763,-1.5882925668080579,3.091109496877032,0.2130353777920131,-0.2963426837389204,0.2300729258947708,0.4603888630771554,-0.011403174897701577
15559,-0.24560461395237085,-0.42974530021307084,0.5740895272766563,-0.5777656942108548,-4.306798512341767,1.646194481039355,-1.195356860427271
17393,0.8471147970985148,0.1443151112666287,-0.5622909202384853,0.22748234905874137,1.088009750868233,0.673337804757855,0.14134618715478453
9927,-0.7927665628964208,0.4678790287071204,0.6064147487131522,-0.3185790643615044,-1.6231966588923703,-0.7405003255200513,-0.3114293901467105
13353,-0.978851013308185,2.3110046823533423,-0.617722248417057,0.391682646456715,0.22044614721845054,-1.0143160018424608,-0.14900873854527533
17603,1.4633988540111067,0.36634171346839295,0.13068803104540297,-0.36207013081733064,-0.7883807853576432,0.293670386127081,0.08254651381398555
12056,0.3451650787599145,0.3307037348539208,0.8376523495013701,1.5163402365610836,-0.3837200686085365,-3.7612975161982742,0.032562655076025945
20291,-0.07981248365681835,-0.04851676203129987,-1.665218719704502,2.4301611476763316,-0.5181960918591721,0.19671529618246206,-0.17718236658821687
15787,-0.24156494231759684,-0.6110365349295157,1.4914620859711265,-0.07136540219277465,-2.5862992344521034,0.39434750768100746,-1.250717289120505
16632,-1.162045432629067,2.3088383738867253,0.08442528822346895,0.16949411421746238,0.2845744252556183,0.11295800282614928,-0.22072467902277962
22462,0.2616660331228815,-0.34403816166543766,0.9274989686947862,0.1236373164896377,1.3473575542868894,0.17728985328099273,0.3058337320211519
20195,0.4911474599636568,-0.38673753010353723,1.3294033524451108,-0.04341526241939136,0.8603512326561047,0.5613367470369797,2.572773996867248
15806,-0.1398613754196997,-0.2477059771179407,0.7862522972643943,0.8268221033199649,0.6487768812314278,0.285982633453495,0.04320293655755175
22362,-0.35440702280816944,-0.47761612941826476,-0.01753590430473119,-0.14501818732409893,-0.16980881189069444,-1.5779872040037908,-0.17778370133143606
16048,-0.2646256785504985,-0.8227536946830433,0.8067192664350217,0.3350118981031981,1.0105372036398614,0.7559150591872896,-0.3190052817198436
15309,-0.7314208793554963,2.0620339914117314,-1.0027431168464225,-1.0570652121270596,0.14092055253324376,0.32135246122592925,-0.38461967614047116
14751,-0.22896498876953542,-0.44237057842658256,-0.9244863154930391,-1.3414576686472293,0.767325904215603,0.4159010942847996,0.15180057988102805
15295,-0.2801182679298157,-0.36110129974029426,-2.495385281697032,-1.925479036648117,0.43358091460453496,-0.39470855217443307,-0.3877522721496724
20967,0.6348398472239202,-0.37514687773872346,1.000497884513728,0.15065422636628104,-0.16674248528739496,0.08871114290105199,0.3093724704085476
16485,0.26689496055331047,-0.1781037421878487,0.7941466958738753,-0.19558857908265906,-0.34989052120229286,1.4734716990429928,-0.3845632197073694
20503,0.4031334758396638,-0.3510740105956892,0.6351824972136623,0.08177722178169185,1.2365094939162387,-0.13239476535281072,0.015518141567033178
16861,0.5454414104512063,-0.045780469109925316,-0.27433293067502806,-0.4687051803193159,-0.22648972004412443,-0.4783920498650238,-0.15859714029059552
20719,-0.07321805418421413,-0.479491612150495,0.4146235638031867,0.12516771476279206,0.45241598069628136,0.2071176250753556,-0.29433488000180386
16390,1.641800612761061,-4.512217024683818,-0.9536539807585862,-0.36021822931877406,0.22847624881406434,0.38237172459767255,0.11174557122919535
16912,-0.39020284334594185,1.4369640101576073,-1.5542700543311432,0.2068149852796632,0.6409922074267196,-1.0837395269068606,-0.468942559513043
14989,0.0033195506383276543,0.19884153234756455,-0.5889008080729521,0.2651469601457053,2.4430523342481876,-1.1232813626319471,0.7135368557871725
20649,-0.08382117130889712,-0.21743992429624628,-1.0092169759519576,3.018371619715211,-1.1547084390889708,0.46837879051601244,-0.14709505738869727
16704,0.1343503038850738,-0.33824721728909146,0.3085936996887313,-0.5244022361259595,0.30827720247817925,1.2382928497856662,-0.6075618313214873
1806,-0.40909709030333313,-0.2972002851580102,-1.8969974835893535,-1.4013691397009267,-0.016554150352916484,0.2427671641498009,0.10766643452766568
20403,-0.40377254194988005,-0.1369137978824154,-1.48726542086064,-0.8711482534816762,0.16269796456386054,-0.37221094973657504,-0.0026113233222039645
17693,-0.20265012533690518,0.05831505227960024,-0.39080465319617586,-0.48028065790060576,-1.2360266204608734,-0.39229638373397197,-0.08509631127238952
19292,0.0021958925073449526,-0.3840581727612085,-2.0035553839855056,4.176067810511361,-0.7525991701925576,1.0271518928739323,-0.38324376549265393
12670,0.1623769819107397,-0.6564241659117234,1.5564773037622597,0.5720980118581386,0.963524045913074,1.4140865916379954,-0.0024717501603922568
11903,-1.0479673497960578,2.8786315109226837,-0.632227335774494,-0.057295579651457,0.23030007383061457,0.3991981688565238,0.07162206395326765
17106,-0.21758775413117593,-0.23972747751343923,-0.9761193497977443,-0.46658732431826555,-0.3612258494231386,-0.36348371291602205,0.4217604628348321
21026,0.22922770396383882,-0.2267892056386163,-0.5868174707102737,0.9647994547337749,-0.0424448259088987,0.36624897579658544,0.21283225623598678
9768,-0.8207105114701603,1.6357283061347307,0.8493128078378069,0.5822402363745934,-0.57159218574162,0.0782631190484478,0.07426946757907978
10823,2.686663844240422,0.5064630605633892,0.4443955603776645,0.06676315281699476,0.3590796789400637,0.44203239001736716,0.6373046731417598
3891,-0.47460671288607387,-0.8774221416381965,0.6066658260198218,-0.8250955556489794,0.057127762118964656,0.27787684852216665,0.54577157458044
14950,-0.5424860698252875,-0.6640103463027501,0.2296644917055174,0.37307996449109665,-0.007027170259304037,-1.191977226913957,-0.5047946311875865
10260,0.032385053755697536,-0.3909250937758826,0.44115212028779577,0.2200526497906421,1.168082562347821,0.08329721390925465,0.18972722006954298
16097,0.12330410279208952,-0.18903120766104212,0.6626931692949567,-0.07039428023803843,-0.07751930020681969,0.023546826677634112,-0.03878847199776292
11158,2.2968448721445385,0.5470705665135841,-0.19596353405813755,-0.14149079260011183,0.43985467816154356,-0.25009111132861966,0.013779163239216569
20471,-0.18854961726959138,-0.2644561613043409,-0.34332839951241273,-0.5860788792564047,-1.1789038669826484,0.6568906102020278,-0.24400134620427122
9760,0.0948188713404861,-0.12671791258176732,-0.29295519208760346,-1.3252176067615136,-0.15776224277484563,0.5654457414484544,3.744307171255402
12725,1.3069743500811333,0.5882442278717472,-1.5360318217996523,-1.0400870196707601,0.32063838580869164,-0.5150482724031509,0.38456828365260487
22075,0.0631866441135134,0.39081014619704013,-1.7212868258272014,-0.42889316221470153,-0.76819328190332,-0.1787430392999365,0.5200827608876047
12723,-0.09262668846649669,-0.022100065713611797,-2.93326109601391,2.206787007684659,-0.6702387294225436,0.5416404429882821,-0.050044769640808506
14623,1.8544755685215595,-4.219553508135662,0.5411858995558158,-0.3150714392073739,-1.139727280898367,-1.498025089265217,-0.6321356787875547
10533,3.6821234159745475,1.315334111673147,-0.5354280356605812,-0.01581530666875959,-0.1099115182772317,-0.8657473206271699,0.005684012101521626
10448,-0.3239391375080009,1.745395075437246,0.9894589262866815,0.2249522227716045,0.33248658492193495,0.38723127447289224,0.1779671103800244
13388,3.296400738586637,1.1077857510847702,-0.8433323483574677,-0.04241920357370593,0.22547083882140256,-0.5587305776918423,-0.11367057711764242
4026,0.11886429538060769,0.41875341600805094,-0.4037350326532905,0.6876521181517072,-0.17964268244172524,-1.202781545213513,0.016349561233510432
15585,0.33656887191297896,0.30000716477030015,1.0499803583251748,1.528996873683921,-0.5063907165640129,-1.4477969264878108,-0.0031610196304891827
21258,-0.1115182585167415,-0.6429747507861415,-0.9231288980982093,-1.361924711019468,-1.2013726575235815,0.23233963192732196,0.12450810876159077
17459,-0.2572781790800436,-0.3930983766997084,-0.04192776910546398,-0.6414287714842002,-0.7096113810092611,1.5748455829464767,-0.2678934724504968
20251,-0.4057956421715995,-0.5670897449892195,-0.27849978529917846,-0.6793579888437139,-0.42994727464241644,0.257420475277308,0.1454813695475428
13486,-0.17712004972547557,0.6493985973530264,-0.46272556979643414,-0.9209736550307414,-0.72233205509268,-0.9936304626253011,-0.5918664793002707
2363,-0.22846483415609922,-0.3927754747535779,0.46027039062842146,-0.5597444655542827,-3.3740354799683376,1.8007374748688962,-1.3034977616033194
17568,0.4083980706452108,-0.06364863861180967,-0.2044548419873913,0.2906356384616377,0.7843907302862229,0.015948721692199238,0.022052850116555025
10471,0.03254692233759066,-0.31866105414885565,0.47060871937893867,0.34252993301762213,-0.12324945299397638,-0.3817897812594651,0.08007339329427961
15875,0.03280314828376051,-0.3899688956513221,-0.3385746366253495,0.7541786959553396,1.2701302397767222,0.12719161544896548,-0.25091272564303796
12546,-0.16553430254581852,-0.25902923122285515,-2.2422778883495442,2.827527898883553,-0.6936076260137083,1.010163285249332,-0.4044597429097864
3689,-0.026685908700549536,-0.39090471347440015,1.2272013179367263,0.89145473020528,-0.12500522448138057,-0.8272919162800851,0.05976995175980837
10794,-0.22983158944310844,-0.525330616539267,-0.9123870861869905,-1.5185718517829936,0.09149370247707957,0.8279132633249359,-0.4522079817185053
19517,-0.2255600648929942,-0.3855959085306438,-1.9391036185645143,1.8209179929995292,-2.325483760967811,1.3844370242070354,0.06988563116634373
19306,1.1043969845472672,0.08382804953352585,0.16979654038736858,0.1423393753075054,0.16796530979136914,-1.1554144659513483,-0.1907581929499373
10017,-0.06950419407970918,-0.32485218424395307,-0.15577615426260258,1.1536177906235392,1.0961121506490896,0.2715258172369238,0.4469298567894339
10506,-0.24510388819089304,-0.12464811666792132,0.4086814202072584,0.018172937980408945,-0.04392438759907026,0.3762965118728425,-0.20393532628664368
15649,-0.21331879651634703,-0.5857295395526317,-0.43405683501844233,-0.22469439639882557,0.6675749978879028,-0.1739674162028731,-0.048948013897183604
16403,-0.8967778824900182,1.9794436891205238,-1.2007426510590977,-0.016661199121404402,-0.2571012261428221,-0.5226888199257346,0.014267045344893951
11643,-0.21241521989069334,-0.7043685703909487,0.7970306595986193,0.580387017596204,1.0989917985867637,1.3608799632031716,-0.21586923807717914
12557,0.2888349753712275,-0.13127421111440887,0.9161595999676575,-0.06877883731531273,-0.5230836212384078,-0.9558148936995128,-0.810594221902616
12592,3.58151950597541,1.0647356176594642,0.7817841583722441,0.09812586208752279,-0.2824830375580766,-0.33372134380025315,-0.18459431638746113
12209,-0.21727134873860646,-0.5334736779857032,-0.2787486380317641,0.3060429299055936,0.4477629278736863,-2.0532440386285895,-0.38157987071689625
10891,3.6953550405743396,1.226638414385639,0.10084356508989037,0.16763961990053083,-0.20538699313599057,-0.3358126121030803,-0.04713346095812805
3187,-0.6439224107284134,-0.6243477441321194,-0.07378615533520722,-0.6951556471439975,-2.2642032978955795,-0.724084946971184,-0.4148809665379512
19767,-0.08723439209404744,-0.6189104929738438,1.0596768134728853,-0.00491741899133087,1.146067820107151,0.8885369190038994,2.154454214864161
21014,-0.23104352602962552,-0.8922815101470569,1.6437423853830297,0.30262346709148236,-0.18922044161344073,1.2721788984161213,-0.13939891960015466
18412,-0.1297858871650817,0.446411079097614,-1.5378928932347167,-0.3793115302260805,0.12699955771303098,-1.2559043333501223,0.08516880332987978
3272,-0.011225286505054081,0.9767036815120143,0.810944860840315,-0.482782602138815,0.5355440323297392,0.7677510387674806,-0.7111433397927883
15161,0.38294096631532665,0.342743599306011,-1.1050921134319072,0.19611873226386556,1.1101628379958615,-0.8403516263596467,-0.2920630048530329
22022,-0.46889657610522223,0.9947289605747929,-2.499390400850219,-1.5512519777288403,0.20551791573481099,-1.369038464757682,0.09809931302527228
11136,-0.08608228642517111,-0.05921844056770814,-1.9413152094153527,-1.6114169861344116,0.619447860417697,0.695939002493504,-0.029780339651822963
12287,0.331645602308799,2.3807595773461627,0.15535587694580424,0.2572865127084606,0.5403229483599014,-0.5952734016253131,1.334183954219305
20705,0.12762689870915772,-0.16111728692664345,-0.22754479247571258,-0.006983998092456641,0.4296291350287451,-0.17540320383721528,-0.24640711831890522
12224,-0.29239092717428805,-0.7740874165391542,0.45246396300535324,-0.09171652305746053,0.22930669001073972,0.44602328793032503,-0.0623851620365594
10379,-0.14632942310256522,-0.6344369639827712,1.0619582598861814,0.2768287169201965,0.4692157048997957,0.5956825355823442,-0.4090467480318566
18969,-0.31945127081460933,-0.3949844202310209,0.36208224717032245,-0.21987175337937898,-0.9553176411878652,0.03706888864392401,-0.11970758253325524
16858,-0.35546323656837475,-0.20507957523538425,-0.4379145788026469,-0.802311454368122,0.19120103747498732,0.32216219837104554,-0.024392293002378697
19724,-0.15825014710928337,-0.6892887036237513,1.3576909547097202,0.37723248197214315,-1.4781241536831544,1.2986572847561053,-0.46364899101920687
18898,0.07978149101478041,-0.47994170709593437,0.33250383193525906,0.47672695799543435,0.8840972087956099,-0.09900095710390792,-0.18267599641809615
22235,-0.4052305447684546,-0.02943098568019604,-0.2537012749709398,-0.6414648250563613,-0.9642409519109928,0.023808278588392406,0.3390329838418061
15623,-1.192729600741964,2.736192984417712,-0.1784400175191707,0.15022465651299619,0.5795505235396666,-0.19557971346340952,-0.2337680669616077
20172,-0.025109597410943808,-0.35916154345909435,1.251929100211778,0.7822621889863797,0.94948116268307,0.011790646313976225,-0.06505592326405361
12984,-0.25389736600402785,-0.6839282105724865,0.3565290692979276,0.9647315453271357,-0.21635079116376524,0.7794812329664034,-0.4109720314969027
4127,-0.5140455884016256,-0.6047801432564611,-2.181658966080819,-2.0023725187534014,-0.9213922346504186,1.902281442910193,-0.4586524324541505
1520,0.07509530775609673,-0.7559893476852785,1.4348642718431004,0.9727051107246998,1.4977226756206066,0.007917978450467766,-0.2971475770068067
13337,-0.1760640145492161,-0.6735283401521472,-0.5429070606685107,-0.1723593050206157,1.4666772858997308,0.25060325181657434,-0.31559480074609997
16856,0.3464364186577514,-0.20832046080768898,0.4027048450931703,0.03488015452910483,0.7018268052063216,0.14621062611471194,0.2772544814776671
22252,2.2292293447905607,0.7622891790493754,0.5234926861067635,0.16781000266588217,-0.7555378891041562,0.03820698686054565,-0.28931129549601703
11205,-0.4075197149505473,-0.5515319163640539,-0.5345061950351445,-0.5610896285929176,-0.15633428387315304,-0.5514309910342801,0.0065262838550047934
11968,-0.8623407912982743,1.844219142578616,-0.5173666706477265,-0.2731239565541391,-0.6005755227685634,0.6752499581035918,0.3149337968844192
18525,0.3681748654606327,-0.18930417059761778,0.3314934773402238,0.31463310235748415,0.48350790801779353,0.19402118839338847,0.29715711627456176
12092,0.7414813317828232,1.2415818432463273,0.9469620813175258,0.5039550250745626,-0.3348934093846523,-0.2214153909889817,0.32041000862536423
22453,-1.6609705821567955,3.2159282687414588,0.5251305800782966,-0.21477984734351832,-0.6180821901874599,0.06279135059699756,-0.1807673537132966
1528,0.1545106312591269,-0.3308183174860135,0.29246633490609086,-0.11968797977238314,0.3423218788062491,-0.03866872945307677,0.16400717864870762
14625,-0.8009264753278467,-0.41469847808288673,-1.1048384388441848,-1.6603448123688922,-0.20641736257400242,-1.3876847535180046,-0.6835529933138818
11691,-0.17257137084226148,-0.611964672855088,0.14050387190753832,-0.0751605894144137,1.0077937879660641,0.024568242960316147,-0.35424964037276285
11500,-0.37343285493209893,-0.2961660366527662,0.22643626649448612,-0.2221950422063168,-0.7906735665510175,0.15556599031090002,0.0806136029642349
15880,-0.6822235167187944,0.5673964140618294,0.10602988866029756,2.850100181496587,-0.7936762304827149,1.4521778899320101,0.19600503417242848
10594,0.0022156275843489026,0.20512373328737318,-0.2887512159931539,0.45835471191908045,0.33068054500513155,-2.1306065500105866,0.10924070368595189
12943,0.8618422610429274,-0.2162078458561961,-0.8995412166045724,-1.6110402726931645,0.3003614921167854,0.2147604421179682,-0.4629755396702099
3946,-0.2747911862886349,-0.33795144147189626,-1.5883986781999777,-1.5568044880368304,0.5480621270211526,-0.0068487640002055155,-0.03553069037539499
17526,-0.21810405489508386,1.2183764378378505,-0.401683675977159,-0.09080925275851202,0.48396925880463687,-0.9189187220294288,-0.5903735228012219
17500,0.20096151181834035,-0.44777017014154463,0.28772351868278045,0.7940134046422801,-0.07266248022395527,-1.7150336267350363,-0.011270518343563888
18831,-1.000459022825396,1.9055255403667113,-1.0114890482312646,-0.3484966464465655,-0.8134357868102028,-0.5806967091577233,0.2345359472883986
21202,-0.279034490693161,2.134451128172642,2.3746763506433552,1.849839311729448,-0.4477571715880542,-1.2710071971797103,0.3223018930809465
3348,3.415563202342088,1.1347418625848773,0.5291417076921477,0.08464683717236124,-0.49878385086549487,0.020371247174195778,-0.04978998687201114
11065,-0.5219848623222181,-0.6986486037802137,-0.941053936791185,0.21852123996221978,-1.2610931742215825,-1.884763544246087,-0.6413562251678294
15354,-0.12303552387155188,-0.022171370476917748,-1.3779357380268957,-0.6090732975865462,-0.12867550915132744,-0.8146722282871127,-0.36119163135227955
11498,0.13518819163836368,-0.180763048137347,0.5725350133346089,0.15812978316832324,-0.1518027581184477,0.116670599970424,0.37397913426054746
2945,-0.13007574823822432,-0.32083373908274604,-1.0614180388300742,-0.15098120591138983,-0.258022933496314,-2.5056081058825472,-0.18460475791406492
22411,-0.12028967034062882,0.8025283804207073,0.47518836692217414,-0.17144078303362084,-0.5965363776169398,-0.1142604450829687,0.7580123028069216
21990,-1.9164877719961317,4.019051755173799,0.36532655967028527,-0.1517390318170175,0.17391442348336053,0.3430294394013716,-0.11021465214326581
10790,0.2628665278398156,0.15417479196822348,-0.6418058720338666,-0.16138211721469328,-0.03757987103727144,-0.2525526884335926,0.18228814372128832
14941,-0.847979209937653,1.7556400979172742,-0.1329565122604502,0.5161887551539042,0.7474573637601561,-0.024909735238976955,0.07497524281802058
19999,-0.22406703588205518,0.05588290593597367,-0.444102239042409,-0.4778936778957615,0.49244737854108983,0.1959964331179078,-0.10297069174240786
19278,0.16400089024969897,-0.3393878030257673,1.171101440385954,0.9817598074785785,-0.11692295713217606,-0.739780847759785,0.09957303370266554
9689,0.23873227585029877,-0.18981932835250137,1.1342162850743231,0.8712218714093719,-0.04339750838555802,-0.32588325624458264,0.6344402135017203
1968,-0.7510337401463147,2.1027952094738773,0.052776486416033705,0.08134833799974818,1.0098127546982987,0.21703386685845868,0.1805442514494682
14755,-0.28724319291695166,-0.5276791184846822,0.11183889467069556,0.18409731073216629,-0.3799655450961741,0.5382000990037096,-0.15318164158276315
13120,0.10739774036490139,-0.042239720706510754,-0.6646529059495379,-0.37186376313702335,-0.7744059989385498,0.02865348063575614,0.07218812282686486
2830,-0.05241343563421281,-0.3655759057375879,0.30130779776073835,0.3490450329859578,-0.016050263204183533,-2.260001132348089,-0.2326064755525095
17873,-0.6045883798124105,2.3169380029318787,1.075499913505242,0.33299633505373105,-0.19276668748822687,-1.8108420429841143,1.3905031803529355
2589,-0.433287074920335,-0.37063642968672994,-0.26331233397252446,-0.4497767311341791,-1.225819275076421,-1.2760346327356613,0.008690287694336484
3352,0.2509919033972473,-0.06495428768535351,0.8592632457899224,0.22068059212151808,0.6451859540112376,-0.016669020482472055,-0.2933576221053907
22304,-0.08009698214981816,-0.8731509534465448,0.9351682831927024,0.5724338956331314,1.2648797055169236,0.9643498504656438,-0.30310991769274087
18450,0.004392681517547685,0.19638107266146,-2.1568217131956056,-0.6833880864653814,1.1068775756412286,-0.8289153841270769,-0.43271833596649195
16513,-0.18137858088655492,-0.08226194233332434,-1.2518644821478715,0.07598109224978668,0.4229766077981873,-0.8511129464369288,-0.02943722450485863
13533,-0.28307183563132393,-0.6099301073799083,0.3212926532460597,0.48765361989646844,0.23662829263295243,0.7651384338019027,1.0186726334149965
10842,-0.9649189043868515,2.3681341605336454,-0.8710677354666556,-0.6861417744538179,0.02124759422346346,-0.7606737775026587,-0.28862643435365326
2544,-0.6054645031744621,-0.4665637554962398,-1.8285636319328602,1.1749515377649407,-3.176170817481742,0.9582029021288749,-0.42579090147414544
21098,0.30691939748379976,0.0686353810093742,0.06838900534296112,0.23021453823553442,-0.29579947703512055,-0.7518892648298866,-0.22301271963584457
17083,-0.09234432627312754,-0.2802990986805935,-1.1092688497221599,-1.1324450729490372,0.41223846162089717,0.0904592260960277,0.7749108919579076
19145,-0.1084141259613091,-0.37806837357797024,0.3198578860331155,0.11508667538630149,0.8487071901086591,-0.05651519907268542,-0.5109048779233946
4059,-0.20293818519489032,-0.16824284312105683,-0.8237813219528073,-0.983888932711055,-0.08036026586387031,0.9517525398490235,-0.45734390695808325
15915,0.08991554540477241,0.06707143451065328,-1.3536692284980008,-0.9588176674053888,0.4142152295797604,0.8009317306632674,0.10799145635024968
18660,1.2394758139880286,0.6233154788589255,0.9121799071942461,0.8529147642882576,0.778881209201308,0.6291403140393788,0.026486080701825652
11972,0.005792349783787476,-0.36965575564160774,0.7034938848880078,-0.6102833019766405,-0.579205105767277,1.8433973087150657,0.3052235010259765
6467,0.004743331185295529,-0.37583595002129017,1.2469471286736693,0.6009560531358881,1.2888220436959588,0.8571555427519383,-0.10912799399954565
16605,-1.202811002010044,1.6062730750235243,0.9572425943446201,0.010037675591236184,-0.5176208289159565,0.21300809036964957,0.1373321516896734
12304,-0.017651187184278064,-0.3161954757831959,0.16578186038163287,-0.2040750898047437,-0.3445903946237445,0.09137352249989819,0.26697286492209166
15402,-0.054873258539180896,-0.3966534204998424,0.8314102508474617,0.43201930901788826,0.5553871081347671,-0.7703727594290152,0.5084337945432795
3879,1.7242699874344056,0.1496559193902017,1.9698080981285553,0.5037251957661342,-0.5729941475358389,-0.5656368782342037,-0.16993744160409247
7325,-0.32186888931052865,-0.08056688975920268,-0.24645237317658975,-0.8969340774027509,-0.6558677076956726,0.6967696594649706,0.0780098477547958
21674,-0.22055942812617355,0.39443573979940766,-0.7195512870003424,0.0955928231308788,-0.2660038964634774,-1.039147728722463,0.022684921396237682
1556,-0.34386860282365433,-0.7249352714135812,0.7817934595610319,0.4426432189694335,-0.5121554930355863,-3.3473880471875295,-0.1012275701398317
12865,-0.40975771128313326,-0.4093692729975515,-2.1680185199502504,-2.2318183151953432,0.6457675127264827,0.5815226161501807,0.0458495964718692
15006,-0.3434647213058783,-0.6237029124003569,-1.155590540575771,-1.4916124551731218,0.5398620317935929,0.04522580636866555,-0.5368832325120921
15299,-0.5243151462723444,-0.11429559308473702,-0.4726045672127517,-0.7220441732476649,-0.6169489397086048,0.1916353206925776,-0.0013544072041072192
15076,-0.06755131245637055,-0.6708692343055658,-0.6314900091584742,-0.940723407205689,0.9920078000201481,1.1184931679112016,-0.23526340074350205
18441,-0.14924171814135212,-0.050691088140993226,-2.278394232083613,3.1852087913566636,-1.1961982467529146,-0.5970961859972667,0.0929332671645434
21857,0.6045274481587601,0.033303906385192567,0.5184867310714996,1.407793417991091,1.8588188249950095,-0.47323966482941193,-0.04424019742613382
18389,0.3340448573336597,-0.23705050490280052,0.32355885700404596,0.3108418953453821,1.0772728576202724,0.5766892729760739,0.596580262451212
18074,0.1665217290266411,-0.4778349146448515,0.8271444420533339,0.08630687708538486,-1.347893321239571,0.6054043440219818,-0.5898452551530046
10851,2.4766971675332297,0.9376532816996401,-0.615107851589241,-0.21048922642064719,0.2679564270269637,-0.10460060089784413,0.1602940591679755
19522,-0.20978014263617265,-0.526217488103953,-0.1136901394722266,-0.7110332361026696,0.3081847752956997,0.5082595702220043,-0.13741335664923426
15355,0.3091272352200414,0.08163842942534041,-0.26536847358766497,1.113342914943372,0.526054369454628,-0.4781640392289969,0.20905225583921414
17505,-0.6832532085984877,0.2457302242188715,1.1568407151032505,-0.48918390340984785,-1.2469651857423478,-0.23690417973677155,0.021697762201915834
1570,0.030996649402084138,-0.32777563116062247,0.7376678012526912,0.056014837783049706,-1.4712896809105849,0.9386555484543169,0.2002523751446668
16186,-0.9822170698427198,1.6489979515948956,1.0483629624482251,0.0326376452254396,-0.5343477655010765,0.7492726060062079,-0.23815089723103344
17334,0.013950055665193766,0.4485205957603752,-0.7937710046174441,0.6840996649377236,1.1390776744660234,-0.6159204720268001,-0.25984653102211724
12335,-0.289976904432066,-0.16554102967039128,-1.4467500057412725,-1.1110661377872217,-0.09609439444349265,0.7333796184940322,0.11680135927432672
10745,-0.1255942033202818,0.25318236845159897,-0.8068364475457716,-0.313837829162608,-0.8259660388348081,-0.2426855781159708,0.621636809715064
12808,0.186467443876738,-0.787653035593481,1.5396142762622493,0.5395985047000262,1.371625024049735,0.9733860667103252,-0.335926414907036
18993,-0.6205689589134085,2.0737900649111713,0.09739037943855097,0.40853910317361253,1.450873567695217,-0.26632229076300495,0.16158226147333382
10591,-0.07693490944813845,-0.18659051326399426,0.8628535831618821,0.7263270331267475,0.2161281703971767,-0.9373100803389168,0.06650039944358677
15842,0.09139611776954505,0.02807261679024264,-0.19561584071278895,-0.07527176134129511,0.19423373657203155,-0.9254115333458536,0.19874276622362608
4226,-0.708756981211457,1.298928489713202,1.0221908568095512,0.6398050777863569,0.09320994382042852,1.0738904022510964,0.34408827371263473
11827,-0.31952857277613345,-0.6269491722199456,0.3442827098356901,0.7652894684084615,-1.0313481067639862,-4.844562201713767,-0.5113140219506506
4326,-0.7960262392023175,3.052142073077949,-0.8729101705661124,0.12777157146045573,0.548743369890584,-0.9294442052612539,0.09475280256781714
17314,0.49313843334942403,0.1415768630389916,-1.4056069506398017,-0.42661835573777157,1.2422896235360896,-0.021506912505521652,0.47095465577185314
13389,-0.45282276173828834,-0.4098893692168742,0.562341002783353,0.14285920973786254,-0.62889483301853,-1.7880947829913219,-0.5987193557584699
12872,-0.298358264467987,-0.6139951898974063,-1.4553598852600564,-1.801254902835883,1.433782329033253,0.775696113098125,-0.35015928631753285
21958,0.1252376231655723,-0.13183977169252453,0.9791639525409348,0.5882663301490556,0.12621533989512299,-0.6990415236051062,-0.033102898036004455
13358,0.19464736037909222,-0.849708220192652,1.5107101654249662,0.9236555238919057,1.0924257731588038,0.9696108618141851,-0.07414096402554947
16947,0.031552417038171306,0.7181683810621763,-0.29224677358385714,0.7146370271562282,-0.5935003713233431,2.267777146052588,0.17715585164500758
19404,-0.7576849739525229,-0.6551128632983744,-0.11580156940040635,-0.6333857782648528,-0.589832101343659,-0.08709168641849085,-0.4055882366102652
6235,-0.4372619191951752,-0.36925520907808757,-0.27651028732958577,-1.4238269145623264,-1.6427771865000502,0.7425330947586561,0.13944542654767797
20419,-0.0920786552459493,-0.41304113138724874,0.664359773435931,0.09232669156068106,-0.09230621303253966,0.5585884873784536,-0.6202660725662481
21086,-0.19697965025162445,-0.6131971261000494,-0.04268249026550976,-0.5535172720828796,0.667518725534325,-0.25813254073753217,-0.13509479106217717
15297,0.659695262550455,0.03498153996050362,-0.25691762450697553,0.9388948143709815,2.240002612469735,0.3068798201823572,-0.14452962892535873
15605,-0.5693321260171271,0.4242928358978026,-0.1307824166838898,-0.042353887804916814,-0.41913685867280404,0.1140308416989459,0.013149695362370076
12950,0.2843341574326343,0.566591698782194,1.5092396784101092,2.0368267950212124,-0.022239712067932935,-0.06744184267062482,0.08316962274446484
21404,-0.6908702497043502,1.0258139643811903,0.45091102061953103,-0.15440105768844248,-0.04875844409530239,0.6994584647117473,0.05671321881170356
11939,-0.038985927653284395,-0.5025845450087472,1.1231321763838307,-0.4109043493463334,-2.4068369028247707,1.755030005522819,-0.6347153543511744
3903,-0.9113180000531683,0.2076993690862684,-3.1108725912507866,-3.707622036147223,-0.5526836519430794,1.1802125977646987,-0.25198404697373195
11497,-0.17174741736663138,-0.35864893099060685,0.23146941656667094,-0.12440574465997956,-0.03984928527816417,-0.7116063207040219,-0.3283953710497571
3550,-0.5648700652343301,-0.5881498296139652,-1.2257725427790578,-2.200064062244186,-0.4060814530339127,1.3156538661624748,-0.3742132647409722
21509,-1.2047688288053717,2.2015224660988504,-0.8714449104423471,-0.38152609459595815,1.1137164298820872,0.7773460648666789,-0.08399375215809433
11737,0.18282976387328842,-0.11521751822512581,0.5775822825155722,0.15453702703103475,0.710261075525304,0.04378486054789437,-0.4766865266586253
20526,-0.05852064747289887,-0.4539748051310575,-0.36070592105769,0.058501171195821364,1.3970844360611367,-0.2855473601713609,-0.44871916696964864
3629,-0.04398592796572152,-0.35891610974358273,1.1103947495780366,0.342233530225831,-0.23480716330324417,-0.4077472342702036,0.3002648662810817
10607,-0.2080127542760261,-0.3254485920321573,-0.1909051004593283,-0.652998423913464,-0.28123984083364983,0.8993500655534296,-0.14234277330218595
18472,2.7858017585568686,0.60171934686809,0.35052361329113224,-0.3116778438103072,0.5558525693222008,0.2981961546172799,0.21076109894995926
21766,-0.2531404251203688,-0.5899772477107805,0.6148224568420472,0.48574419351849396,0.48535006103334627,0.8061071737201929,-0.017763479847932355
17464,-2.0800123074935204,4.200291185028015,0.8656810324484725,0.18127876224117476,-0.07523535786676608,0.2312936303444869,-0.24298036679833562
1983,-0.39781328591117565,-0.43718103163594185,-0.8998159118854765,-1.1816125654183183,-0.4995479332787375,1.023415063043147,1.533017380385358
21198,0.09296359866838445,-0.18476247318341832,0.7598617642494593,0.41922382832488664,1.1068775887155684,-0.44914125752147815,0.40310794706976566
1915,2.5122001250644157,0.6823591241134432,0.7578298058319065,-0.3044131841884671,-0.8680299781063973,1.203785835383062,0.4155597719640495
18231,-0.2569771823712768,-0.7190660720530258,1.4275435916638117,0.32257706888545956,0.8710173734822018,0.7240486336488845,-0.33594188958476034
20621,0.03436305162867357,-0.9371631634585675,1.3858153806871918,0.11600031573513407,0.1645363650968878,1.0276974181109941,-0.4947749930835359
13257,-0.30605592480497107,-0.2821451492691138,0.43171732254320405,1.1056999659725826,-0.6797848298622532,-0.5685501915050091,-0.03480927870257588
10440,-0.017927579832768933,0.02779920917985598,-0.08500171463625066,2.263821702251464,-1.2527972031374917,-1.319352433771215,0.1786200198976707
13241,-0.13448808399616513,-0.5626840270758077,1.5207654352324778,0.4891554353164404,0.3448202670617052,0.21059516420407545,-0.017840039556618524
15970,-0.5043080566315254,-0.5198236432467547,-0.7539365101854264,-1.5847479853402517,-0.35886175903117273,-0.0896843815965684,-0.8630034998653565
11640,0.3322060322973214,-0.2296146517549295,-0.348637683753725,0.3106825711452632,0.5407035395091699,0.08596913883813669,0.26670638186961626
18461,-0.1130966356761026,-0.9393736143288328,1.6161991184141034,0.785323520474186,1.2222091180472678,0.5947721210017146,-0.6589786548901412
12682,0.08078356405670464,-0.12847651498612622,-0.02272945448510361,-0.010866913550303309,-0.07149333117648761,0.08891935817611318,0.395586057558332
21007,-0.45882042670547046,0.1126474651937075,0.40066083186187135,0.46563986226573484,0.2352793874072258,0.06384631207460785,-0.0498992073353262
17551,-0.4846450828227958,-0.3272411469936457,-0.703229482218246,-0.5198526433212035,-0.3632629207132687,-2.8890975878946636,-0.5235181563890772
12168,-0.22895743594858464,-0.14902665260855463,0.16135414991921032,-0.04295380497150265,-1.0774944635171315,0.00941992857793688,-0.13086736400983517
19573,-0.04345918139498868,-0.6542306674608549,1.199843480769352,0.5235524877429498,1.1479237782922436,-0.274127190396791,-0.2873894972008481
11250,-0.3441768321919682,-0.17819473225891647,-2.33641250157615,-1.558850321300841,0.6377343067485668,0.7116346713619147,-0.2848573583929055
18757,-0.20565909952890962,0.3371676873172833,0.2200615758630488,-1.0394377731356086,-3.275419711778323,1.0730530325670196,-0.90392803310507
3875,0.14263825309631117,-0.20362024797032677,-1.115956395254053,-0.6593963548756921,0.3884336954590424,-0.2802135028527575,-0.1662348185426567
19549,2.3625476147320477,0.7086099521238263,1.1628771245769802,0.13123426253286774,-0.45460883000709174,-0.7644890066892344,-0.3293008339762288
13151,0.1475149425286417,-0.3648170260199481,0.7470794999199439,0.4888578403616627,1.2538619569806932,-0.005456619542199707,0.05446453590236761
10284,-0.515124542346996,-0.3843371814315937,1.4909127107945392,-0.3728820048047162,-1.2145958650272437,2.143895298778619,-0.5347439660162927
21257,0.16673205909408761,-0.21583891638719543,0.8869733398404984,0.09901554281357634,-0.23274609804997473,-0.1673205602754688,0.2373959909171715
12869,0.11600432446359696,-0.08307267428461557,-0.076603502666723,-0.22334981292152298,-0.6953414197574819,-0.6682635298528492,0.28009050106144506
13086,2.3577453930394214,0.4567321816921857,1.2679997970919081,-0.10901042766934221,-0.23538059697644495,0.6187683659876324,-0.325289772445118
21973,-0.2606620657065577,-0.16892300239692118,0.9441824380999794,0.12028819374731146,0.7852091975657047,1.1158589621802673,0.09725397046807333
16733,0.08586944239185175,-0.040986195594207506,0.6295187311261229,0.2894265473929859,0.0018883250106534197,-0.5482096670118938,-0.09491813478764304
12514,-0.24539284455896784,-0.43327660251654626,-2.2404279166275343,4.411058184142698,-1.5440112534144916,1.2535685097273246,-0.14643713792873803
11540,0.04350546712172854,-0.1053361421435746,-1.0194764274432269,0.12278993794531909,1.5714047972284828,-0.33816370270165746,-0.04740542752847461
11085,-0.0980261492744304,-0.45628408130763,1.0952080088618137,0.3947014970834097,-1.1383634325941052,-2.786721325497969,-0.4609677487111114
16532,-0.43987770701398116,0.30584910591479714,-1.8995268815464255,-1.412330313995269,0.16229496807384047,-1.111415208888081,-0.5921727527932453
20053,-1.060282188284655,1.6920616258294623,0.7834333786389989,0.06421865503903992,-0.4525629710960233,0.5070466499925188,-0.393993299299097
2153,0.2222178557498054,0.40087606865364434,-2.192834758389999,-1.1535044056301345,0.36440387978421995,-0.6952034703658017,0.21546867826241936
16275,-0.29848249583545244,-0.4064038958385575,-1.0747822750351455,-0.09054551230086759,0.46165180755924407,0.014824439948430834,0.32937695074968093
11425,-0.05008638015811743,-0.10035369125826651,1.0550819375913436,-0.21500953059621705,0.9005107600210323,-2.503111650679586,-0.40072635833488934
20752,0.01743845189671147,0.10344880112848778,-3.3903236953433646,2.4526528723246543,0.7362572047076615,0.31287117803205394,-0.11497928333991549
16816,-0.008074976498606572,-0.09272585833909337,-1.302580745595022,-0.8540205100456748,-0.06566123088868915,-1.1770616549970354,-0.24478706994535326
11466,-0.3715377964408625,-0.32343762396475045,-0.9435919504594439,-0.35878627076998937,-0.09687292294011264,-0.6135099610743252,1.020554922332974
15108,0.019024330767516646,-0.2688976400466928,0.8817348364366614,0.7344545560144576,0.5831740723255827,-0.18162981609832024,0.3620304812525432
15495,-0.04909622115796721,0.10981749289148118,-1.6424161200180465,-1.6021521932053546,1.208810583826334,0.842920962245675,-0.6094393646405778
11172,-0.012356651445838253,-0.3568161471588094,-0.146913142653386,-0.184630019008461,-0.043803443784246596,0.5351038111241653,-0.04298003167689696
19363,1.7110888659074475,0.08368028694829827,0.7695681954017431,1.0085157724398772,1.1763636839137628,0.123136158443653,-0.5397800155110087
17289,-0.38722607688880145,1.5005422309286462,1.5163983616180545,0.5365804381367659,1.0123173774319296,0.6095723405079753,0.1760708695335569
15304,-0.20682119031596868,1.2810832768936409,0.4847855996953911,0.6189941715780536,0.1753165962622621,-1.7163310031770174,-0.5781450015056284
11740,-0.7292739352536961,1.4761151066717273,0.4099891696500337,1.4513890808307854,0.2715631894831107,0.4519408963119164,0.09491091322120412
19746,0.044125126349425246,-0.23613744587389032,0.34384732933483636,0.07916803714378244,-0.0567997545138472,0.17300932003926783,0.6012405461753088
20178,-0.32475267030395666,0.13235510436257678,-0.9801739863745581,0.2583683032565004,-0.19335369094385485,-1.8637723312116683,0.29040398370464754
12993,-0.13245971221345745,-0.8393533125447241,-0.3495129846071635,-0.2663882167244798,-0.04231608390942544,-2.1756314735444415,-0.34960861731890136
2425,2.0072851433008654,0.46411483510717433,-0.31609840746318,-0.9163553188022295,-0.8152484158847785,0.1828937155397712,-0.020314171920620138
12229,-0.004481990327994505,-0.719486211639901,1.1906535934296265,0.4007981468976998,0.2907880649193277,0.8276069256143259,-0.7471737608769449
18545,-1.5860007901194721,2.591461621378528,1.184262218535323,-0.10582031251135215,-1.3176749301710524,-9.412068160847284e-05,-0.3379882666764542
15829,-0.4283377880192954,-0.1614065528606894,-0.06253836904576641,-0.9442503612180407,0.10416483972653846,1.9520232113476876,-0.023749073451871307
10285,-0.11004520094464769,-0.21827058161098586,0.3767897227402312,-0.15603889433430476,0.06521751444962674,0.1245584664762446,1.9440488032076273
18350,-0.0373594118331534,-0.053661028417732966,-3.6627206486458928,4.2169348469513706,0.1758119292410709,0.2292345990583192,-0.19936612701291048
17461,1.9498325720338217,-4.4481461539394,-0.5502483222073344,0.11260420495541536,0.08655049006238012,-0.22590565315642833,0.13714953862607754
14819,0.06788336269099515,-0.6557252411085721,1.0140315420425914,0.32025360433408095,-0.35899021478961957,-0.3315300112597803,-0.09327497469915301
18071,2.6193738755829226,0.7588709430255238,0.13143995392420885,0.6795187165978351,0.305695718511359,-0.6458824838268834,-0.04653118292964922
14852,1.2743416522792872,0.20870185711838363,0.1487290446902816,1.2797118426680794,0.13036612903212844,-0.4172484979822122,0.07406230795819595
11523,-0.2924868468463436,0.10316407353388549,-0.20341066167115746,0.41522738658500247,0.2459979520547744,0.02220481950255651,-0.3955094679775231
14917,-1.094204141683487,0.6598331925446157,-1.56580706914174,0.9292549279337217,-2.372230438034084,1.1659304507494992,-0.4373770765069897
10806,0.34478554751304463,-0.023487209426513177,0.9757313389088158,0.6478849183872164,0.47800226821225383,-0.6310876236494934,0.29392347103566374
22563,-0.20269856087234145,-0.6697081060149569,0.8028141532583555,0.029584342505441796,-2.5896595615847064,2.004537420279846,-0.9942530618740146
13289,-0.5403035589962641,-0.3715179695959696,0.39653125462857264,-0.5944632687286843,-0.473841320361075,0.7205927119083237,-0.0682532259289083
12513,0.7506560437968716,0.3177606500054262,0.2714760524981646,0.0023279845975604074,-0.15481844710527007,0.6484344956888501,0.019686423539148092
18867,0.044944248738762245,-0.24570611272596024,0.6526809353519429,-0.11729777802210545,-0.4926063339036459,1.130824452971886,0.2889857087107261
16055,-0.850610073223168,0.9076726992106195,-0.655397570789001,-1.282119211287457,-1.1088421759344809,-0.2982226530992375,0.580781067766176
12070,0.49316755065865453,-0.16088654233889835,0.8737231435391121,1.1506225206141993,0.5504272415239994,-0.30750379248846593,-0.13871494229732037
16004,-0.05522015572138314,-0.4113627954210019,-2.2001739589224827,-1.566734626979863,1.804688248974715,0.7037427717915892,-0.1676903639438423
19782,-0.5117539152697894,-0.21256757771916485,0.5214783347081067,-0.9600295376380477,-1.7040936750231375,0.7935587573604507,-0.15718942206554523
16239,-1.2272701637484857,1.65886491211606,-1.0719248808375554,-0.2910885773237631,0.4233022438136669,-1.0631928710570369,-0.455575862120849
11760,0.040967801652163356,0.023313913482150696,3.741154996913853,-4.562756353886772,2.35949356808095,-1.7339884499868163,-0.498893926660166
12397,3.603051276871974,1.0567218186812204,0.5018911552761633,0.12860695327694135,-0.2550923479933426,-0.37354791110371566,-0.1322838544895416
13108,0.42276665209101644,-0.4749611758482274,0.8790515850516345,-0.5621640136592407,0.5659813044759349,1.2444002981282591,-6.208270016078247
11239,-0.8921343795414544,2.060408463166745,-0.8149882019633062,-0.2911838830087163,-0.5140850378065216,-1.1349179444709474,-0.35748441678285453
19270,-0.7747234254435241,-0.4085938354124597,-1.7342769856689282,-0.8347160487693603,-1.8191299519490185,1.9401829740737504,-0.6114737838624197
16121,2.385509640932723,1.0117270676495915,-0.5022192113722015,0.35296326307170295,0.019647568027704298,-0.46037747468858914,-0.062212680673611756
11535,-0.27484093088464173,-0.35867603317850794,-1.1201183980469012,-1.1836957370714698,-0.34126110369093454,0.6963663913047803,0.15393742146200234
20054,-0.027066571930306805,-0.3879653511132213,0.3629065247157315,0.5567430201342023,-1.0093317585932375,-0.8907274483899023,-0.1680230522047291
12089,-0.5385861353067322,-0.6195087655326439,-0.3387728815579848,-0.3310283104244962,-0.7277365363027108,-1.828653497738546,-0.38809905087723295
15618,-0.26886219450481635,-0.12802086188238052,0.6645242834966498,-0.016213282440283628,-0.5159060576347594,-0.6679476669860223,0.4382391213925982
12130,-0.9381317854171449,1.5198185140424862,0.853679981369996,-0.27674324940562384,0.6251790815369592,0.7368085872591492,-0.5944813359000534
19327,-0.5095075155815235,-0.1116430460116282,0.3384816755511817,-0.038664098861517636,-0.6577432650333273,-0.5240931331398879,-0.09978027225772038
16122,0.34730090659306473,0.10753018477858041,0.31749800602063655,0.009615419904403694,-0.023954661190160594,-0.16242899908891362,0.33952798466363476
12254,-1.4822661986657466,2.161617203702215,0.8627231307480916,0.08966277914105075,0.5721689284335602,0.1469512226224994,-0.4100429702043655
15392,-0.5382374356071938,-0.6703666211318801,0.1009127098386704,-0.3110783286932488,-1.6514202444566721,-0.2144790061273343,-0.22871380333442276
21949,-0.19085714513069155,-0.20228175190839645,-0.1488268562058387,-1.0357796390644995,-0.5877939979476544,-0.3793602305915628,-0.5055678785106245
16848,-0.08654989925383012,-0.34442074100086734,0.4144494356782017,0.14566359874054982,0.9382406067301723,0.6091092574456749,-0.10143922345800313
17856,-0.22180870351121615,0.11912007095731614,-0.8872761234278062,0.2670025987862296,2.0000689199591593,-1.5682534903667618,0.2512443685971446
1639,-0.3393677191406316,-0.2789714516794482,-0.21580870304103594,-0.3654861080043098,-0.3528341847291502,0.5243855522502233,-0.06508711043178218
11771,0.020099272681813406,-0.6301236878684449,1.1930179821536386,0.6670381089718107,0.8917618289642989,0.34515957095677846,0.013521382633611053
20966,-0.08477516103022298,-0.1206560665897127,-0.0007112907325203597,0.0641965560302729,0.4831859030830023,0.4588116943173512,-0.24215608561601976
11167,-1.086291360661964,1.3294163977695246,-0.4216868473868707,-0.3834455630341753,0.5150797707145864,1.3926322030695202,-0.2190757009358542
15222,-0.12895034636689548,-0.475543519443472,-3.2190853976009133,-2.3020315068239072,1.633308053366954,0.8308913298284374,-0.5456285796936133
13027,-0.843514601196873,0.5592844094538983,-0.8960541958860961,-1.482821546367483,-0.33790339291137594,0.11469748281487718,-0.22971744255074109
11322,2.4979116527722396,0.5082771409024613,0.579693256841754,0.5749599855179816,-0.32903197673284357,-0.3008029542056684,-0.3246450897794311
18306,-0.22100648525716063,-0.6202011965451782,-0.1681984152122467,-0.3604226626244779,0.6028507302804301,-0.3441574277778872,0.0011333244800183868
1512,0.13332936109433732,-0.5826260474179813,1.4456593232137551,0.5572959878023624,0.392879899662645,0.6230898586245217,0.034434080256712754
17098,-0.2928318542285508,-0.5492761206804454,1.226373647970464,-0.18724530910534404,-1.353855134942308,1.0306410823820973,0.4972078224836016
3573,-0.16853071944494757,-0.12322494933640263,-1.2614338740917237,-0.8754532498315227,0.1289778788591292,0.10076676027877832,-0.019965989782302532
3084,-0.19592646880677012,-0.6567052126105494,1.307562194148602,0.22530430864589038,-0.1641350348236028,0.5789182315104499,0.08748032954318608
18894,-4.615015173163246,-2.0814356722182143,0.9895438978754947,-0.08457469892877663,1.3014935780539654,1.1760400544495684,0.14384800605166828
13243,-0.32305896807749596,-0.37793034016193794,-0.9671902142926297,-1.192305487606577,0.5164652042576605,0.17695515330446196,-0.39719657141240844
11697,-0.10304886008098675,-0.1860260166421206,-1.037028241840511,-0.4534527546124523,1.5576800934620476,-1.0160309530028928,-0.6934423367023962
18248,0.14478385929818088,-0.34511556153493417,0.7150027344610922,0.030192733914815632,0.7078611561470997,-0.08822036469102454,-0.11694707132751546
15344,-0.27472749506141286,-0.23314851377892726,3.4306192108447635,-4.816536946980752,1.357950058171063,-1.0344593912253726,-1.1098152778924377
21311,-0.44182194413453396,-0.37748839260061934,-0.27762380790787433,-0.6232295711829015,-0.6876530815225441,0.2588827957014096,0.23647730138242032
20117,-0.005191478584190527,-0.461583505514936,0.9153159267420644,0.550780130115922,0.42502377677267944,-0.7796680565437079,0.659650396695705
12351,0.23945964637803818,-0.07191059570204784,0.4070337588207832,0.38691586162864916,-0.5839498259684512,-0.06901263757857388,0.5148086607518229
10676,-0.15399380930228274,-0.4910885709055242,3.3728702666406507,0.9977910658950758,-4.395565995947248,0.7194475553867868,0.706725963841948
17599,0.48267575194037265,0.1852557414802226,-0.40619772074765376,0.20118925852948558,1.0821882845754538,-0.6656226049159459,0.23937228838603986
4289,0.8140635008504145,-2.167788742872973,-0.7062028080836774,-0.6321857237243546,-0.9082048452362537,-0.973936358621433,-0.20045351373733294
16978,0.19320833715004584,-0.2266001022687304,0.7893560019054128,0.34843951386459204,1.0104763542089406,-0.09377963193418876,-0.05677627801246408
13130,-0.21023092327353712,-0.41969351117845566,-0.6097051918497471,-0.3390805910102565,0.29855556256552235,0.0037534919293051,-0.6064126952176089
11745,-0.10484609859717584,-0.26676314206512164,-1.359144303864421,3.1651499361071065,-1.032089090517537,1.345938432829226,0.6210585036612299
19612,-0.008505860769606128,0.13506935421614133,-0.8649682503811719,1.1624771598929173,4.383790961499785,-1.4995135691667454,2.2486463287139804
19551,-0.47024708642199337,-0.46800316391556473,0.6875895511916789,-0.1682266206833125,-1.1195405218793155,0.22218744826845807,-0.11634798510716024
19277,0.10469024753283183,-0.6126541018715029,1.001549390305563,0.7461820218917065,1.4917448776755962,0.4245935818479302,-0.12055165008945254
20041,0.2932998382198479,-0.1611329011096427,-1.58077304549098,2.9120264493766936,-0.7289274773704256,0.9904895654487222,0.42002958720001893
21113,0.2524598795060211,0.02719193893310715,-0.41131706587741595,0.19065760683011143,0.3687823327306831,-0.15193093514529274,0.12725644967105681
16654,0.8437018224067652,-1.846924683604676,-0.29957542954754995,0.3891348167709658,0.3911468400113448,-0.6111369937294057,0.184011988217941
21341,-0.9113962042142422,2.291205056623529,-1.0868805405658377,-0.7499471557405988,0.029469053952417213,0.46321229723782115,-0.17847102642931276
16002,0.08148116947230552,-0.7521235677648624,1.5753219363575375,0.7736113141614926,0.9115853226147744,0.7000173862447038,0.009925943096280884
11506,-0.16001546271036082,-0.07076350586568679,-1.8660469583477892,-1.698552079227532,0.5774471179618806,0.4810277604288486,-0.6493083730021455
15491,-0.4142267860117809,-0.44837562081210675,-0.05436782225168515,-0.12219163802702115,-0.7485341731784602,-0.09406992507358541,1.0714351017310362
19974,0.2870812507463146,-0.024511676936430343,0.5442582615830188,-0.03107907502288201,-1.1500198318700896,0.5977309352167892,0.15988969923897892
10700,-0.30441523368462836,-0.44120481481994234,2.294333539373808,-0.009429265403135854,-3.2078813775841475,0.8349808330862237,-0.7538593754663385
14774,-0.2501816070796004,-0.3732150744670396,0.24197181536657936,-0.1327253984401802,1.4443805776663001,1.028854237988078,-0.03224532970848186
17205,-0.06998830973726476,-0.3902317384083414,0.32506122942043725,0.04289077550237856,-0.084052914217925,0.21125155698964962,-0.33157168588780805
20252,-0.22528885357809444,-0.6111835674254348,0.643564937195304,0.8743343239607929,0.6571704641895897,0.3620761842375386,0.06599364250537301
11668,0.2140307348538588,0.17868450927909216,0.2345434236883663,0.6776150221609462,-0.4602151374377949,-0.4477696626932484,0.3089036212417419
22620,0.0014134109834435687,-0.39268608129582444,0.4389466033883408,0.19179256672247505,0.9762137802741213,0.5505221839649282,-0.20854612895460306
18494,-0.10141062204952071,-0.8505259735296066,0.9497906436621124,0.8906276672497748,1.1885303073659312,0.9771445339570027,-0.22014730892821235
13261,0.3625117422143502,0.13950341118204726,-0.08415224296548343,0.25847799485109474,1.1213992016361576,-0.5686850825446924,0.3770763332273678
17842,0.5667187129985476,-0.37000809373418514,0.011134806810282479,0.08634983638856493,1.4168019046351759,0.9492652022462704,0.5257903905192028
10945,-0.2685452237057609,-0.09570248066000067,-0.14380621897114915,-0.48102500511472585,-0.9138661937246304,-0.09651350806844784,-0.07460326613576564
11512,-0.1399000934230846,-0.7582765192852093,1.020614214700521,0.21158214026282862,0.342476572170176,0.25221659444212197,-0.5077892191006729
13109,-0.45281322518452666,-0.023310113014907263,-1.3160260207190548,-0.8746178060075319,-0.9075379250971795,-1.269770382514837,-0.14149094394942055
12526,-0.21835230641995307,-0.29973310513225315,0.3569758192079971,0.3258128273559891,0.20406335247048313,-1.1041586157381176,0.01973838657908063
15718,-1.1577394675533277,1.8385749584727102,-1.195100928208791,-0.8954179520084576,1.4725027678314035,-0.45850289517224474,-0.51314660680392
1789,-0.8209485381186259,0.8109234048831439,0.8082475935063066,-0.035604539258838344,-1.8052459424888745,-1.6711200209732526,-0.46704042063944384
12864,-0.45811773354009244,-0.29698636578702353,-0.6358481719948855,0.9364794085727346,0.8829206635625778,-0.14051221231931574,-0.09329177855120832
18267,-0.12035614308640027,0.030878631506931948,-0.09047921293071431,0.22609297475539353,-0.7504905965260625,-0.02390681552825352,-0.026581404791440597
15617,-0.32041534026645724,-0.13504298293189057,0.08633403177718389,-0.07264801139703367,0.8271867650414084,0.24564943987531074,-0.1620051980650607
15804,-0.5990281312007516,-0.5274758806213434,0.8949448609703905,-0.9836968468980697,-0.6636299148405844,1.404499312344472,-0.20522954605998342
14785,-0.17130713813654205,-0.526620752238925,0.31619709922307443,-0.0774188354108434,1.3374620042184076,-0.7850156354419822,-0.23731116869027297
22236,0.05129748522140376,-0.5465962455367649,0.6374047847760109,0.9234507644112111,0.5873689102301853,-0.826484424706676,-0.0679667493278967
22370,0.26399358243030085,-0.28704013611879076,1.6769460454825675,0.07893447864884813,-0.03603511570715291,-0.9853960972949913,-0.1669593843330485
13062,-0.4463312966272327,-0.8147111878259823,0.1638612132591345,0.30850405761315003,0.08100195024723883,-2.387638240386932,-0.6066955984497967
15968,0.33865020968639714,-0.22218390193596668,0.5605924345986452,0.2916418746641306,0.11454482522618611,0.48106952025327837,1.317789930534712
12554,-0.2247958708063135,-0.41081845523381905,1.1217628015580614,0.5150035739492571,0.21723505977384813,-1.0538908798400242,-0.23845265811478739
16958,-0.6243677706818084,-0.661905773999959,0.18779228187775537,-0.175375582102076,-0.7427581172158756,-2.7811369960229575,-0.5096736108760863
17564,-1.0650834914686766,2.069873592434947,0.7953624042682642,-0.6756223540199642,-1.0765414988879172,-0.3455727058212326,1.1771850933587789
21191,-3.2574027564492183,-1.301210912763202,-1.4735790332226046,-0.4867784288713296,1.5275188337227756,0.8763719304010317,0.04255255793985789
16067,0.04503741693032702,-0.3204341881879303,-0.4593790049639338,2.980988166739827,-0.783352990899062,1.0060128424852828,-0.3027766848616003
15421,0.37665722521528094,-0.24940446577607298,0.794749996726193,0.14280872892176394,0.7916663174712925,0.8800516669303396,0.03824184672432492
13171,0.018340050670738246,0.2596926296636496,2.7623314735416846,-5.050723049736772,1.6494331455441298,-1.7041883151410187,-0.9566068606209005
16439,-0.4165507937734221,-0.08206592663684027,-1.0281535817819953,-0.8942073828080436,-0.11329494522895317,-1.6269426673481409,-0.39577386428676525
16645,-0.25726914744104507,-0.3772282531065648,0.18849154913120916,0.15201859534771328,-0.10995292716893114,0.6210481030239925,-0.0010169402127051365
20284,-0.7694243951266491,1.8359788289369696,-0.19710389706207926,-0.25678587776285106,-0.1361300104350368,0.2776093615628782,-0.17837407878662143
3298,-1.0835840526635394,2.121727413828937,1.268632607877484,0.5939020486839369,0.8423552220053977,0.5830724745568819,-0.14670905212261812
17255,-0.18885208129304304,-0.2287321723746096,-3.68764224272487,4.287784138001499,-1.3893633127507847,1.1707945549850793,0.25444225279720134
3289,-0.22006342657342223,-0.6231250921966324,1.340835862670374,-0.8603812849885782,-5.232656697917297,1.8894014958282963,-1.41583359129446
11227,-0.6060758937146619,-0.5021050907174928,1.0274516066452137,-0.6554844638125419,-1.8738925214401625,0.6882903477229635,0.30461371979674906
16598,-0.2218955462525188,-0.8491350867710609,1.2448955228771705,-0.8574780734953291,-3.9602736360305975,2.7155025917544013,-1.6847974689207241
10708,0.22454961979766377,0.30082893016642837,-0.7745960036445174,0.3527402611750402,-0.6562112101933829,-0.7335330111573619,0.3187065294960846
16376,0.309363654657647,-0.6383897569048083,1.0933837688072472,0.6093018265101634,1.3398083271351466,0.6288641923449051,-0.0679155932855149
21738,0.08607232956286215,0.15383882403414545,0.7070880213276328,-0.897385391352805,-1.5137980002582907,-1.5385553569060941,0.09284096356848152
18274,1.654408015600809,-4.371739735683966,-1.5115534930982555,-0.5197778747593716,-0.3235522434870729,-0.306164238358538,0.20622963589217258
12529,2.8387767367536862,0.6020660403640363,0.9140143416943605,0.2538641173220762,0.31735757160220973,-0.01730268359111439,-0.07569767440329132
20920,-0.06178653363138409,-0.6920668266471064,1.4929259113670497,0.5266644012924038,1.6273985591619835,-0.3127418455163561,-0.4549711191067745
15216,0.4350698738113647,0.23182164554215992,-0.5923363491329635,0.2129504528581504,0.830462225519306,-0.4535397497612073,0.41430608356513227
10767,-0.026826553982740718,-0.0573822004508675,-0.545430424806903,0.07756048620531568,0.0268437437082118,-0.2304101595291087,-0.089208227554277
2969,-0.48646773909621327,-0.32453128189413966,-0.5270214883134027,-0.5914442818985578,-1.0408296211552888,-2.109111407893652,-0.055672728614924546
19982,0.55807769548099,-0.12900773453639464,0.22930027741742232,0.08220947138838369,0.4887225777178006,0.032453985674933926,0.08130936756412012
16229,-0.298444552088643,0.4805582823346913,-1.7697925052239358,-1.2419073360271016,-0.8264349176345731,-2.307450341086735,0.060828848202086006
18936,-0.4019081780225666,-0.6626484908421467,-1.506461262002974,3.29237427598107,0.5476665340497744,0.3735239594675849,-0.435436084237352
4246,0.1733780022165284,-0.6590848069096117,1.3724013092576055,0.7476404678866849,0.9075843494153575,0.5363633549996912,-0.1496420636866525
11491,0.6496716077724516,0.030275568827356703,-0.217340047966502,-0.20156587499803097,0.21410003379092715,-0.4957675029366325,0.015970150066982557
22359,2.233102498715721,0.8699815883064487,-0.8034417294864045,0.2629527107221607,-0.34226419436011607,-0.09204661606806347,-0.4578569677297965
20175,0.11361555539364476,1.3118469865138374,-1.0484097347880652,2.325491503862766,10.899787444614304,-4.168379780739233,2.5356581743743023
10435,2.931416626306611,1.0613353011702513,-0.5994330701465992,-0.08753128317768784,-0.19621939662278146,-1.1654864762119572,-0.18663709960194763
19772,-0.021513697305877676,-0.04628845898266958,-1.5433903249841523,2.467327767949597,-1.786525782082026,-0.3259530637991381,-0.2581749985576925
13308,-0.05220879669496945,-0.12634540923805845,-0.46552428618624414,0.1146632337369989,0.4147789257175476,-0.6726239398749366,-0.15234218090652973
21549,0.07515053203981398,-0.2958327927065667,0.17028668054564136,0.2706930147428833,-0.6455764790840137,0.4579050411604499,-0.10031944874569047
17529,2.6173407121203054,1.3836498258501115,-0.9249806718588682,-0.24612546389554266,0.7163689703411491,-1.2009518878082455,0.04943825499797434
13122,-0.13689021047676173,-0.17031420529225,-2.3295210842146723,-1.4337114490693201,0.06094231653082947,0.34161270630477486,-0.20872059346202035
11666,-1.595108988332351,2.352047576827358,-0.013422077214688716,-0.44687479497815824,-0.22387839261305278,-0.09776323176143387,-0.2527120851753875
21916,-0.34693016360387513,-0.46021115490316217,-0.012720359541425046,0.03523971666675212,-0.6817378732488585,-2.6082856539055803,-0.4713019640829122
10712,-0.27285233439934703,-0.4882484128058681,-0.4694416522375357,1.2676016089750723,0.024025364240527373,0.05048748009279154,-0.06117365079664222
13185,-0.27678513301988494,-0.23607546445675198,0.6835158787872974,0.620181624411318,-0.3418234799941617,0.002172783673819242,0.10213316243618628
17737,-0.7034696352885704,2.109849997397173,-0.7147388472796279,-0.6671763916224238,-0.16512641312431794,-0.09616801197985805,8.911118803652352
2339,-1.0256831681667953,2.6808937800009174,0.33133496608182,0.2074320978338719,0.18187452518591793,0.0034678739233944596,0.2920857464315083
11635,0.14535396094308473,-0.25266990324457406,0.007294570983481918,0.4838469848777534,1.4971376088063781,0.4086001224790279,-0.0402980022199343
10934,-0.2326520382591564,1.9509125541545058,-0.5104693545917093,0.2873925577535747,0.964910050930888,-0.4860096488933934,-0.49629965992620656
17671,-0.05377087342903444,-0.2279791434735401,1.019397486169286,-0.13345570510868726,0.11255962081458054,-0.05017856131809077,0.06951454965295846
4298,-0.10918028530457187,-0.7607019251510417,1.2023906692969113,0.4201440210201855,0.3181306486916152,0.505284719475086,-0.08023468248093228
20651,0.053785041332727705,-0.7324925385097965,1.5481295116032519,0.976590361804056,0.4359721066279343,0.6927795354644795,-0.2069213322990278
18553,4.559012368478768,1.6679383607001346,-0.6862240815187343,-0.43098980242995033,-0.03873035544629143,-0.6992157041629009,-0.032552818644499965
15769,0.30356248793682095,-0.3353044219182985,0.278762086757712,0.0414191576271326,-0.09346919219097237,0.6672774306728155,0.37079790034066334
10511,-0.03524165187262039,-0.09590114146344361,-0.5597496643679466,-1.2103451580382445,-0.3114120963498201,0.8281346916661361,0.22702766604216496
11495,0.07869141078184413,-0.11572537628583257,0.30209974949255386,-0.1329420805147249,0.26304243530141974,1.7178023230867807,0.4317031505666455
19485,-0.12129216821920175,-0.5716563770750578,1.1473309772507956,0.6213124560763543,0.6805896945866023,0.3892719672109187,-0.4927199711805839
14784,1.7870927283413303,-4.615217468798765,0.0007247341580898195,0.42631622502273453,-0.8073016361250398,-0.3320359596096287,0.2847644123437902
2744,-0.7410272766431658,-0.9446296945833226,-1.7560814101799918,-0.5151949806991101,0.1688595357165024,1.4149523672098356,-0.1632830289470121
12061,-0.2933190900414267,-0.573540243257004,0.7428687943048853,0.4385247480861945,1.1595939998217146,0.29105449646607257,-0.25510818439059824
2725,-0.283074924307169,-0.23220871812411048,0.2214924180301464,-0.1335395452448815,-1.2114024096098912,-0.4696765420474329,-0.24225012667870077
3592,3.6235455057423915,1.11858031880722,0.28710457051127375,-0.10553711685381696,-0.5770668415964177,-0.03259331613221466,0.05450319697856103
17795,-0.37955630706243776,-0.5826492979074342,0.8519619852978543,0.14448492963055107,-0.12154226713177416,-0.7646054879071188,-0.2653538245685011
18666,-0.48353137172244914,-0.7529824942921283,0.6401945249117075,-0.013033348690835687,-0.839554726178968,-2.6335980533978836,-0.6431983258819716
16602,-0.23262647050956103,-0.3054258449577189,-0.33805674140285086,-0.737456315079058,0.7208520658686007,2.5481692178952464,-0.033675046767603634
13539,2.651624030722915,0.6639257495080428,0.4692874297046969,0.6708909223320924,0.407315353513704,-0.5372161721129186,0.034840139201080284
12063,-0.17269444544123527,-0.4681305109773687,1.044303172803431,-0.7909314579584498,-3.0366097259469043,1.7694584638779507,-0.3417974640465218
10316,-2.2554103922646664,5.62651875719147,2.23569406433754,1.6925487986788055,0.19399527099703945,-0.1630653008789262,-0.5307534077179682
10537,-0.07122531297342613,-0.26038468858798924,0.6640050674529557,0.13164118571856662,0.13379926678053472,0.6229239068971477,0.2183116283663906
3684,0.10338865084116833,-0.3731526477727229,0.2926224195453734,0.46494619557904565,0.8288022148423811,0.007387110976013272,0.14267332999291793
15763,0.14621080102667505,-0.098233431399546,0.5543701193118215,0.6272979507865695,0.9995575839116242,-0.030227043702789853,0.24788631849241244
12566,-0.2482396742578327,-0.6988747769457813,0.14134183662706626,0.06603117335984673,0.7147490888519895,0.5443358367795109,0.1918151163770945
20805,-0.19182227069424004,-0.4197050030818424,0.9912312006671347,-0.6258251040596222,-2.8197560588917003,1.8197342277992812,-0.6500329921628619
17890,-0.0024231984550615753,-0.04978406819155631,-0.20894338210723207,0.5707608762514697,0.02280155116872648,-0.3057919824436388,0.09752611870633827
19346,0.3610270809418015,-0.08938341572541245,-0.07301816814087368,0.32730652557370904,0.2729983447881949,-0.2906620232195121,-0.3526014650558683
10114,-0.43450980311254844,-0.08397782836709364,0.4223212635694699,0.40536784741746235,0.27143778948295216,-1.2937342441163802,-0.18042137559233587
12136,-0.018531559948123513,-0.5385506728297533,0.5238789609988735,0.3810483897945141,2.0614380730652337,0.8416499578726229,-0.612518215040704
10680,-0.17509548763177551,-0.33689333501801105,0.42559850692203083,-0.2165860693958113,-1.07474285980674,0.5578049057585265,-0.06531300749901833
15263,2.0464769391667765,0.7245097567080023,-0.4526368906869664,-0.7516543667570487,-0.8704805460735116,0.43840612761354447,0.12629307495784473
17111,-0.4663321771336298,-0.12303185029106563,-0.5965586571095322,-0.8469681191360371,-0.15754686581858957,0.40390361989212853,-0.06940362295499877
18478,0.033800896287039035,0.025405074386068933,-0.03874876956771133,0.15922544504449843,0.7051545921262432,-0.4532791548727513,2.4195342021044097
17037,-0.46099401333665585,-0.3484399308682642,0.8262216057568395,-0.19707794193993997,-1.3506824128201587,0.5297145005843816,0.00521688668602268
10374,0.3010147248258214,-0.20493982130998678,0.017224160930752293,-0.027213711754117027,0.7893061620426481,0.36178850826823317,0.18096995996141607
12605,0.40072170701823917,-0.1839409013725871,-0.6225183829618658,0.19391827839778555,0.746879459047721,-0.987932350541586,-0.2845679418415846
17274,-0.22095841055043788,-0.5315980025605174,0.4288400214093433,-0.20795125905374276,-0.9303616258150621,-0.7223599317904172,-0.2838185651521893
15855,0.035186313951551924,-0.0878784901792211,0.7655999782487519,0.6370686132505603,1.46103193503608,-0.3206746482042706,-0.26704436100899287
17175,0.21380386027009557,-0.48495934578945843,0.7935021306831761,0.23116518728447938,0.5727998334999985,0.9480043414584668,0.17539830500828854
20140,0.12329537931022515,-0.15105253302693727,0.6720482827135775,0.3207040014929332,-1.0574459300903922,-0.2068619617912407,0.4573728460357014
18667,-0.6781965194792511,1.8393960423631255,-0.34692960068041195,-0.1992257804610995,0.375969175264183,0.10066741795319128,-0.6247741299377757
10595,2.3191026768758674,0.7646486869874415,0.316957138495788,-0.21707927871488816,-0.29415431027223843,0.04122476226481381,0.30815603748884035
21302,-0.38138400859603466,-0.48301063267853733,-0.6941233603951245,-0.7492311728022764,-0.6521413983133,-0.503367385782206,0.285537531438913
13643,-0.013765329501748342,-0.09252795787424764,-0.5244717850513596,-0.3576256483595883,0.08662767670904356,0.6052714071210917,0.28480821586651756
15366,-0.36635468420976486,-0.2724022455324054,0.6660498978598193,0.37177655966733886,-0.6313188389573058,-0.9551397951948355,-0.38979840126589727
16588,0.08692195636855017,-0.2658125871003589,0.9143736658143277,0.3844622847405035,-0.266205766631897,0.021284779235085094,0.20797017077956065
2365,-0.7304135002314884,0.6634901944372813,-0.4648915435238674,0.22428188463944504,-0.3080841403810937,0.1182999366376408,0.21877572153857344
17972,0.04602783920384065,-0.1990423703151756,1.2143499738627905,0.187504386760169,-1.1972995740279564,1.3916715123992327,-0.9842522235599948
13249,-0.015662081239978063,0.3356751656255262,-1.8377446094451118,-0.7629191694911689,0.8209244037735902,-0.5255860074974557,-0.07430228882019636
18182,-0.7641082694342742,-0.7388194995554157,-0.017889764867101747,-0.466654073155228,-2.1210433753045015,-3.719526758114093,-0.5912501086534988
15969,0.22887330636735387,0.01378093223337356,-0.3955140966403554,0.19325214590257092,0.3688115673972205,-0.7293519799830039,-0.0521678104713916
16991,-0.06318169030734484,-0.13810761574255892,-0.007640663715893051,0.29181931781555837,-0.7611193320256715,0.3234571159086636,0.3287454919081344
12298,0.33805048052313796,-0.21678882221942336,0.8930763170770779,0.7603045300568654,0.5568131349175425,0.32528993463531497,0.17405179807658608
3784,-0.5166389309502591,0.06031939336856806,-0.9718037880102027,-1.1864269288206295,-1.0250852990582724,-0.906978308634218,0.26531253447728
18093,0.02404804023883973,-0.48089585825572484,0.7080006847100592,0.9575100829057606,0.9203999532582641,0.5484965609551796,0.19153046277321406
21460,3.758296707182811,-11.504359979479018,1.9762549822383626,1.9759794503450967,2.3615599994059453,1.6082634157194882,-1.1355707949822778
9972,-0.48419879678277866,-0.6637352165532965,0.35260185593186044,0.23348360989076936,-0.9286123210011439,-2.874001191367681,-0.34459985733788
2074,0.016301106337168903,-0.49671433630081235,1.3149753557410766,0.16530224846542113,-3.1940766840431145,1.124821234559781,-1.1990758359234193
10301,-1.6649700820217217,3.2436202176988056,-0.21252695488014237,-0.19572984089651604,0.1507673676081568,-0.0673264398953918,-0.06240420613307941
4215,-0.24870145803513002,-0.5122899044546808,-0.24374552027734142,-1.020063644121246,-0.36287330728945205,1.1063069529100777,-0.10706372825458625
15562,0.5602771741509698,-0.36066948259014353,0.8272063825511387,0.11404004290462137,-0.14104591506986183,-0.7106786972293955,0.03738489380283871
18436,-0.15667521857391414,0.15531801306851592,-1.0186763329720876,0.5608256655407927,0.27603941309663665,-0.11362169467707059,0.18082316271110874
15187,0.26270639894294195,-0.337861437740657,-0.4658881966863726,-2.2516417138099127,-0.2688515005624722,0.8453705014098961,-0.9229141423441375
17641,-0.28721213436721466,-0.3520244140756602,-0.7332976584318505,-0.41071827829709395,-0.5727726976136138,-0.22814312770114892,-0.27394548236734806
20122,-0.03088694846500577,-0.9411228294329882,1.2357660119221048,0.8028131810905781,1.5396262231430367,1.333039820634819,-0.6837526322643326
14805,-1.0138193833396767,1.786818308576261,-0.2932795760449443,-0.10054821868702897,0.29635087401414917,-0.0824897995113939,0.378801352484271
20012,0.23711278942137282,-0.27749467449950094,0.19565172165677622,0.8969443661489347,0.8378787549965517,0.27798170144230777,-0.18556403845447272
10723,0.852259881998833,-0.13053444631005381,0.19002801254114796,0.15878174066520098,-1.2011951777606005,0.2665630042245944,-0.1176993066303626
15352,-1.8110567574541705,3.6835714365608236,0.15419915769342002,-0.10117614577144332,-0.38094536024369646,0.23207724299195692,-0.010750065442548867
13396,-0.04496975737791944,0.31819782748292763,-0.9665577257831922,0.4214717561101979,1.6035742123957069,-0.05349537212828187,-0.015641092494223664
10491,-0.33230091882246693,-0.37123288628376666,-1.436819724132664,-1.8396343856182258,0.49243292769130603,1.0865166400310124,0.14616651448763268
10191,-0.23734027467054272,-0.5658282934130188,-2.036244016006313,-1.8160326445438921,1.0215099109181012,0.18233010077599618,-0.3775222751765608
17358,-0.026287930646790428,-0.11859348471349371,-1.0927636381885435,-0.9865870741130846,1.4091235592381175,-0.054685074526199445,0.5734393615561364
13091,0.14928004459195995,0.169938373691874,-1.80142877221326,-0.31704194440669475,0.3707480282163413,-1.0550673597061622,-0.06493667319352307
20217,-0.13601106388454523,-0.00035107029139628474,0.21210655484785595,0.34396492614404006,0.35548260747300053,-0.26653286155269107,-0.04280725148303281
16573,-0.03125359799544498,-0.37099456343086545,1.0340345623388427,0.7135028284295563,0.07591993609344698,0.4449565103305826,0.4467783859697793
15550,1.6192133563020892,-4.399447548203657,-0.8754526215547902,-0.7941667810117466,-1.0988729756336018,-0.09756617706136683,0.32041315044704277
3315,-0.5785778971062117,-0.602760859773029,0.6203694563901433,-0.4595355476755059,-1.4403860099600403,-1.7764155140268307,-0.27270218046726963
16076,0.5827832822619364,0.1603180291001945,-0.46034398674705007,-0.2166127199884513,0.9620160076131484,0.5079375309110414,-0.6896297163414493
20328,-0.04359818366133178,-0.12782758667392308,0.38189476878901785,-0.03716322747994231,0.7217815378312753,-0.2639955078605112,0.5636292722969918
16236,-0.32769800101044366,-0.2964683671312808,-0.38959039248437727,-0.4011062042688996,-0.5212930554967397,-0.021046043599883383,-0.4299866887105776
12448,-0.2988058498670923,-0.7633030912767972,1.483306295261837,-0.6887773551533761,-4.667583862645329,2.7021228031988076,-1.1637826025793565
18542,0.3161577677605562,-0.36951408959062393,0.9562772130108411,0.30321597758608915,0.6720711775862209,0.66674054903922,0.3539987523354521
13276,0.17320932347284293,-0.037206111424977685,-1.0721214256391545,-0.21775882764775942,1.3826557889480904,-0.2721028961081354,0.0805765493247977
19579,-0.2571234163525172,0.6132892791248651,1.389710237491676,0.18656724434385413,0.0870494149262759,-0.16513580633547,-0.40103238225734117
19608,0.11384534735819501,-0.6940362258626354,1.1512517298607665,-0.0830443138633119,-0.0639745914743499,1.3215082151727189,-0.38349387305524835
12476,0.10503572397768195,-0.2538433213590205,0.11105738218805256,0.3851825009807144,0.9442036488621479,0.4485562794518868,-0.03139819416159711
12958,-0.28618132879178215,-0.5735857321435124,0.9530596782380316,-0.48382077376309046,-4.101136695806587,1.6430786913707793,-1.370381604388323
12507,-0.26504216490946353,-0.32593567211799696,-3.6775554412968656,4.456003071651494,-1.071993540689622,1.2968945972059551,0.43828048237280626
22114,-0.46858832337394934,2.1997023279233554,0.2614367399972264,0.3915576156499167,0.25389648399979525,-0.9680087080352654,-0.28707531092138805
21405,-0.8980440165197063,0.7816662535857463,0.4120815161938098,-1.131550926534219,-0.717150105457803,2.4676597543974736,0.1436009803074708
3350,0.06680681510541707,-0.15703866800719005,-0.030700909868257294,0.34180070439429977,-0.10759618587142439,-0.3529964540452217,0.26304084009489315
21216,-0.26205459041210166,-0.443942636316623,-0.6947261527706564,0.07058831204073385,0.5186302592971843,1.6836054631273452,-0.042412939416166515
10703,-0.4025166208976017,-0.8246258735250348,0.6140339870225529,0.16995109505324474,-0.13634244645969978,0.17521741836493457,-0.3966372606372433
11742,-0.28484977785767385,-0.47969299512070956,-2.2877090248926266,2.6423114387357236,0.16326146015870852,0.43495738239722354,-0.14444647244341519
10674,0.07020641492088016,0.12915968154597965,-0.7719839639061052,-0.1896694861846117,0.015810775244233095,-0.3034646730365566,-0.08061643839747187
13076,0.10766087746182675,-0.12554301865265347,0.28866883320999687,0.258996903061489,-0.25073846869326344,-0.6709468934607823,0.5022459789296755
12213,0.20577495180528518,-0.35205413762330034,1.3687519536172674,0.3300464340151181,0.5355186598605027,-0.18345687907069705,0.07352265459485478
14894,-0.2601186834976408,-0.7555250018742723,-1.0566888615988232,-0.43405745100950427,-0.17486853785186413,1.438943436106595,-0.27103841691270797
15072,-0.35435676229565904,-0.44102322674601807,-2.294823790920731,2.544103085068991,-4.387489720517117,2.40801217911813,-0.2859755041419084
12170,0.17261517550435024,-0.9520886255166435,-0.4537855987884022,-0.3609538293235877,-0.47086512895691146,-0.1819705055834565,-0.09944182263480007
19520,0.35693889526626515,-0.11193867448161514,0.5198608537471067,0.6757474925246936,0.8104861269015416,-0.2546544704043827,0.34527302802912346
15437,-0.45620807002561514,0.8623130329419579,-1.1569631425988698,-0.5392646513674638,0.4289790590543085,-0.3798790426933028,-0.4906545869786531
12029,-0.24545531075955243,-0.02655641333171523,-0.6773746654036176,-0.9138215520178001,0.014322249473894263,1.2808907814611785,0.1003376642564962
11645,-0.3113362529033365,-0.6217250851894581,0.08121027043776781,-0.8281984250564889,-0.386168062624026,1.374587732989532,0.7403944023435771
1952,-0.38525049521367477,-0.4548501941074934,-0.048478975034975086,-0.4297294459532786,-0.8192682769722287,-0.7235764173998974,-0.1635758540474469
15767,0.18827053467648144,0.07925039214966753,-1.8188837421773352,-1.3037969394564897,0.6710949344875543,0.607991023097145,0.04579543356323432
1831,0.05227894051565058,0.393288722532262,-1.539967169641007,0.14155198985459042,-0.75228211585513,-0.3828114228234446,0.45334523035577673
2488,-0.6679599014971686,-0.834102718517708,0.363279006944,-0.28093410080771136,-1.710964029869382,-3.5433559200288913,-0.6370559722014371
10691,-5.066746335414302,-2.226874653353508,-1.6986874273959602,-0.7785698484305937,0.6867588550530633,1.2415530928880534,0.36586795882631923
11140,-0.09541978234648184,-0.35636281527407726,0.20221671398043106,-0.630271456120774,0.17366352721220193,0.7426163369912306,-0.07686585316121385
12804,-0.7251471058292845,1.824385339265233,-0.3655622945731406,-0.12106910366683402,0.7648275045531672,0.24186348020286233,-0.004654571529447257
12854,-0.5419219026029086,-0.44622864572237786,1.705456940095708,0.6681442267198041,-1.2929399862334585,-0.5790853551780945,0.44383887693924995
12952,0.042106690528523026,-0.04217983561538712,0.49914581433525,-0.08666242153953267,-1.159434715228981,-0.5849754501775244,0.28036522744222453
1319,-0.29592336768920413,-0.5582644954818163,0.8913196094291886,-0.8977809967805792,-5.166855624817557,2.71314125267946,-1.1769614614985562
16246,-0.341977777882749,-0.2689677236033466,-1.075159658591861,0.04309267221131048,-0.6498115405326065,-2.5213789179118753,-0.46147286374750324
13399,0.00909861757834972,-0.2054093496904818,0.20658991490396605,0.3883651321639557,0.2853815648337547,-1.492750273741198,0.1394324203094803
16665,0.1431267286269533,-0.11611204395615977,-1.0536787247915387,-1.2975793087491119,0.446536578859312,0.5753564752318209,-0.44652478625199893
16728,-0.5004251925887252,-0.537634988155389,0.2938004328224976,-0.42089194902803934,-0.33231961843896957,0.5931230463470434,-0.3222897311521052
12985,0.1833220568421628,-0.48015090757223555,0.9755869283479363,0.6032972912872211,0.939580713195398,0.14916682444809146,0.11659041735366861
12524,-0.562820113513947,1.8903464927932603,0.3291337037152892,0.4462009697525423,0.8041734505127188,-0.08584579063623778,0.1631088477998519
22569,0.13230742521921687,0.048867304356893786,-0.5836923928330022,0.5475060685439083,1.108455984721777,-0.6387225676509152,0.020811246329732924
12821,0.38448761475025234,-0.26822713999031056,0.1891265491507612,0.3347018221349858,0.21945861887995166,0.868793400167452,0.09945562058664116
21931,0.189616819366395,-0.10790741659696892,0.3827758119349516,0.3162363313889037,-0.08985773001897797,0.8410823830064358,0.5564683269277559
10221,-1.3000876513798616,2.640461804312185,-0.46267064860463114,-0.15135441066663446,0.11354932765973358,-0.057841838402880194,-0.29093523566610385
15243,-0.03624309646103421,-0.08914687834338605,-1.3033781110606857,-0.6732521707749819,0.8096022556878494,0.44373888537356426,0.028520805443886292
16482,1.7674104190860576,-3.1105205372471434,-0.6714557741484176,-0.23336129869193703,0.6773986971036579,-0.47658985599189974,0.028588703886206164
10717,-3.7168512478898115,-1.7040627602656013,0.3530203891394245,0.7752004760190532,0.9220818997523068,-0.33972731188490474,0.1607583752167967
3192,-0.3673900234277173,-0.4076262099734995,0.7427813633716125,-0.09762630493935723,-1.5444759851379903,-2.8821143818153967,-0.21643801181430736
13129,0.06466285613390602,-0.11755556216935886,0.4011995156545772,0.6295731819106376,0.032108682181321166,0.5195304059293203,0.10852161618224243
3771,-0.07761586568198076,-0.2778173663126401,2.6946363874808967,-4.8599963002977145,0.7062852897319751,-0.9295435194073143,-0.5513991985843189
17119,0.09272559575768331,-0.03892119254671828,-0.7146651965571734,-1.069675322307156,0.7343587997401202,0.8143947414308539,0.21986261910654945
20872,0.39265422816243606,-0.47179563829439863,-0.22939558419322645,1.2119430875425594,1.0266046695904711,0.5652401246646528,0.07285806593885208
20981,-0.028787487413276216,-0.40489211353561644,-1.3165876607100302,-1.5310750419261503,-1.255729986780623,0.6779381338179209,0.13771317518747195
3150,-0.3296315514405757,-0.12778124679850608,1.5187755251319248,-1.9898921942545456,-0.5418614000071559,-0.9223344235732238,-0.6759891730840543
20380,-0.12622651069138824,-0.9156519660676979,1.4246647435244886,0.6961928414055578,1.260637618669366,1.0478725405983262,-0.44418903540685944
1409,2.515827319131326,0.9496009431291942,-0.2608668038703858,0.3911796173281161,-0.420633413329213,-0.7542060556790363,0.021880402728539465
13312,-1.0184259513762328,0.257093086243037,1.2008082700513742,0.4888109812688368,0.5235092852878603,0.5069511147864845,0.0003371708612463592
22058,0.07616623965297974,4.473965948418571,-2.2390057467092443,-1.3890861985384084,-1.8152652352780203,-2.2350609003299864,0.3029478174289883
11166,-3.9062318644477836,-1.6619102295613064,-1.2736504921291891,-0.2726885614194685,1.5239773678385742,1.2713629133124766,0.8568284733968796
16815,0.3961867513309019,-0.33672390539611485,-0.01194593031019025,-0.19603550874788492,0.7208024309343651,-0.28344612515806683,-0.5275852730242026
20841,0.49595178731368744,0.21994399851370014,-0.7930307941135822,-0.9782895438247277,-0.8425567405819708,-0.47491924667509666,0.08520692413339842
10307,2.0678668941100367,-4.3614326166116815,-0.875976504366175,-0.35493065439270566,-0.16665927014131177,0.1704999024393493,1.025443203195917
15261,-0.132821812869313,-0.020557582474492433,-0.49717979281741825,0.4092328314026268,-0.22136978399449347,-0.22338553465215577,-0.1516229187869704
17143,-0.6271773677292033,-0.7625031117055011,-0.5294504248815436,-0.43179433348815077,-2.356155129702038,-2.8467839489430564,-0.7538777557187237
15195,2.4760210205499837,1.5639681351497114,0.8380717376749371,0.4319342080513098,0.5063606495790566,-1.0511513373181032,-0.19677361747172828
11170,0.06215782661284957,-0.24102591434369022,-1.3171604921257227,-0.2651291825239648,1.005002136798214,-1.4395090690404215,0.6796584595950941
14846,-0.4729520370056392,0.06396823496304485,-0.7781171599908856,-1.354337653644863,-2.0401927901246824,0.3636083499220843,0.5399022812913737
12842,-0.1593173320317487,0.11116673249710324,-0.5681012606857345,-0.6654478566220701,0.3516080199787272,-1.9376493395174605,-0.559002793731594
16367,-0.7344015935322826,1.5637602914188058,0.8329467039602431,0.6235973027813141,0.08078702332905816,1.0060151751582576,0.4928612635612226
2189,0.27885860008284796,0.0074789294622589,-2.149760411731928,3.054724342815926,-0.15514497643058514,0.11548568589864167,0.312102779675552
1549,-0.29796374399178654,-0.37735348523761586,-2.7604461270171403,0.15863090533247798,0.04974387313404728,0.08107530474211638,-0.6565368974351709
21868,-0.23305738655043493,0.024006945873155536,-0.2772489509672872,-0.19202762345371133,-0.5804730315970013,0.2993655001121367,-0.3919346928981877
12859,1.8890227360120406,0.12123469802771294,0.9712713767575469,-0.053906010415113274,-0.6354773784539793,1.2470496010421024,-0.18764022787189186
22415,3.158505254897652,0.5265062879879243,0.6658444625017905,1.0983101487244231,-0.1765483948850096,0.8016189694535949,-0.4780259097645779
1304,0.007631206180738406,-0.2214657836332105,0.5425095642385664,-0.07690441502898869,-0.2348615814686895,0.5798986600405113,-0.11164650254437382
11971,-0.15378400332843986,-0.6248720596818629,0.9527328013730088,0.7092503424377804,0.7407047396518598,0.7532069112118586,-0.3962711238902429
18138,0.1780078597446827,0.16076933823680475,0.5729222836151735,0.14069885714305583,-1.0949997473149211,-1.2385042354964935,-0.12551992829909095
12346,-0.46353069030676625,-0.1475056411616037,0.08854226891193194,-1.4382317323321443,-2.726102870237602,0.7199195279801638,0.14546425617320827
19252,0.19526471068921847,-0.37769706167833816,0.8732726209275328,0.37557244188250505,0.9801436376564192,0.4359333298749731,1.1399442277997622
12520,-0.6071938553561117,-0.5384407115666271,-1.9338238608008957,-2.087476367590927,-0.2669208112160193,0.44704491690726517,-0.09129101908915913
20541,1.259058928172947,0.439389229410193,0.022981049575308485,0.004365675546699525,0.2015884354390742,-0.15433617032697827,0.2626198383250593
19557,-0.11606839657417496,-0.8170194684229545,1.587736880939295,0.5627572835477076,-0.8425107544430941,1.1572235274126836,0.281670448902824
13042,-0.31902621676471354,-0.37068904313215806,-0.07174619482549556,0.26200463381676004,0.768474566936544,0.07144333403016383,0.5700877238556596
19033,0.18208687335121235,0.017451571695737012,0.5671365255742917,0.4073261730092544,-0.12597863377805735,-0.1665695004223036,0.08561114034510287
13146,0.11943970722255695,-0.24570297732416244,0.007107664942180363,-0.07851311041794702,0.20792507598269294,0.32378806719146,0.09730379185959577
16084,0.21742607359210775,0.07769616724288078,-0.6122688825726773,0.21285430665394056,-0.313162549570719,-1.1188557746890393,0.32717505893449006
18848,0.07508627633407941,-0.700407441884631,0.9824810859336474,0.3413701413374563,1.2657088210499616,0.39165079165343486,-0.01232697759133179
15385,-0.014404810169065746,-0.2770555374243795,-1.2381643433096894,-1.2409348416012282,0.7416084888420984,0.16088817734681407,-0.12863496792427095
20469,0.06620189371180019,-0.4094408459145446,0.0808278726493253,-0.1063478365654098,0.7464713118603183,0.19595324664156596,0.05613313019399017
20130,2.5822004411367256,0.9238662515101668,-1.0704685350934118,-0.015115139350372425,-0.11854793958191706,-0.944578121791804,-0.010259691600859858
19632,-0.2990181285234433,-0.24577742775811998,-1.0887122075160196,-1.0444329955669094,-0.4065700166332858,-0.310695736044743,0.00017868228554387608
20038,3.942836138759737,1.3205265891848879,-0.13381433182196514,-0.49772961414750144,-0.90293596445483,-0.21164694020499086,-0.19452400939973252
18177,0.24145090477340475,-0.5431985330995498,1.311387349826365,0.6748845098708387,0.40532567497330346,0.18494986443694128,0.02596371603283915
11828,-0.1976355609799681,-0.1297329306526481,0.11055113408096175,-0.1454010423805838,1.565721139944748,-0.40905923934486244,0.3827585567783573
17523,-0.013968340311859903,1.1838146985806481,1.428873543558518,2.2907049909624493,-0.5375732518750103,-2.3126921219902883,0.028111930877791347
14099,-0.9237233242022943,1.7369261035096202,-0.10040766141713574,-0.018810521506091617,-0.6716695777734044,0.1902309732373568,0.17416482241850284
10746,-0.7423910067357479,-0.399607875061808,-1.740134288628392,-1.9600089131512854,0.009982928627362117,-0.1982772045646492,-0.3262505310240177
2552,2.7606144779052872,0.7935236429867261,-0.13553357429748553,0.1896923784956974,0.11742381939829152,0.48248536614093906,0.1795160434159434
13418,0.0510953659453737,-0.21856556292309126,-0.4048331378198332,0.6282896191499585,1.1610571070362599,-1.1337420739776876,-0.4043978489452421
17284,0.024462017698229848,-0.3519509659319158,0.744202665008614,0.3116694659990785,0.6886273556335482,-0.07202978622811473,-0.16931051138926223
16779,-0.2691399445889466,-0.24237071747420894,-0.2519566357029781,-0.016052521416561466,-0.9949356768529952,0.007925984750750494,-0.027759877457560797
18526,-0.1985996070742582,-0.2516259583735894,-1.2536858446566401,-0.33585396320389016,0.8790700855069233,-1.988207544524807,0.8218713566842472
1485,0.29427119850096217,0.16845271439597784,-0.6997304554673222,-0.03895976116461746,-0.08459763378159517,-0.4231085782622857,0.5977832062536188
12823,0.05769159352723577,-0.5919593073638567,0.19069072831000367,-0.3143100537708112,1.4819051687693308,0.5036573428017068,-0.22304290630607754
4259,-0.17180114529292004,1.8413248591699627,-0.9711107710151207,-0.8198398904166175,0.6230965324459145,1.324962510596683,-0.8450783371462784
11016,0.11608871101581966,-0.013806596122284352,0.28927490338159023,0.24116925683402043,-0.2655209707809605,-0.37301547787367023,0.04409388875717868
19121,-0.14592067451375249,-0.7407587196772878,1.1382904999260146,0.3116138403632691,1.0570559686469936,0.741261619005181,-0.1835729057017024
17332,0.02902869199841305,-0.4470688233978255,0.4889866423999748,0.4432787131356145,0.943364555277419,0.5349626580605817,-0.012233861940137874
5791,-0.6507144000161234,0.8672929750088826,0.3485099244484133,-0.553126649077753,-0.159197739465801,-0.12818911178842582,-0.20880617195637338
3826,-0.2450023294330122,-0.5352779394227251,0.7094976296276969,0.1343055912812726,0.21695255213040215,0.9689908342797171,-0.3424679045599383
16768,-1.0612752832151602,1.6936112546063196,0.2425631520445599,0.49891388723476543,0.935705298356112,0.2748035720781432,-0.104269987078541
21876,0.38352246071093216,0.2434206261116993,-0.741363793690615,0.3949072376767821,1.1862579929007038,-0.8576229245128747,0.21722428780767897
3922,-0.8338721090340356,1.4606608107456505,1.8504298698454351,0.14064034651182225,-2.4002196319959164,-0.20269450436581427,0.12945363744989302
10848,-0.20211438213047622,-0.43363663918168305,0.7357038067710964,-0.34863862706581444,0.38775240259268184,1.14296808044335,-0.4120675796482246
22145,-0.3702756339151127,-0.13988268553747757,0.00040201105938913795,0.3530970359391124,-0.6816071968701116,1.1503531974711516,0.4033610244424035
18727,0.18762101106246723,-0.058385454639442225,0.4302587360548785,0.311637825980525,-0.290846087647555,0.1726890202668273,0.258176426629413
17751,-0.6268379830419077,-0.7667108255148521,0.4568507345346475,-1.9716439262751297,-1.545718235161995,0.5797522035449212,0.07471388002856902
12293,-0.286746419244417,-0.40963756372258375,-0.1613315331320358,-0.19864311219781627,-0.1265196623852319,0.24362340776984825,-0.14246605644966756
18770,0.3448050287913575,-0.28511358630471106,1.65950234389491,1.3072685284689682,-0.7922903490163529,-1.3134701987808726,-0.5167910462742653
20152,-0.24299687737895123,-0.60604274854384,0.021435644496275465,0.18261003959937921,0.7862247895633867,1.1527348286480243,-0.541761990175089
20112,3.5562300215317557,1.7398448482234465,-0.5059954612103539,-0.3798186669810566,-0.00159721652135229,-0.2613883175501603,3.025768485574603
12328,-0.10334321296984682,0.01571327886041524,-0.3159899554436161,-0.9598509168947805,-1.15003940596888,0.028855983411916974,2.063025397473217
15289,-0.2479743618525481,-0.6244299425115882,1.7063964163089436,-0.27827776834091883,-2.0086278098861317,1.1876750547076036,-0.2816571130366067
19709,-0.6538194804919195,1.9505811305013243,-0.6849089478006362,0.08862465583816122,0.17912250288261033,0.011385799715586757,-0.0832315821366583
21913,-0.1476697311576579,-0.37712264813748925,0.19728138120803693,0.5791044102319123,0.02040223940242877,0.10828643241144417,0.14758820290609212
13321,-0.5373838890930949,1.425467878312122,-0.3879152389287056,1.3912659198107735,2.142307809227097,-0.275206351368093,-0.5101315349201819
21340,-0.4944305726195694,0.4558964001116119,-0.2445181517075687,-0.06604608528995236,-0.4988684049645019,-0.28597979729248113,0.16969923624204789
20091,0.0656599512630112,-0.10519446671938622,0.48845626358547545,-0.3970471230908964,-0.19364525360274973,0.3141667404137726,-0.4750238151255952
17018,0.1076780818139876,0.0644510116477685,0.08002068435705438,0.0320859967534104,0.18500635888770234,-1.1498551100605174,-0.3858299833991174
19353,1.3195723255388543,0.27572570050660006,-0.9257948832269477,0.0835763822595194,-0.07119583659462805,0.621721782964983,0.06784646233577375
20370,0.07076889091674571,0.24941964133994765,-0.3550300768942233,-0.2725970800015382,2.09444098460981,-0.5629013105101952,0.9338805792062927
12047,-0.21015063854265584,-0.25744837217701955,-1.3606482991954996,-1.1802680078052405,-0.5343222723052875,-0.6506537735179866,-0.2410997399883676
1757,-1.0770333419926816,1.5812598916275862,0.452163482796572,-0.10742759102295966,-0.021554371978526235,-0.32184812841591015,-0.035652125225515655
13532,-0.031674149245942966,-0.34463560762394607,0.6101760213314511,1.0819252294628965,0.9781945143727444,-0.15107945397005232,1.4018184860918967
20756,-0.3551274306168761,2.70592270992911,9.303537090406776,-12.33341816429052,5.393137648877458,-3.4482727059601848,-1.6371434361523298
17712,-0.3926369423741442,0.5514705038391442,1.1847840380061847,1.3975637572336994,-0.17473828200927777,-1.4808680288316385,0.0038964568298070178
1356,0.1464310650805861,-0.690033038381713,0.9692108261407449,1.4310521213749907,0.5018100509043699,1.239223625436794,-0.17004234595566317
13090,-1.1932937551969989,1.581348641561366,0.7257723657735997,-0.18407077683522755,-0.3344008060502941,0.08437131409234204,-0.040464089668242706
20851,-0.046778023070430344,-0.025521707417893856,-0.6432346229969615,0.029634200610233714,-0.22435309015161653,-0.14966793800834974,0.0520046503295328
21906,0.3424227344036636,-0.021031766131153328,1.1468554696954723,1.4654820413557383,0.833892758578195,-0.9704755125986291,0.20060601672641687
15268,-0.06122962202225716,-0.49859543670113565,0.44628357987029205,0.03532516216781142,1.591307323368681,0.7646484258381083,-0.26253646528586805
14841,2.6893569896664453,0.7778164532286456,0.41338688326023393,0.47987352695905067,-1.044902796501986,0.40304507480220536,-0.204494479482023
10315,0.2213271712290729,-0.13843779772755546,1.3131316138790552,0.8032673488132498,-1.5168976016538163,-0.325850118096014,0.40802793170014096
20514,-0.21292153634474478,-0.4520025450148311,0.09798152061214524,-0.5510756545329513,-1.6266085756163806,-0.4829609201738087,-0.48638878618270853
20888,-0.04646456696150945,0.0026810431220823526,0.7953025964097212,0.5567200859815348,-0.11216547953931737,-1.5507220446992518,-0.3322770927492344
10693,-0.20097133771520956,-0.7885796321660541,0.6606911411589829,0.2829651325982845,0.8080259296237762,0.010301816713670389,-0.44848068397582785
5661,0.2697111444792969,-0.6804322583475334,1.3686193606900279,1.2284608565926716,0.5055022746017118,-0.9161786811922246,1.7742086067919458
13448,0.017856842363414942,-0.04786500072294097,-0.34466113159823225,-0.061704807994026514,1.0131637193008782,-0.12121964663234008,0.19159432778104096
16445,0.09877768806355401,-0.14555193449152498,-1.418334308944973,-0.28276807049858826,1.0287777058849303,0.39679332229958214,-0.09357282447142229
12914,-0.13848184734365465,-0.2379604158432325,0.9959872621395035,1.3552422669758863,0.6278986034431638,-0.24530213080485574,-0.21488749832038048
9953,0.05279143449416279,-0.4428449092878431,0.8162294941937063,0.448678613630772,0.5403275935793621,0.17857427102428297,0.09985235738890505
3867,2.068929660462195,-4.614050547258837,0.011056922618364757,0.1637098435631002,0.12682084949970104,-0.3728263524362185,0.27072051671483044
20207,-0.29482275886017517,-0.28501380089933803,-0.41119196966887056,-0.6362630558421055,-0.006197191872942297,0.501292357993237,0.19498660737692164
16777,0.15354201254907854,-0.28862151735902747,0.26255225529968373,0.7233705791516533,1.5033490272423313,0.389763538116705,0.2978642160908465
18521,-0.36074830083959614,0.10240660070757913,-0.3645772068994473,-0.7422212518116819,-2.950393437186938,0.008244172010471739,0.1445897133341857
15284,-0.36071406707293346,-0.3825266547576685,-0.09646363498756431,0.659872257549564,0.3970296146540745,-2.0258241134416126,-0.24597741258220857
18696,-0.17477562125652776,-0.24040532717929625,-0.18351179795040917,0.5667490316639932,-0.08050610899944963,-0.6432070128183397,-0.1866209652582477
11207,0.1886174268666188,-0.5605245666291073,0.5136472219939683,1.1343882970060855,0.642913658277331,0.8715111884303508,-0.19973240932613873
11175,-0.12597251533746667,0.11864734054325152,-1.882239992376826,-1.0239135849994552,-0.7027293352142719,-0.1550426862500717,0.2390343655452394
16536,-0.33375879156104443,-0.39621954664604747,0.42800295952791756,-0.3533260441859526,-0.5119163608927582,0.2257898314730183,-0.28174523621226105
10579,-1.055694132291857,1.944101050409096,-1.515378665820907,-1.8676406684184572,0.8074132499008545,0.8094923608754866,-0.6033307222114902
17089,0.41394704612158856,0.030746234910282198,0.8861142298673375,1.5908783557959252,0.4257739830881217,-0.47583399596930076,0.508444235445919
19592,-0.19286323650035517,-0.20051193126231617,3.5720884580510575,-4.587515239840905,1.5328103720758837,-0.6491325010275997,-0.6828611498071377
11884,-0.14397240440737247,-0.7983591175444683,0.7140926795887624,-0.031337487271365955,-0.7336019420591942,-1.4683086182185883,-0.7044739578586519
19323,-0.089065705991712,-0.41328095670692355,0.6384463240274197,0.0977494782246388,0.5623286357646041,0.6006561470889628,-0.4375900333294588
15981,0.1606317256878993,-0.41698870347071715,1.2957229609438514,0.5270992436639781,-0.06766189367632262,0.12354693893321723,0.23483482746883202
11599,-0.29002793174240576,0.08967286334698896,-0.7139584142327782,-0.45363543706626025,-1.894733100329948,-0.5369489227083405,-0.33544365385289854
17973,-0.1734560604708576,-0.7899808729577404,1.2888726334704497,0.0704435567602102,-1.3594766203870186,0.8510165677042765,0.5393046182601936
4309,0.2198232300189572,0.11230422698746491,-0.49731123526865584,0.22767181216793456,0.035712291780535615,-0.29157202705359925,0.5568039534692539
17144,0.48600677517218754,0.3184063376570571,-1.0228169386087467,-0.9280181723445804,2.5689329722266234,6.021721434993889,0.49378201001212174
4301,-0.1953683881439748,-0.5212317068956979,0.7960480867884782,0.5489228381116256,-0.5960026599012459,-3.5961115279488345,-0.3541685390163647
17885,-0.4344449232824527,-0.4016109737957552,-0.24409871820631246,-0.09190643153218671,-1.1213029927203375,-1.9465344239418105,-0.1965718581545991
10740,-0.03592779856792608,0.1380385564989864,-0.5961911995451822,-0.28397439562755267,-0.7661211079935724,0.11632951789603399,0.7098992020219757
17732,0.3200015467557525,-0.10625492743651008,0.3744750388773313,-0.004251722029333662,0.14740044828995036,0.5778829732494754,-0.31701199180647294
12851,0.16527578240127266,-0.28355519992731476,-0.36357013895714846,-0.07622076219965326,0.4113164347585589,0.24468319531110874,0.25973213647261395
11374,0.010334891143806443,0.25391838818521595,-3.617879044898255,2.3919913180431633,-0.6632159420835321,-0.41005473944345555,0.14988212697699926
12342,-0.5581873518929756,-0.2575532844471017,0.16497707022123623,-0.2904976710285228,-0.1896875935564383,-1.7530553515403298,-0.36831443109289486
1517,0.20648839484650583,-0.2254970170234568,0.4635382875137542,0.3603524464415761,0.7399035618127107,-0.0030474064218592592,-0.20259401191928866
14996,2.5328486373320622,0.9161657376040807,-1.9866057459500002,-1.1824938070625965,0.2061580235670529,-0.5017863210086839,-0.12365395203152806
17863,0.20822200574403427,0.1996147823980192,0.2410708647457562,0.12216544100493555,0.21709379638077034,-1.0103431650158232,-0.1422468451382486
21681,-0.3556525999084887,-0.49304026468240203,-0.3253954004112223,-0.3653231800482051,0.3065157471563685,0.40923065169615286,-0.24903322573416103
15771,0.28267645053199497,-0.028169223519513755,-0.8557593741588929,-0.048336381752787774,-0.0058846745301718885,-0.11759820575842041,0.15921686124284842
3450,-0.6486931167976012,1.9623416850432496,-0.251685144404296,0.13410363057722438,0.9766484656501699,-0.6603674447985045,0.43459686259818947
16949,-0.061185075892759684,-0.5448227642396606,0.2448888868562236,-0.11586501247386304,-0.4081274599225203,0.7986300255267962,-0.045429094751258565
16102,-0.13133831875935686,-0.4938909856272812,-1.2971955501413477,-0.10183388265189763,-0.24103079114378131,-0.43508370129588764,-0.0923270982248386
10450,-0.2278783784162105,-0.5574842836438129,0.33102883795402754,0.05268971895830211,1.0962692591919398,0.48274977912175276,0.07484941644406322
10364,0.37443103939014494,-0.20063419243141023,-0.2572701752761522,0.0688658437908428,1.2124536003643478,-0.06990440774901087,-0.10807537640758759
22487,-0.23106061235368533,-0.4959876901450836,0.520603467805842,0.026294716654686894,-0.319185576165697,1.1792547987457336,-0.31705132808283676
21884,0.29394311796040723,-0.3134038866051206,0.8910582598859145,0.43413617532307064,-0.28887569406407887,0.972874062465175,-0.3052672439452421
19963,2.2002729466699513,0.8045287999619583,-0.38978932941716465,-0.5481506611842178,0.13244579946694265,-0.06016488840819749,-0.49301471784952355
1683,-0.5893646282882905,-0.9265041359044319,0.2283749172312789,-0.025387018810440486,-0.6070059480555224,-2.840282018848822,-0.6083464028955875
12570,-0.3141708294866716,-0.3995693226483684,-0.7554371714878775,-1.382775876938974,0.4124539776015551,0.5321455292394891,-0.4368806418843853
12879,-0.05340912651359538,-0.3171156146656239,-0.5544924727618527,-0.07058220345910197,-0.7225071657701576,-4.1417545115297685,-0.6246169003580442
20949,0.06674164180224734,-0.10313969905808672,0.397291735159466,0.034716511315639194,-0.22061732521660044,-0.8372868522591731,1.5757492480368869
16930,-0.3319303148544132,-0.28393778531238795,0.594455940115261,0.004874283843061421,-0.9803185306092383,0.34068119474973874,0.2773015861887814
12114,-0.40689481928361476,-0.1571475567824875,-0.23210468964997696,-0.8783512197868478,-0.46708908190055015,-0.5466878515370446,-0.13620223096667644
11842,-0.2008050977857012,-0.4869744987479595,1.1376807711604844,-0.24633807108617972,-0.4723654115293093,0.6040757285879577,-0.1763008286229211
19486,0.2652504176687693,0.039082179574105216,-0.3257791129807201,0.21000864213780113,0.279719953173365,0.20957355003734765,0.41235403614487076
11393,-0.3790923864218904,-0.7644749817956045,0.4571782948277801,-0.04256032483429183,0.15696877896363887,0.5182122412646758,-0.3548137288549877
1505,-0.021317152264967366,-0.41781604885175827,-0.7560376125563836,-0.897455813367693,0.7896567853159693,0.6588552185127016,0.3031728149024563
20747,-0.05884687445720703,-0.337652656884171,0.5223334977185142,-0.0009667515190696671,-0.22462565380144697,0.5846720017301201,-0.2614245046350441
11813,-0.4110122555633723,-0.14401300429757335,-3.7638344459056454,4.152756702812015,-1.3563651218499135,0.6197759686368088,0.16097714860319898
17668,0.3286288810620908,-0.0269984177093721,-1.7566031030354516,2.7363379104948904,-0.6814956678608951,0.29283949866347986,0.042106941271150625
19488,-0.45600017520990593,-0.23003366672524445,-0.45278469922644055,-0.5243064714813717,0.19328954781275134,0.14976537470087717,-0.09257179314565325
21740,0.6871743827686313,0.5466004570044851,-0.23652322468614018,-0.018843607538173136,2.5254784570246227,1.9915629406160287,0.24412756358647622
18086,-0.09175984349997202,-0.5643731753223346,0.2472232249131084,0.22363280179693978,0.9208736573302254,0.49822651426710257,-0.32832351558479217
11266,-0.14445874887779742,-0.5431322905126886,1.6666817544216608,0.37187971604457754,0.02001973833901868,-0.34398417637269785,0.2525371533210756
17717,-1.159165515917464,1.7510798286949176,-0.7795328368204871,-0.8798124167317861,0.4867181511455637,0.2519598987395564,0.2618860479430886
18941,0.02841353593155316,-0.020534350312582998,-2.175072856142895,2.427488902746822,-1.3604365674858114,1.2031242817042158,0.1459588430462012
12086,-0.08483079522289495,-0.9135349370760574,1.1683921404084603,0.5306889203049441,1.127900922062356,1.0906537805479457,-0.2740246248530616
17190,2.321765201037901,-6.639395144017836,-0.14800785763036442,0.6511940808103261,-0.20366546978118738,-2.979863483647224,-0.13179059411304833
4455,-0.1983728223590626,-0.3181272137453531,-1.8831872995199421,-1.5726762504892804,0.48534405144045895,0.6765394160474507,-0.3207657469713528
21249,-1.057846053237134,1.6110465133311267,-0.21327625022501115,-0.449534346054436,-0.8630676004684695,0.025069362386136343,0.14714050175202903
15653,-0.0330177545632819,-0.5084254866671832,0.4755380613966273,0.7135374027975635,0.86270237825737,-1.8674739429329748,-0.38686101930926065
2469,0.25114297634679605,-0.1900981906662545,0.05903486174598133,0.37286179510269346,1.4605993808537205,0.1754842920773328,0.040798306413929813
16792,-0.3600005785584079,0.10943273967182696,-1.2086136616030312,-0.8507147585034254,-1.3927535619782434,-0.02957217637517347,0.2098024365315885
21430,0.5523691279761103,-0.16034514566210933,0.7573456714012067,0.7099398349267974,1.5679949509214564,-0.4890494188465845,0.45428273837596056
10261,-0.40205762410137164,-0.8842857584102538,-0.5159990360802502,-1.7219455659368632,-0.0634841838993975,0.4711035235895524,-0.5871895391207831
3342,-0.32706614106834386,-0.8805784022337487,1.4047462429311586,-0.3684204245904551,-3.370419118418586,1.6625819311634238,-1.80677150789965
2295,0.018682829839159587,-0.5072727548118607,-0.12716384708700948,-0.7764679642956694,0.6101791530429268,0.6139834644968141,-0.002268326638990862
15092,-1.318825639205737,2.9417820889365403,-0.20992938983918058,-0.41604749449579115,-0.0006779321985717552,-0.1111848787409039,-0.24576157689703163
11677,-0.3857221355309619,-0.3863911969823008,0.6854429097060007,0.5194644154702759,0.42062328071326277,1.4040866631819693,-0.28696540920319896
20758,-0.47466992736100944,-0.6604052669945553,-1.2016317059296024,-1.8693144132135788,-0.1345839044324785,-0.0475302108074764,-0.5521195657455045
10618,2.927028018018514,0.7160475453020804,-0.28552258842417294,-0.503835312001026,-2.142874945222004,0.1950103181360545,-1.0065263415552543
2335,0.1251805045077199,-0.4145392998139723,0.920882469051336,0.5103735790391947,0.7531581920898738,0.1214689733765475,0.34557700155584475
20348,0.049010265589014515,0.24083971448366395,-0.31015794173819033,-0.19003206677240636,2.254023345120405,-0.3869167220437273,0.44275740879531056
16884,-0.5619006011087988,-0.4388299036836555,-0.22861453696108155,-0.32092539790771224,0.13367698662346958,-1.484924144737,-0.3678496656919498
19882,-0.7034461865564048,1.315667064334735,-0.1583003400216181,-0.0913321829817754,-0.3459777104153853,-1.8301143488323066,-1.2801443480069028
19501,-0.5995890078922921,0.5770219715056037,1.232136243191241,1.2998371302988951,0.3612337184592052,0.2627606224632672,0.13132662797808708
21359,-1.3132230636707258,2.5840494635772435,-0.4609825843334449,-0.2629887886748684,0.9775327125244528,0.10661178725901704,-0.1843154506187073
15306,4.375844023432079,1.3516462522562818,0.5443809962644452,-0.007814002262999328,-0.17128970528964102,-0.3082366897410895,-0.06838861098458586
16707,0.014644132564277252,0.014751282650054308,-0.42299749808528003,-0.20608740096648887,-0.333820204068685,-0.95838083228025,-0.558008297516398
17340,-0.2214660664118343,-0.398886208603443,0.4168867496343274,-0.09572359619842928,0.09846526451725746,0.7285340011753596,-0.008583493398631877
15945,0.02466651461893966,-0.3364518136282849,0.43478866383196724,0.6181599570101468,0.8680738408571028,-0.12498621201156099,-0.07697156549127745
19056,0.2638732335461624,-0.19022609103564028,0.7112053757014842,0.4413105650115017,0.3484518597227861,-0.04178658934534813,0.1441926631970215
13302,1.915084666078919,-4.281390984296635,-0.7875669919178188,-0.6511269025821705,0.03669779651582379,-1.2091376343155245,0.3155124639689486
21387,-0.4237654376278536,-0.04907608235947537,0.2564114472985052,-0.23943848974469628,0.051640030276775266,-0.45510356281311243,-0.22902792412898954
10200,0.6500410982111233,0.02860022285727575,-4.116595222000958,4.716676872113545,-0.39144152457312575,0.7047240953143499,0.11090551751451867
17782,0.27163728737333775,-0.39657126320319963,0.2957597200015071,-0.34060773191166166,0.6863937452649621,0.36549347616115424,0.16189542860100165
11793,-0.47547234853785597,-0.2394711573922832,-0.6893913890874739,-0.7747454118190903,-0.5839787061146393,-0.5399229387842123,-0.03375584297063254
14807,4.531676305513928,1.2694956024940809,0.7441738605717197,0.12096626024960476,-0.2373683520211335,-0.08303266931518569,-0.6169156891172923
11557,0.0704660702038131,-0.03199826547941851,0.11235386146951086,0.5895155377950588,-0.6211111988594988,-0.9406218863987034,0.16480584698147985
13567,-1.0121772113898384,1.5294773275285134,0.761199467941535,0.13525785240598287,0.43824776105320573,0.580821129100852,0.35593884902671913
15610,-0.053644764408932205,-0.47265346498844324,0.20590784938352555,-0.18457553368609037,-0.6789776234224432,0.8522280023011725,-0.09426389337443655
19838,-0.17539583207591797,-0.09431340891274767,-1.0421679170122253,-0.9642571443261145,0.4612707602788893,-0.6534613912834188,-0.3003095991742275
10589,-0.004185607192739463,-0.1050160963583349,-0.4922539161372943,-0.31921639269697066,-0.1749348845904503,-0.7995582099640457,0.14826045228362153
17294,-1.4409862623283114,2.6703442448734216,0.5607634090789683,0.20948955753540366,0.03942536077210316,0.12740704590771115,-0.08214534119976948
10345,-0.20220989298356545,-0.3755870925613634,0.17467357371130682,0.25695445111505616,0.33893504435841904,0.42571209613611743,-0.16619557096617343
18446,-0.12352927635502665,-0.0007561277226025176,-0.7049192599744102,1.2489524313513876,0.18793082665519756,1.1859240444729888,1.4369083936878437
10432,-0.30851273058238754,-0.6904595115743228,0.22118187284993138,-0.16795773768587183,0.9653268124935109,1.0949880264612968,-0.3671830914566099
12527,-0.2606775498793212,-0.1262532489818466,-1.1536721977859594,-0.5632484691117008,0.22494622365127856,-0.9669883295542774,-0.33870943656898994
12669,0.20671202538067476,-0.13226947348997928,-0.22823914061609882,0.05064637380092238,0.27674498536281306,0.693316942716593,-0.33036205283189307
13650,0.03279086812667738,-0.1544024121446925,-0.7062133210451456,-0.6220596322283113,-0.7754015986068402,-0.7456038736423758,0.1277687484363833
11290,-0.3088864430145081,0.13245550495033734,0.6078789421964879,0.6232159733292936,-0.2547205575718353,-2.5197033676828693,-0.3608336266399188
19262,-0.28771745026336476,-0.5454010616278537,-1.666614207244744,-1.611182208738797,1.0738583557855523,0.3050164253115207,-0.5164166269426295
20842,-0.21507594102323435,-0.4692828838435405,0.06376170299564388,0.16213789011036786,-0.6636840277388536,0.7480584988821187,0.34344322300908364
3430,-0.3064176990139673,-0.12450943894277669,0.2207376606126511,-0.25893948241408704,-1.449000672697799,2.0380408669846983,0.45244181264064587
11005,-0.5105403005384646,1.2478083774313609,-1.4723902327560614,-0.24487867120605344,-0.05470280270034474,-1.0809349047075247,0.07401940184495112
3852,2.077203378833808,-4.666842835482236,0.23492617442429634,0.221892016779929,0.30503236823678664,-0.008774676082091678,0.22259103593250465
11499,0.18846695515552914,-0.7779229167550175,1.076409554240031,0.7384645144559062,1.2950827299910335,0.20746120244972716,0.06758538369387962
19799,3.6937773219079135,1.3354418288842065,-0.0219859393983938,-0.3545287149846483,-0.7184540160236883,-0.6790060696767815,-0.1290620266127561
12402,0.16858379672880802,-0.19556935592298166,-0.032515198560232834,-0.43019668744657896,-2.0992236595513,1.1448533005052421,-0.20612186512189898
22659,-0.7212710239307728,0.9972735646191939,0.9850900923217709,0.3802487448794856,-1.4515200403881725,-4.469802626226419,-0.26348221792888693
15460,1.2348114593152082,0.508868215478896,-1.0771836225392843,2.2458506127907025,0.026143846384996915,-0.5944187904054556,-0.16761837552842676
17162,-0.17096805349692082,-0.5097906119258634,1.069467970849577,0.5808301721109077,0.7305410222933707,0.027186703547774124,-0.6467933922883041
13479,-0.27315599181988665,-0.12951858224899218,-0.16776966876794816,-0.7766648439580172,-0.6043727416666659,-0.13977532177400578,-0.276157909911448
11477,-0.1524082150797231,0.10020525454082846,-1.1942453713393093,0.21935528807060992,0.4304521444729982,-0.1656820782980609,0.40341230117204285
2507,0.13496968099207965,0.005770193220999768,-0.23516248127119532,0.3610049182239862,0.19512648307876537,0.08057128007774678,-0.2899393100592987
16967,3.582591707294255,0.8456522726006792,1.0473838451455466,0.10701831662253747,-0.12011313161272473,0.8434938482321506,1.2301150246666628
16025,2.172865068288285,0.5547721908804385,-0.3048219851802392,-0.7888657579203522,-0.39781663536451534,-0.14107943113485621,-0.4992133613516155
12636,-0.11854800953531608,-0.6173024021924925,0.7249626962668725,0.2520999211065597,1.2496345374727231,0.7077862138779316,-0.015453609229199155
15870,0.3127234341475395,-0.3807238851880472,0.8264954560119957,0.44975696051793485,1.3141748231233938,0.5109450508182313,0.061087072338847165
21668,0.3345831512837713,-0.7971830139595243,1.2204004754531732,0.8863582829499286,1.3805060794639288,0.27800942614284485,-0.41448913808001875
16655,-0.2452795930015622,-0.3795312325803048,1.5599438192432817,0.19887421811331724,-0.803087351131959,-0.08537386677168558,0.48761785567441496
13037,0.2532744773244449,-0.4910332216038158,-1.4341301831222424,-1.5909628966827658,0.03161447098714545,1.4222228964889263,-0.6331782653236916
21582,-1.0283992411908631,1.5117967879588912,0.8469665715204269,0.2011330692167017,0.6163922411280807,-0.11213447620774927,-0.077963047616178
11323,0.09453297961646202,-0.14737956853237796,-0.16679795339851944,0.09090010365283126,-0.18427917432150503,-0.9556453694230571,-0.2694889240999681
21467,-0.13590366531068143,-0.33327006044063107,0.45157565509284087,0.2429182650032165,0.5393042586236134,0.7544254673477525,-0.22410615570542586
16630,0.06412584810534226,0.16757126595391889,-0.6707152998806793,0.21110861709044956,0.05360258760511041,0.7719101999272141,-0.17722454662994694
12499,0.0026056843110982123,-0.18708705092644864,-0.5010049109833548,0.4475060532894786,-0.39090671823119516,-1.9993756736042654,-0.47980532486209737
1702,-0.34369655405676264,-0.31568262256951546,0.14947046732740787,-0.4108047241862445,-1.0694383206850884,0.04277685363421904,0.29673608880011315
10677,-0.40206828609733897,-0.5388749410225404,1.177703019358971,-0.17391697332602896,-1.1929068982154252,-2.865965993073426,-0.2100663396480636
12615,-0.2746494186142638,-0.13871876372337996,-0.13860616322880512,-0.2704853036953344,-0.5572843863538742,-0.1789043648232582,0.08773666043325465
10276,-0.10086815998017983,0.13399051477129675,-0.3305507322446977,0.0014203698956602646,-1.0194674890767363,-0.4644541902543299,0.05400670713517684
18178,-0.3037140086395343,-0.18783656694792583,-0.9084761481302828,-0.6436421997491633,0.9901564002441077,-0.31030625876622536,-0.48897075248195143
17479,-0.1886516745546704,-0.29693100155816404,-2.6889917261445455,2.412874230203218,-1.2355429331309882,0.5740954112737383,0.7749725529769447
22224,-0.32204103179886573,-0.6495466964238631,0.40790332652633604,-0.3373924959778597,-0.6083457386689997,0.4193714128682954,-0.3095320111958605
15371,-0.35287156788419277,2.5986728621633555,-0.417779951163601,0.0619284464766564,0.872242436813614,0.3767470146571995,-0.03640627530575458
20075,-0.324698312447879,-0.001241253444812345,-1.3352976697877785,-0.6299417052678609,-0.4716207425926411,-1.7464789203281819,-0.2461407209339933
2773,0.0002756064049844834,-0.6671261734199052,0.8646297834010016,0.5276316012664949,1.5023663549398703,0.226482129974518,-0.09107293788340252
18196,-0.30075152706899005,0.29965258434113273,1.071105752187906,0.46657826708578753,0.07361596902759875,0.3098103822598999,-0.5350094518736188
22122,1.239304584996902,0.45266887170726905,-0.22562477632401326,0.09008378885714181,-0.7355342577232974,-1.2970215462129837,0.18396961863732672
3914,0.3073700845465655,-0.17805642671348568,0.25713253346404685,0.45978398794229103,0.7157947784539667,-0.20494045070363956,0.30040097811805727
2374,0.847460442815528,-0.31059036862252787,0.09153470389784515,-0.31761489204345805,0.3955584311053247,-0.07700767823134543,-0.57285154890972
10912,-0.2147578909640142,-0.06351109024068505,0.2897847815956931,0.36427774960979653,-1.787710460678784,-0.3815883213453059,0.044858266793355764
12390,-0.4695314413292675,-0.451811096488849,-1.3488362541919803,-1.0288124841929331,-0.03126842522456412,-0.33162897073917286,-0.20171082934553838
16188,-0.12238299573200545,-0.37844626156847627,0.19054334009735371,0.47046750508087076,0.7149316890016703,-0.24388169146987648,-0.15012706114463492
15762,-0.3501137522286551,0.2022100649034533,-0.687680589893645,0.15385603730298555,-0.06998181997598381,-1.0402302104308143,-0.011722710736627737
15668,0.12773698170292,0.0014906544353859284,-0.2837899064414995,0.17356257973603917,0.6722594477043247,-1.0436032997918328,0.029175416806255527
9914,-0.2662886655148446,-0.0232555598495447,-1.1723084712201357,-0.22275875613321333,0.06716373180780397,-0.5398269253320268,0.1582316407448053
2794,3.6538031712516137,1.29694424798939,-0.21328889857115194,-0.062174756016394106,-0.042745309986069825,-0.4994677533358803,0.013818153001036467
20312,-0.1731025778738177,-0.18140064748027937,0.4581016085384437,0.2417799115181032,-0.7748002779887924,0.08997696071310407,-0.6951126923508565
21466,0.08153291314700682,-0.0022949383582942257,-0.1801782699325112,0.898615252148922,0.9500292510537809,1.9405602503816026,0.11839666510185708
17026,-0.7789969505611914,0.4355159210160664,0.4274093403155098,-1.1539910927917059,-0.07670315063917389,1.6737956980147763,0.13608808535522865
12233,-0.9676260297647731,1.9036212785285767,-0.3201845599976185,-0.5649327248373535,-0.42517195589479423,0.7106562450499161,0.2962663810546449
11709,0.373948774682141,0.35497332127374276,0.8447319557367077,-6.290910140274677,0.8301892677119255,-1.7645585458825788,-0.7004787550219751
13059,-0.37629830864892727,-0.58926676759296,-0.8451589190118171,-1.1254101758663277,0.09674280741555283,-0.19144419119545925,-0.4684710674186205
16617,-0.6682573543262387,-0.6617076969451904,0.7828030192276364,0.8793852679271056,-0.7239059572147606,-0.43803224233242294,0.21494457788294916
11530,-0.6070559648802638,1.5181489599708806,1.0940651049114587,0.7878319135055393,-0.6438827297889209,0.6160759897410198,-0.2179782341578119
18676,-0.9789075264433721,1.495492227156658,0.7260865567661859,-0.18732960617990188,-0.18662500985331074,1.0449143264398177,-0.27774739338783
11416,-0.47902336696649717,-0.6927090289251924,-0.3545480300396334,-0.4505673548645241,-0.21831838450374993,-0.6980498868513131,-0.3265475431806388
13545,0.014821693759847815,-0.3014301638603463,-0.8436752900427257,-1.1320858272706558,-1.6172127944322583,0.8448979334389289,-0.27065678064977616
21779,-0.12455189112019639,-0.81913910579479,1.0432940219634705,0.5882685856946113,1.754019972091576,0.7372336034117635,-0.46068022608820397
10673,0.0706558427832484,-0.19983870856186936,0.7604532859198821,0.23903518556094824,-0.7577456037859088,0.46561677669491214,-0.0703579295014224
12419,-0.029826994635118738,-0.416742276185162,1.0022934833446289,0.4559450307122879,0.3201113302356748,0.40342248222618765,0.024356109994945467
14913,-0.22881920577252357,-0.8988254046258923,1.0252689019430985,0.3186385622014617,1.1596379580926617,0.9180228547496119,-0.41742502254877933
10786,3.352655070321009,1.2974487129890873,-0.31906577381712303,-0.563112121078514,-1.2628718104884207,-0.6396893289211071,-0.5465340360109194
20006,-0.2659996147450109,-0.4820086566568174,0.800871344643678,1.0879959557218994,-0.3783948012274193,0.33808492559844067,-0.46110936780857537
15898,0.09362206361191695,-0.20925823151538028,-0.09806979488512611,-0.2157512412318336,0.23586562506445743,0.7495294055501354,0.5839017693804359
10887,-0.30703408452669684,-0.40138012423507563,-0.6514411795240771,-0.5941191167234405,0.5143132355695098,0.9129435406269897,-0.6518770341119311
21431,-0.1926640620600783,-0.6482528208848046,-0.8756430070339956,-1.137550593831323,0.5458789686050133,1.226438458422118,-0.19483731022674405
16481,-0.6877936622010659,1.6758299264596568,0.3058307772732556,-0.5261060434663686,0.3472987215987372,0.5879316390626406,0.6102535627875624
11019,-0.18047359456494544,-0.8595594356590663,1.2653414172928543,0.574426950639381,0.9335248662286161,0.28689217780010023,-0.42001079289481474
22139,-0.482755427994452,1.8514465365505568,0.43728248484174226,0.1561580779514578,0.6833945389690786,-0.26080049878272943,0.24160863947857894
20248,-0.09668497367259266,-0.08954016380122913,-3.5975420647732665,4.584376598750933,-0.755176932894063,1.1872115905490586,0.28852944061950003
11436,-0.27272499421693897,-0.5039172166879782,-0.29404372136740653,-0.6884099795034893,1.3930391400514595,1.4556952418670563,-0.5067161366954847
20963,-0.059975944559175556,-0.31663500990156973,0.6490572013777574,-0.05057365553107334,0.18557886050514763,0.38032953930387964,0.3705767223554854
17824,0.10771599040998707,-0.2143481600786894,-0.04511157638606483,0.4218740787716728,0.46660965288304845,0.49707242095000265,0.1302883592004591
11602,-0.04261328163109188,0.15330715555735258,-1.7726096134094649,-1.2411939490525499,0.8842501632391151,2.5463709632713045,0.12882056344760118
17231,-0.505018334987713,-0.6791925752331437,-1.102205768414395,-1.6229968163227322,0.030752425631397746,0.13999759308226276,-0.5507708428234377
11300,-0.05598730546654166,-0.3213576860909684,-1.2604843905564969,0.006871242637492182,1.0224385426607707,-1.5365208512005317,0.06475179109815779
11116,2.7835765643635706,0.908328092019391,-0.115770726021036,-0.22219319967064705,-0.31897293245063535,-0.42499924446492393,-0.3645275625476074
20052,-0.29663923465981984,-0.09154292522850556,-1.0596178156627836,-0.5303193191076945,-0.01553169509563745,-0.28433134179116903,1.0719838140334055
1360,-4.2028972214485965,0.1341431609242081,-1.2578648694844565,-1.0343665359067098,0.3668964054200111,0.8045156843268367,-0.07043720483683483
16662,0.4284173385153179,0.3551894139553204,-0.593870039462081,-0.8830028061005879,0.1071627823858328,-1.1254982457325389,0.1148637180862742
22087,0.22234123006338768,0.0018737792214993374,0.3981372353299203,1.6150166110951092,0.9312884898309777,-1.0553765067781185,0.15128026059978913
17797,-1.1201905442250975,1.9519492083163248,0.34819556269762075,-0.10001726819829207,-0.32065523144561214,-0.5418914431540612,-0.3217799441541856
17736,0.2514106546938325,-0.4340864920145439,-0.08299182504504617,-1.4754465804644699,-2.3521168636210064,1.599943608850834,-0.26234934705698965
16410,-0.08414556526163929,0.15752614826755704,-0.658894328163395,0.39969788688353625,-0.2471954896530238,0.3504303754037122,0.6850220764881119
3740,-0.5682095867658044,1.0391148974715314,-0.4658033998528038,-0.15798592141162254,0.7447553476106412,-0.2175485505345339,-0.013523241048387527
15784,-0.6650759805811791,1.8594662174140681,-0.0011008371268193258,0.053018648462723895,0.22738499969058773,0.010999759105781671,-0.43447709512145544
4107,0.3905793602986028,-0.38312624026132663,1.3799804724865197,1.1022560625681006,-0.09153027651623931,0.8887498173128923,0.4029273571270175
3614,-0.48556938549081813,-0.38340610355571914,-0.36458651421091576,-0.42440815467351584,-1.0711123269380467,-2.163044949103111,-0.18328031511360998
11956,-0.002940615550448784,0.09551473665147316,0.39590920622865133,0.3401318166977158,0.07747508143703774,0.4483592062842977,0.46742712989169793
17427,-0.14208252024112303,-0.630412329617567,0.5500180685911013,-0.02773658223213016,0.8213623711194354,0.6771169886663855,-0.29195074480655614
19041,0.010845208074275968,-0.8219674437089576,0.9895294426233364,1.052154938030242,0.24822142211436982,1.1000370089627336,-0.42584722196460195
2422,0.16847841530200552,-0.13261346357377596,-0.09616471977811959,-0.28557567789832905,0.6592190279248353,0.28747540320914017,0.05951468807783531
1540,-0.17059419352672692,-0.08007046532402158,-0.5998033322118153,-1.3288308990934132,-0.48599325743596844,0.6346685625063495,-0.6649834914099801
16191,-0.07053934095028631,-0.045833062049661824,-0.23071110146245297,0.4367916339176212,0.45122052871785906,0.2542644434656365,0.29972458850365785
17163,2.2836301517048865,0.37955838783246015,1.8360667647904958,0.28832508576200544,0.2300245362010815,0.2822324127123213,-0.10200447581296565
19054,-0.008074766383210088,0.17052080189754293,-0.15010291402628312,0.21288600912206443,-0.8580341094397896,0.1212312414536785,-0.14445648935149438
12645,-0.05334775575476829,-0.34325352847847024,-0.585227695734441,-0.9336509990934623,0.02404160265737132,0.9124034884949053,-0.2950736124178516
11012,0.06926488087246696,-0.7373673867880646,0.8270628577393723,0.4543958637043518,0.29248689002404604,0.3815057140839204,-0.5568634012128701
11376,-0.10527546321850062,-0.33710659101299073,0.33924336146439177,0.4311836313961596,-0.8316815252108772,0.05819383830350038,2.929856780276829
19309,0.02432868751662079,0.03928104861382555,0.0606223793869814,0.10912716956965106,-1.0625323939403015,-0.44288393654603325,0.4625156136761208
17886,-0.07434315321890235,-0.26015015998644314,-0.1969257585912674,0.3410105498958609,-0.14850911060366012,0.9385259051242072,-0.22329223274622506
21119,-0.29945546586108457,-0.008736849337721335,0.16219404909279486,-0.41980724278394843,-0.38470478531218355,-0.4324943131047493,-0.05801548047000689
10981,-0.1527322182548817,-0.352891822970584,0.12072525457244376,-0.193233420175964,0.4517902533280359,0.6307787542746027,-0.1573228360118643
2966,0.32833522748067206,-0.38653014169329203,0.1164979287046578,0.6765515352704717,0.985063282132519,0.32046286396626517,-0.04184788718015531
17560,0.8837272376040942,-0.11422631563232825,0.7027347483803177,-0.28888812859514534,0.9418451646014923,0.9635020924327687,-0.26682759266645634
10635,-0.14506859029929522,-0.02183149674391445,-0.6210655882252736,0.16990152437040903,-0.037409024536045436,-0.8858993727450915,0.006788101647617176
17028,0.2701180115863873,-0.18927239799824813,-0.19030777350600803,-0.6166986075320052,0.4810721988926795,0.5247240540687484,0.3531123951787155
14503,-0.24262472790442477,-0.23900263793185547,0.3337214087888026,-0.15141116580710362,-0.4040368679758487,-0.46096284315632124,1.1621501885054752
16380,0.21679859195257695,-0.8130256181415719,1.4898460042075714,0.6839523564861244,1.3817791488728361,0.9502029911903154,-0.04077891797505338
3512,-0.3128005077835931,-0.09950920280809407,0.3236630005467246,-0.4569427347164195,-0.9872420533429628,0.2556856709056452,-0.5389847726099104
3004,-0.2542474481841289,-0.5216796412240028,1.0869580848716764,0.31891893112297837,0.4068128165804678,0.5968227774459485,-0.30384622195429284
17348,-0.25754159607935,-0.19383057351555957,-1.969211577764648,-0.9729283169625437,-0.11419719980073191,-0.018420984218860282,-0.31590039619742777
11554,-0.04401866132322128,-0.25268857330166195,0.45158890320011547,0.7032719639181114,0.6081420877245499,-0.8683572490410956,0.4147316366520107
16103,-0.15631270639603653,-0.5764737149281445,1.4441309434812926,-0.734296647029939,-2.618726172661633,2.048234010876132,0.4692101976795727
15938,-0.21881303595773732,-0.15928957729750062,-0.07631038534547718,-0.30402914067044723,-0.4143292115380778,-0.22746027795081208,-0.07402173308515152
19727,0.008591013021082746,-0.3446686472436869,0.5933335322743566,-0.11109198711294836,-0.5774641524652318,0.29935776676301534,0.28490911766379823
2852,0.04871528647676308,-0.9568213245137507,1.3688062120545974,0.8577231514975302,1.7773633515189218,0.7667345021572061,-0.30903116499732997
12917,0.4623682926423663,0.2561277441721711,-0.11751980983220911,-1.1077010647872683,-1.4445168148088094,-0.4559824931336876,-0.08586177889825679
15929,0.06571878125423791,-0.5042232601163015,0.3154650678426364,0.07988388873611754,0.558186407292056,0.6014754656016467,0.45297656928616187
18796,-0.9965537350892913,1.5497268775961461,-0.11952686989040573,-0.14377105294850562,0.386335605336352,-0.12390165434635776,0.07407998864265199
21428,-0.4376744611531845,-0.20464131378114792,0.07106324916454873,-0.45698298767239615,-0.23388801577935212,0.7936190104206218,0.01339729008637131
1678,0.18205947278805326,-0.11062268857912218,-0.19706684448122994,-0.21148081259327656,0.44397760399315533,-0.13246481708079652,0.06120024596918036
16464,0.5442736427398938,-0.24936772573806362,0.9675838571872418,0.7646392218081942,1.0764583224117439,0.15213217792191822,0.23634148067858898
17871,-0.5967489763789527,1.8298204101107922,1.5081068035452525,-0.24031757252220112,-0.30863621455288226,-0.4503258657764535,0.46104804479462513
3861,-0.729168187474122,-0.5830563436063013,0.13993786374157155,-0.36774364486168815,-1.1599214895668533,-2.020011818916967,0.0020773160971034837
17290,5.226053977931283,2.0802574160302103,-1.0924235027839624,-0.9756167941989675,-1.3705972190021447,-1.7596676020860154,-0.027471473881953257
7562,-0.8239728539243455,0.9265984612245821,0.02926476730688598,0.8029878902672114,1.1696936892243617,-0.25746796096165425,-0.35109982803586465
11670,-0.3442306636730103,-0.8887503468906451,0.597974693729639,-0.10926392394916112,0.4947951845454297,0.0018994219132084992,-0.402059538536768
15376,-0.46969767353226094,-0.6705232306253367,0.4789658346930331,-0.716091745204998,-1.8368172076958276,-0.9697587474554022,9.731752427817138
10402,0.04001535785266947,-0.4231988288209012,0.7478819736890455,0.3323642546309781,0.6089076401516227,0.0741526314229923,-0.013715696920011214
19770,-0.08159685806279157,0.06967981544232604,-2.4744178215728216,2.689274828458367,-0.6374969999375608,0.1003028897928546,0.25234953808455657
17775,-0.11053210441239968,-0.7020408258597048,0.6525034932362497,0.46629491721646904,0.2925411831433527,0.6107813812124037,0.0166336241866139
3221,-0.17326855389335713,-0.2914330887314643,0.1721331100265762,0.03641757447761424,-0.907191725640075,-2.56610527282205,-0.17586433788747047
22126,-0.07883811619300189,-0.22462113867635336,-2.117182678090955,-2.105207859308155,0.514787298030318,-0.13598149996677586,-0.6280624099483179
17875,-0.0714042950138414,4.177645768279928,0.685555545632837,0.6230069102690832,2.8808389525721236,5.242319460261609,2.0489974317978383
15492,-0.4562096603807498,-0.44108563808749285,-1.912349569599792,-1.5892309706166974,0.7192830365579566,-0.5780575863062926,-0.24016020403388927
15004,-0.3241728737514677,-0.26741547813833944,-1.3019586625411448,-0.7774414871590588,0.48063814714466846,0.35091254399756727,-0.4832642940103528
12729,-0.3871230469295534,-0.7499884044741923,-1.1126928544019083,-1.7246488745740471,0.6694599956443824,0.3487484594367608,-0.577966233705789
10413,-0.11423233610154081,-0.5976932882437535,0.5890192681703202,0.3337531400867462,0.852186251462762,0.46800147403608106,-0.08147889385950646
16531,3.552258763262959,1.156560699832433,-0.17875878246391888,-0.39648167024135117,-0.3571084732732786,0.08250252988707046,-0.4404681652604315
16168,-0.38271265159393947,-0.6001112648235171,0.9400878500451489,-0.19407381839710838,-0.4818745557632255,0.7511773193161516,-0.2149767910480132
11407,1.3871382417862401,-0.47139459480663254,1.1837366449515487,1.0180062197516568,2.4006210213771015,0.42334348839456576,0.004422353683746288
2043,0.33617126946433046,0.04151480531761387,-0.6659154262512167,-0.06115918337924536,0.24716625197588496,-1.041710634662965,-0.18145844619313856
11487,-0.01720863009765813,-0.3270621537440268,-3.058263135037835,4.4125342848767035,-1.0710117067464942,0.9218015109056944,0.16019188085583047
11792,-0.27681660326834506,-0.5981725411027624,0.20000887774092213,0.40855177389693237,-0.3096613391315445,-2.833007463006273,-0.4610595703587637
11667,-0.39104671379114225,-0.5085070865608763,0.5075200183978972,-0.5409820019834096,-1.119148390362593,-0.5518969308809399,-0.33404041499762277
16062,0.05283445173201335,-0.3780148153095744,-1.004611331517587,-0.12449328757865405,1.1678640172560144,0.3196653317782045,0.22098414399826918
12220,0.38880087016567527,0.41980250879702075,-1.1067004187492353,-0.3110580034208713,1.0693152507047083,-0.8006229640102249,0.13597568047830014
17605,-0.06439888310260827,-0.010121159036428393,-0.8534448941064956,-0.3330870381873376,0.10676936868913069,0.18841345563818898,-0.08648146466669908
21554,0.19525343896376002,-0.6642325291942004,1.2460730297025555,0.6692036364223101,0.4162416295129282,-0.06585215159302879,-0.17236463561120255
10258,0.07427782141989354,-0.4226780975030354,0.962821636548082,0.5560456768757731,0.48420539134592216,-0.11426882087280026,-0.005567464072041775
16224,-4.5394412492142715,-1.4836994078677097,-0.45679812417380755,0.8550078713014923,1.2342285042341954,0.6846729532286859,0.3876403446798875
3200,-1.1214277684136442,2.4856017140414055,0.9670474352758839,0.7260561751008433,0.6703102539820766,-0.1372262688317709,0.16208023511999659
16151,0.11394141661141169,-0.6667790171416265,0.5000553112550398,1.308486128008056,0.7090017769747542,0.9028014687182421,-0.09637946215638384
3323,-0.16874388471990853,-0.33039363495250595,-0.16222044043118208,-0.5589176211203083,-0.3026151772021593,0.7979872012787436,0.27326142641214024
21225,3.964363305947633,1.0960937246261815,0.596954793071899,0.14751957792384632,-0.13280241961695124,-0.24798742860415976,-0.48468655895233037
12054,0.041469985150002164,-0.1661769213371313,0.6283246397735808,0.2875822150219019,0.839285039650833,0.4050196715366747,2.4403671042093666
15761,-0.6523095212027293,-0.2302782816717946,0.4744391818974921,-0.5979959199011301,-1.3267925606842512,0.16682468353568436,-0.02615505698672347
15294,-0.051141870670707155,-0.14386419258573369,0.11619080586017591,-0.04747221633863557,-0.6074059144301494,0.34385055055472,-0.11327848885127549
10681,-0.006231370864403931,-0.4436050426569851,0.9592785703966348,0.1640403297906988,0.17687580542953962,0.0899335440491374,0.47040962630109606
13145,-0.11198424166605532,-0.36789148504094715,-1.7859829584873461,-1.5313507113931768,1.08408851683536,0.8224306705015222,-0.30186758937635066
10598,-0.35501380050402714,-0.4854932811647577,-0.260974787786556,-0.42109592688586167,0.3837156035302229,0.9358304109135159,-0.35783725348138584
13103,-0.44719500842663024,-0.139560753669354,-0.12075188281113174,0.21552676913304614,0.205532524917965,-1.3046510176131463,-0.40919564447629103
19856,0.18603993310155909,0.4526504291675631,-3.838821799299355,3.5884513326093264,-0.9396305947973966,-0.6690752515551526,0.01812257545540429
12624,-0.10387392880486837,-0.5634186313465768,1.1149972471011012,0.3062425843187435,-0.01186099418829455,0.8685621645578185,-0.02526152463743988
3256,0.22797080054713034,0.12639439190086724,-0.401228915620847,-0.07186735257268924,-0.0769027669142426,-0.12096202274000101,0.5124312675449874
17853,-0.41065490883159533,-0.033513703761619086,-1.3801399721500316,-1.5986182420123072,0.167799171727869,0.016830569596227852,0.06389850329916243
3561,-0.45689660633020424,-0.6305816355878487,-2.5373508759626944,4.21455355222288,-2.033502840021471,1.4626582051285695,-0.04991304044991034
12187,-0.07464580077429236,0.3458857800322114,-0.30599559829527717,-0.24310137872690146,0.16925130792723803,-0.2678897450661352,0.3670196617877571
13349,0.014751420724992142,-0.40719399910667115,0.8555507607730819,1.3216316820777692,5.623846226194399,-0.9952428006248641,1.2655436178673207
10731,-1.2465229456053515,2.467185056080203,0.9532844078885921,-0.09164558257254318,-0.5862653638581561,1.0224853524845154,0.0015402905660149768
22637,-1.3598700316581818,2.4234305476707667,-0.6236811188172169,-1.0330499957109163,-0.07887818059543518,0.28109541110604863,0.15411634604539567
11415,-0.7228813872120311,1.5548353840481137,-0.17501948846421791,-0.056589359244096554,0.6271594267703746,0.7807089389738661,-0.4670654457254731
16465,0.05333525975536568,-0.11771289968453855,1.6461580692850506,-1.3253186399524006,1.3263972970571858,-0.5050054127916741,-0.616497714998707
1892,-0.39180670558702196,-0.42555864710343155,0.06096404356467199,0.3586427220718399,-0.8249028620517769,-2.6161904291375846,-0.43874324393577896
21865,-0.11973905184313165,-0.4763219160236703,0.07122013467990657,0.14966763269700528,-0.15883942673418178,-1.0392323222397861,-0.22866992878786302
12071,0.22138373590878513,-0.12657153472436905,0.43860557357782765,0.45917586848897496,0.24639952930604664,-0.3525804125192362,0.24942553029036918
20664,-0.1660161333935742,0.13105705313250296,-0.6090521878840437,-0.37304424992453983,-0.06897880352177227,-0.5942441349455178,-0.1269755859187415
15800,-0.41797363810555377,-0.8410741971165823,0.6564818177274961,0.4108767953490913,0.5085260350034909,-1.117956106971452,-0.4280336733558425
13324,-0.236471314297459,-0.8724902055492926,1.1241968621319427,0.4281898441370092,1.0422208233716053,0.48802689446501535,-0.2889610901168628
11964,-0.05188739887488593,-0.16451099661519739,0.3088511970549684,0.5897534386863188,0.05368531654847334,0.047063641372406886,0.15409422690739738
21409,-0.19369382832595036,-0.6881942974088958,0.503577430974941,1.029617166674743,0.640187268935387,0.42726028806644245,-0.3743945699263892
18632,0.052166001152837614,-1.353111593287487,0.2909554325706667,-0.14930983859905722,0.5675063352314432,1.4860383293274377,-0.3121942684527908
19578,1.7108736751245945,-3.585568106068317,-0.5600374169497947,0.11936531834693624,-0.12111796952813624,-1.0895432811643004,0.22765396433735358
20970,-0.45050924681391624,-0.6164588624719003,0.875628729036947,-0.4611772103751026,0.15910109138893747,0.8287817373676368,0.3757724992403517
22423,-0.2818600474050261,-0.3265146391794275,-0.6905286640082634,-0.31410312607154556,0.028314506536172793,1.526069842677693,0.5114099767341903
20426,-0.02964229394698109,-0.2834842898231177,1.1701134225557126,0.08684107707504331,-1.174978006093927,-0.2606765863603902,0.6466681675576496
11659,0.02058812629262275,-0.22530108546020997,0.16067329422870627,0.13608225111332187,0.1875145382832028,0.633088069394254,0.18509404710200522
15194,-0.668864956912191,-0.5216370653622606,-0.0043427175221450315,0.8178939089335682,-0.6854023630611018,-3.292353091911785,-0.5522015784435532
18623,-0.8412189908982252,-0.6461282410305519,-0.2897278854738837,-1.7083718486466968,-1.1036441568125495,-0.10051047001388462,-0.5275763982517224
2514,-0.1828572934541381,-0.06996151856161711,-3.4628173714911563,3.5585200218932624,-1.2766673995568165,0.5906808122160335,-0.029481748764416813
3216,-0.3340583405035164,-0.49640423935161015,1.2267261235457638,-0.7752557248748944,-4.333274147142125,1.365707805266578,-1.5774021520996793
4360,0.31559587813407,-0.20591136823995276,0.24180301224932269,0.27356425581518035,1.0525663516671264,0.468857849867865,0.08216843175774131
12608,-0.23530441049893708,-0.09588934733129106,-0.9919896998442826,-0.4061056398803519,-0.024673008091761785,0.463615063647538,0.36194341228826765
21817,-0.1556840521861774,-0.12157409033221762,0.8519505017732403,1.211588498074817,-0.7152320093952609,-0.21212170093468685,0.09735969032416483
22448,-0.22613187681512034,-0.15944112629849969,0.1750637872167667,-0.12822288624192119,-1.486473427326433,-0.3598142984175532,-0.08466558395668966
12758,0.10139925789179814,-0.12575587610087222,0.5944496112938812,-0.014763172474276616,0.1550790778717494,-0.5110312373605637,1.2765502581376231
11364,0.26974761098195915,-0.09121160903172752,-0.5155934890277057,-0.4992981177902731,-0.23510871215108803,0.1546531467252016,0.03658674543886761
21799,-0.18536065632387894,-0.29951930255957965,0.12427108511756045,0.12932133254779085,-0.49135755425342087,1.1666410953182,-0.6476253461578113
1342,-0.008549758519436948,-0.4904824346182046,1.092084309844107,0.3331904947620194,0.3975653502867748,0.3592317310771062,0.08571382384856581
19440,2.5537849726360737,-6.39297664183882,-0.20469074531896372,-0.06418189627772926,-1.8352086319227974,-2.3709905914309672,0.4217291037662388
2005,-0.35176822786516543,0.003261570177135867,-0.7237946112948184,-0.8782656117790802,-0.14233059957560792,0.6283903132818192,-0.09202436949746878
9863,0.9653070027435434,-2.4690816338168036,0.19128356528405907,0.2868626763982098,0.5507147340698509,0.3567119047514556,0.21834872435790104
10494,-0.22393847948938408,-0.8119688056922367,0.7700206858375803,0.07293668867384756,-0.4510614875539767,0.27398981131550393,-0.9696308273549207
18877,-0.06668661033378989,-0.3241375886818636,-1.0109036487426593,-1.626476944600145,-1.12208466948911,0.9895940477479277,0.2654830452954696
11520,-0.5319053826138118,-0.5712324743543653,0.4955914813475264,-0.07961949728714204,-1.5329814499568508,-1.6410440300147822,-0.9700672953301986
3506,-0.0489760820736109,-0.3889323809128271,0.4391261560727737,-0.33641795932798285,-2.760912363159929,1.0034126711978701,-1.5671992069183305
1740,-3.5401040455978667,9.259860155411147,1.0146570861995377,1.329629041137937,-0.5900498041060794,-0.9452861325475949,-0.28921503028806933
13158,-0.04843857431630877,-0.3974727051223729,0.5492713845589033,0.22302961920007955,1.1419098627405446,0.2848568885665516,-0.4447975378858846
4077,0.033589246236745855,-0.2363681451682992,0.5306560364267483,0.5121723961936053,-0.17851759755541421,-0.7810575272514324,0.0589239905321653
17154,-0.2596420527228362,-0.38763593723841155,0.030384151506043632,0.5186192762250216,-0.27433008772999884,0.38383173614131955,-0.5863972604908828
12190,1.7521089695466308,0.6711176194020655,-0.48023124937563144,-0.6370076060778044,-0.7653313585843082,0.6313132448422604,-0.20244706869997695
13040,0.3726708108510085,-0.36924282169916833,0.6039154619324136,0.9583488755746994,1.2105802505432954,0.3246266065302368,0.4831355993552179
19069,-0.17652116618417185,0.06773216032966539,-0.19909977473797177,-0.4188029066269782,0.1881918803501257,1.3818841928085825,0.04682302785823087
17881,-0.44784617485949374,-0.15058443659891385,-1.1786878171306296,-1.2386101318559137,0.9755355416522695,0.5635578281149746,-0.37100718882040495
11543,0.044210598526196174,-0.2932547370228337,0.37228278041077506,-0.3178840280455728,-1.2106535487828243,-0.6077548478026223,0.13634793888454988
21669,-0.04639166493328286,-0.799320254260647,0.3013394402068955,0.3705850225817448,0.9632183724398715,0.6706716253392618,-0.5645889479493854
11251,-0.4930109027219903,-0.03439408675203022,-0.4543394769208212,-0.8133543624776689,-0.45472592071664286,-0.6110702919644472,-0.04599441369634688
12479,-0.5068779961496714,-0.19260816935916808,-1.3040965803258635,-0.9633351140904917,-0.7226341812169277,-2.5404926817898734,0.03392724018390726
18773,-0.3641290283702155,-0.3388331346720421,-2.0688609273321186,-1.6295581036026818,0.16725956651108853,0.12216357565293687,-0.32556977505544765
22604,-0.26820781977271996,-0.4983894771939943,-1.5966214545297763,-1.1952945067981553,1.064347913758384,-0.28059655585041854,0.09735273028661713
9795,-0.39754463236881804,-0.7150227600581791,-1.269612197386511,-1.9309416522100749,-0.1401010402118961,-0.24238018982696938,-0.5056387445076355
17884,0.008141353306725435,-0.4488495431180239,-0.06517377523178072,-0.23379096262712717,-0.1769610006597137,-0.21386899333438586,0.773897413265008
16274,-0.1360445918735713,-0.4847668693598187,0.21771586963572442,1.198797605157805,0.053148259174381006,-0.7322642026505548,-0.030991188419859966
10892,0.029439136853876127,-0.5813679108681815,0.7242429461484171,1.4201966522180756,-0.09905137093548484,0.35472704560425405,0.07308931448269232
15171,-0.7592466311991948,1.7258103239161091,-0.32510524279877206,0.44690106478042985,1.0531179053982331,-0.5355558662442412,-0.06696764102930912
2491,-0.18071634333032113,-0.42212046848195117,0.6436076420825361,0.3441495630516468,-0.4589253661715523,-0.47770426832266016,0.08286652670661981
19195,-0.9579494905002105,1.633992674295427,0.13827306088041363,0.3583623179132463,-0.38237954487687703,-0.2772880733749276,-0.035323407988193944
18753,0.6051903222041477,-0.2660336054536882,0.43687596661776684,1.0349848336476237,0.6296734127157667,0.6536978983985546,0.26410656229352164
16419,-1.2158003358533427,1.3600737682113535,-0.011802799065929058,-0.42008345906195843,0.7388942545026296,-0.3038213784159624,-0.41967261365063446
22211,0.15914808793953006,-0.6015159811762952,0.9524430683470074,0.7908595514583058,1.6534594792187014,0.19388285038401068,0.08852367554053511
22115,-0.09734392137686095,-0.589685642301608,1.2984538598896058,1.0977298316874151,0.46259672755539244,-0.7820019564664807,0.027473365696194043
20986,-0.30455430922189347,-0.8562886876491508,0.8316870303238982,-0.023008929053331212,-0.09906210222270809,0.4972341017389637,-0.5418277982546118
20334,0.12764145194936014,0.05679055598390229,-2.2831406247877397,2.693989412228393,0.0476962151147973,0.7163464132140662,-0.4257205253163883
18408,-0.11610091925651257,-0.7298417643503312,1.6423420593170877,0.9911990055488585,0.48380124009314107,0.32698440603441786,-0.12801427689308398
16948,0.12440248239020467,0.9719299339061078,-0.36288100511525123,-0.7320278057080388,0.6771110262634887,-1.1774230348900336,-1.2275841390445654
10998,0.08239607407941894,-0.4678479907013009,0.990406974762693,0.6821190636764151,0.3279153397124389,-0.3540795597293302,-0.06147688920130124
10380,-0.3420233661417183,-0.6198964211677752,0.13910430893349654,-0.14344483055971846,-0.777284187515601,-1.3257764053515273,-0.5677092372073403
11591,-0.048900974793025416,-0.13975945082230581,0.6662881656315,0.08157810964310916,0.06141883900502286,-0.24108932030416516,-0.3915902626201215
18740,-0.1878464067908258,-0.31085237550988015,0.18053424824343808,-0.31726706159793794,-0.926718111774651,1.4529185983409247,0.27304002583242787
11707,-0.39729634092863625,0.028085549177378873,-0.7703919114620585,-0.9368230275934328,-0.7136269996627899,-0.8731409155971522,-0.012388463573744958
18735,-0.3068705591385574,0.13700929880426715,-0.7840896389087091,-0.517293477798719,-0.8397382658595974,0.1579106801054525,0.07857125218496631
17081,-0.5418530471353091,-0.6896340696135256,-1.533891473399182,-1.993931011691281,0.2887384227671456,0.7551357526622126,-0.2660520030607076
3317,-0.01794992410574104,-0.34006323490938334,0.5486858479478958,0.35501982729236214,-0.327673714934198,-1.1710753045803228,0.03940955146824526
20307,-0.10991158221837848,-0.36097337915588024,0.5606459077510433,0.03266514111254445,-0.05339062621727193,0.3963959877009859,-0.2174647744878589
4359,-0.20181622857572099,-0.4764876871637875,0.7573140558591885,0.19202822703480102,-2.0337752534330353,-2.9939578475141775,-0.17825931718732113
16009,-0.3054227378034669,-0.5867250731592522,1.1861248701969591,0.5770176243682605,-1.2838015858651268,-2.2352132441897634,0.011250804876172813
1544,0.0651477143719571,-0.42763627145954675,-0.4707157345585556,-0.6699190024780024,0.7958983315869713,0.8156593573564542,0.031611498593221335
12060,-0.1407462242742469,-0.4327543432496887,-3.3038859198882684,4.637787517518707,-0.4671855474379779,1.6810104723301795,0.206356985287307
1900,-0.10136053907461685,-0.5443238970500328,0.8224045252099739,0.1482304026273966,-0.510452753833793,-1.3577658287049026,-0.004264883505818702
15461,-1.3401632252909834,2.6555536848372197,0.4385161437826297,-0.5427435914814649,-0.4620106114942182,0.941614153732446,-0.08531590181636357
10994,-1.224397210659402,3.362278583552626,0.46312151524302775,0.5407017358807018,0.4748712076097264,-0.33467246637752335,0.20685775128364425
3858,2.0060604216619224,0.7104957266639055,-1.638949292579146,-0.9676259074531438,0.013032906918706195,-1.2234531275018858,0.01825623035553588
18806,0.2088408793309271,-0.17730716491564888,0.7058723828275325,0.6637123235289704,0.2931835400571508,-0.48573576266147195,0.21075527932087024
11270,0.15132096109953488,-0.7526230592485742,0.9830542626484882,0.5825189688854826,1.3529003933236616,0.853503323874137,-0.31046660006642113
15750,-0.47028276147337056,-0.8818525370177627,1.5677699869680028,-0.9296004023658753,-6.677157297510268,2.782703466530051,-2.3499073657457803
6282,-1.399279141007218,2.603212950953763,0.8494421272618555,-0.01803624495281049,-0.36383853830559937,0.524817356516122,-0.26229807277937245
22594,-0.41768132117207707,-0.38287638610669683,-0.8427641994883485,-0.736303934499627,0.4947722455851392,-0.38250133313558626,-0.0722876855303507
17039,-1.073801045550009,1.4778143569317832,-0.15300731732686,-0.35806784432909045,0.10258242554919184,-0.16298392301504153,-0.1665987594276947
19762,-0.10106848697159151,0.02953910914692311,-0.388630644767885,-0.1385963057693385,0.057606572709155555,0.15494348912007577,-0.5863401165088358
12781,0.13750855333898437,-0.6045956038488832,1.914131454770651,1.370055592893969,2.509988025878491,0.23380904923376356,1.1060133870697635
17525,-0.2556220196442985,1.1749154441114784,-0.3642691846391437,-0.004520562651288423,0.6339042793211209,-1.1784022647321766,-0.47431654691140046
21251,-0.17642526805555786,-0.7236339056812517,0.989588776209873,0.5329230051656868,0.2612562325335014,0.4249367424223552,-0.5044786052207737
11125,1.9460661770131882,-4.369836171199365,-0.6437220139661415,-0.09255669402333778,0.13320765761567582,-0.7952065522080598,0.7000019668237779
18252,-0.47742224032579333,1.6488232451385265,0.6583780453561984,0.39180232652686275,0.3064528065978038,-0.41566044136808156,0.10582744628409033
12252,-0.24755248867922117,-0.5089644323259359,1.2402768550975813,0.5021919152070556,0.1777253477641365,-0.7398341613075955,-0.2039033316777761
20811,0.10958735988496816,-0.4058870902322125,0.5856026939287056,1.1752832307009875,0.9523950315012596,0.4384226661884937,-0.28333568866759784
12906,0.4440917726768125,-0.11016877760384025,0.00137981221797788,0.13813020250600808,0.434245372139461,0.9257042856392828,0.06541109328030835
9814,0.022684182414016908,-0.867502401232017,1.2651261712849802,0.680475879730388,1.4968889919241233,0.5509017629584456,-0.2657025872946488
10710,-0.10229710443134343,-0.39675586108140054,-1.6865592489323824,-1.0704680989512894,0.23519593275378117,0.11517479461206642,-0.5887178400128669
22676,-1.0527535948254991,0.49006870676936265,-0.7169364266878488,-0.9504068683239204,-0.20764130747370935,0.785150612586919,-0.18924771559426407
20421,0.1162845773434007,0.009738610737225244,-0.8587934565661616,-0.6801136411622595,0.08907299513897662,0.8648410491024434,0.029439239638507763
11340,-0.40139809191242104,-0.5991645952168667,-1.5840694161820141,-1.921950064370113,0.9490272466081322,0.44526064466910353,-0.28900644455504554
4417,0.1828858973759606,-0.4901296891186692,1.0382751999970659,0.4687913695999897,0.8029130128737236,0.4224182473306959,-0.12796061209762608
3241,-0.13527743371844092,-0.2168083383190757,0.024449241763563386,-0.7195015635466357,-4.232603242057943,1.9098647570093508,-1.3126318655597597
4155,-1.0014094603109718,2.738848239720668,1.1777664275166386,0.48915019846643415,0.3679662680064718,0.11546106785971713,-0.15739395747885265
21294,-0.30966885461721455,0.24329961361098557,-1.0892444625190265,-0.7331387094257411,-0.06649646392159546,-0.27580431724575266,0.22445144423321317
10254,-0.7125448858479277,1.577388436435632,1.2517264614459274,0.46089080320470915,-0.5530487352554225,-0.35706589776976605,0.5077274649726176
15088,-0.10540403704552447,-0.11110536802558177,-0.09118654950724027,0.24408017514875574,0.8642293450284213,-0.1536008592802878,0.3983800338047659
10292,-0.21575482210925648,-1.0067739601876093,1.540193336503008,0.031558810493699456,0.37080103475788984,1.4826570423344025,-0.32736158806559296
3939,-0.8669918225374647,1.823658575139875,0.34356968194416015,0.10024979750750618,-0.13580664115719215,1.1003592202153722,-0.35129904616054447
2008,-0.16512945784311833,-0.1760287318533093,-1.6522916524757603,-1.3857383464856878,0.4414012655410416,0.22375288646450053,-0.16053105560945496
17773,0.07656178537464227,-0.11143347006198642,0.5542024757924038,0.5181300000578221,1.1169059619023636,3.2535846061635803,0.12406919677455264
21407,1.0530850360478994,0.04899060805016488,0.056198740805445256,-0.04688338841501746,0.05870040719987034,0.40541856150713607,-0.28729447566979255
19701,-1.241121696605827,2.1440626496477138,1.7371253884302702,0.6662736311943366,1.4475462122482228,1.1040977185233294,-0.6967770669091303
16219,-0.2388722922392965,-0.4474305303832178,-1.159453594218074,-1.040463234408236,-0.3142705193575681,0.6848930363260126,-0.061881594993409436
3142,-0.12738501486772147,-0.3138953303473688,0.3889355623291797,0.4675327801261966,-0.815061274148092,-3.653853520077107,-0.30765249011042295
21985,-0.3878846776330582,-0.04978409530339128,0.064353481773848,-0.07879432277178906,-0.07422435711084341,-0.1890877818311251,-0.44276245796282
19853,-0.39414055317386315,-0.6514096958055919,-0.12949111260624308,-0.4261818991000932,0.2765350491290427,-0.6156693887690151,-0.502873466173942
2974,-0.9237016509014336,2.3098495948078805,-0.0458748341046439,0.42745461910030746,-1.6972360315680473,-1.679789122443129,-0.28267449493634983
16389,0.013906047300355629,-0.33167397818673383,1.2720701694535594,-0.6196659608776671,-0.5279266992928215,1.0546557230038622,2.3808832462327265
17475,0.022934244301803658,-0.024671483558286515,0.42986660837415164,0.4905560578517619,-0.7623888472632824,-0.03650994972600099,0.14813041972504365
15592,-1.0510392574933645,1.2942739122022449,0.37625090048546816,0.8169114863936524,1.4043789770178872,-0.8493152610708693,-0.3711872643637334
22193,1.4818420347263286,0.3929690132939477,0.22941866678661635,-0.03550897467475502,-0.42220841197200565,-0.16816669982044644,0.13813166923994608
16183,0.24136659621645176,-0.8655777801711307,1.9817778156724495,0.7314923458677896,1.4097169002533096,0.3394261516294961,0.16997366371061737
3583,0.13580530850142994,-0.3563951385072185,0.6622797717508003,0.36896437899503454,0.49949016892695697,0.22737815573705544,-0.03545941727755796
3634,-0.2827270255867564,-0.443662982051479,0.40372355164583024,0.01721020722735846,-0.9898152250697015,-3.092795004994907,-0.06986325870618072
10724,-1.6251701194223478,5.804426088914901,0.3025434264356503,-0.3268550443892838,-0.46010961017184665,-0.7383104714304731,0.9598402035370689
11132,0.15413653612839082,-0.6553657981668471,1.2192572589628026,0.34315054569986775,0.2996111113579591,0.8485014964557386,-0.3284328042913562
21096,-0.561295541217671,-0.8606449303258625,0.3571446934903463,0.03486279497872073,-1.2164185511558248,-3.9580840990553234,-0.5892960848628546
22474,-0.6916711925419087,0.7397445930199072,-0.8953801321824858,-0.29798899403938967,0.6007311227929586,0.22111544451236614,0.21491711530551252
20746,0.020541217341053557,-0.7968999149720868,1.2530299593123937,0.6154929573031322,0.5241302571160671,0.5047644575415322,-0.10908056456378655
21051,0.004665556056491685,0.060003756127159885,0.35922562536293823,0.1681745503325388,-0.2750511147936665,0.022319310906290954,-0.06764650969743502
12938,-0.0429761759177842,-0.20365277693851586,0.3767119040411944,0.1888837306318401,0.2864879987317587,0.21911301534548885,0.2842605170684576
19143,0.18705165294471685,0.22590271016950014,-1.0776869722531959,-0.15076758269193882,1.4932961514578662,-0.2962495066412032,-6.085509630030268
17949,2.1244837616785284,-4.401281047752665,-0.4348339099949462,0.46503517882339584,0.7358561827033524,-0.4742392448614367,0.4551744518632326
16211,0.05765004892665305,-0.2197869313770334,-0.7171283153970709,-0.04710316549304978,1.160951691167311,-0.8398735397844213,0.1801920521972341
12032,-0.14975892833376508,-0.13136017790926938,-1.0536140218742376,-0.7165892491585085,-0.009171325421392535,0.17676337329246758,0.3626660204867624
18814,-0.47750459348509067,-0.5180657991280392,-0.5307114227179534,-1.5369521213813069,-0.5726535155303846,1.466758603951228,-0.00020664855696208532
17713,0.45473496772969474,0.039892062601856494,1.0250637848538084,1.5315733885917813,-0.0783450479713095,-1.334329931129084,-0.15441355307918164
12210,-0.2375762409404563,-0.6787824175461804,1.0146113672563521,0.41095109821794745,0.5881382020817085,0.5686927419536026,-0.49335338893907904
10493,0.3674674359190187,-0.0629443428966599,1.2783021728472654,1.4837571899772797,-0.679536430287817,-0.3479439328346049,0.3756453280410222
12812,-0.3729747163617598,-0.0900487433845233,-2.077133316454212,-1.2812132397461264,-0.9793654894355458,0.11437153613076562,-0.5008603219388646
12760,0.07343009753691764,0.074806068457514,-0.8618829416313589,-0.2878635269892203,0.6128515184311364,-0.3429950037388635,-0.04126419025575879
13451,0.0681298176034536,-0.05530985730057498,-1.3965087989299476,-1.0400028377691137,-0.3166741709301949,0.08249148117853178,2.6843583308025156
21994,1.7781478368437393,-4.054035289545618,-0.9994238796987186,-0.08485938598611166,-0.9635836974765675,-0.6131220207477299,0.19555081229622992
10429,-1.1420138296156455,2.3799094456496968,0.07546621685634236,-0.30017717811686534,-0.0456623122941677,0.5509751559834329,-0.20800574436194033
15313,-0.8121819594831339,1.8575848172979712,-0.3238850340232693,-1.5721205900689286,0.6927296003420597,0.6915273490331919,-0.6956837730197164
18250,0.3104571510356872,-0.4375126961317537,0.6926643882461532,0.8698587803715094,0.461940314083917,-0.31536715950803845,-0.5236991681019878
11210,-0.2411218242966265,-1.014874466207093,1.5428521390849885,0.4497216379904427,0.47422163548931817,1.2037017742630836,-0.32091037368504793
18812,-0.21452784415099396,-0.7861258034954506,1.0629820162844488,0.918011864192435,0.6359543569230278,0.46983842591384667,-0.019631309735234394
11647,2.829131715977362,0.7742529592146613,0.1582207570822449,0.2909380146673111,-0.4559414766512006,0.3278257338024455,0.13801157400157224
12715,-0.5191972587954721,-0.1993398451480245,-0.25214989010390076,-0.2907837461625677,-0.8876633119297933,-2.3183867163330723,-0.30258044407095885
11039,0.48567373030400324,-0.579314828924407,1.5352489356916057,0.592124308442879,1.6231644908472336,1.11461446700084,-0.13996147695381572
16761,0.3393203651990951,0.5727052890112883,0.12790276400717263,-0.6195781766075019,-2.4375123616678143,-0.1877653575680031,0.19693774775916775
11777,0.1499606544029325,-0.9463854635234219,2.1235551484381,1.1664938135019176,0.6041710346426917,0.7688240624033756,-0.3073171298261462
18502,-0.08427453791582229,-0.5485231069325204,-0.23348740506869434,-0.0733183832955686,1.3153730345930206,0.6014483323497319,-0.3867474972576825
1468,-0.14353529255896488,-0.0066083939764630464,-0.5992412639829908,-0.47121721662014054,-0.2997827487602265,-0.06340157273849537,0.047148796907947876
10732,-0.4600421128671151,-0.36359641510335455,0.5708344637758993,0.2795900414876331,0.09151592982329425,0.021588593261341868,-0.2860380941844588
10479,-0.20003944892936504,-0.0967618571268821,0.19406990696742352,0.42631384488706225,0.13024373317976265,0.5365840668533469,0.11984883658876462
15176,0.0957832298985761,-0.8021054717345588,1.0373929059533793,1.151322444652176,0.9346124957312747,-1.0936338680926772,-0.36148680356788654
15288,-0.1524932819081284,-0.4865514924107216,0.9009466826920175,0.22385501220932624,-0.16059308522190915,-2.4382544021117347,-0.43331967716683184
18290,-0.3019233332569747,-0.04657223022998786,-0.8627456824939488,-0.1834715557071212,-0.24128888116806899,0.3893888792181008,0.2393145920035509
19936,-0.09117686967365062,0.08617408537307167,-0.7631369911935717,-1.06468113949539,-0.3310842574204882,-1.286127912839635,0.09724104018989016
17153,0.10401257327521914,-0.05735031629101774,-0.0503285174811691,-0.2782965752280371,-0.4902289764550994,0.05578198323306876,-0.07686189980498594
13605,-0.4708500735620156,-0.6759833991678436,-0.8951151821136384,-1.5949563891585656,0.06910571655855319,0.5418151775473173,-0.2219847310568861
19964,-0.09219811330598145,-0.25610170220770734,0.4275850206935109,-0.3413008762548419,0.002180649256755762,0.6644180366417356,1.9801606420903686
16198,-0.23562560505729188,-0.2765351520673118,0.2390332011335581,-0.5519563783871628,-0.4615620879740979,0.07060747231498926,-0.24860702361978304
11149,-0.10894656426681017,-0.4239431536179705,0.2524616232154854,0.2295354666640036,-0.773649301395534,1.3192876971106156,-0.42144526748884875
12482,-0.05156894252276743,0.4073475702949454,-3.149822717307496,2.114828113549047,-0.30130335807679726,0.1495196227547288,0.0717095001428572
12273,0.3267565440593038,0.2522172229650531,1.1052847641130215,0.32428912238212115,-0.5025192615657943,0.02329913260551944,0.05868031416049099
12668,0.21363589789371756,0.9550396669029741,-0.19797624166313593,-0.3338074364259965,-1.0746666444865625,-0.15298441128572116,5.470825739858324
22128,0.16912258905716712,-0.2962646707005035,0.5109715571366277,0.45484415049381627,0.3101012468745418,-0.3560125612986112,0.35997058209440025
1260,-0.26087105863478405,-0.543212038380822,-0.30036683670464537,-0.1176380400784701,0.2653745763883192,-0.2996382888977591,-0.48000988145890544
19670,-0.13189321701119977,-0.26094328846199416,-1.5871558315428436,-1.3989040960136783,0.8269317471251661,0.3144744398821261,-0.27851958855167513
11038,-0.10268154348616437,-0.021862605934542433,-1.742379004585547,-0.5200955359188506,0.08296561749163393,0.03404349787597979,0.3688073461722839
12850,-0.4546911115366509,-0.3454117780597079,-2.747055948306758,-1.8424416944912623,0.7784807026007196,-0.8911910172662711,-0.2247853441667366
13290,-0.5753977176417462,-0.6845839798945227,0.009095679961925573,-0.26850210261502305,-0.6602579149371642,-2.578885291528161,-0.3558525211599077
16070,-0.08982256090702267,0.30054822336464543,-0.2153384627331124,-0.19139702195787253,0.4037547638632319,-0.6157133591008735,-0.13226310751489773
14795,-0.06661342077235374,2.6356316856230793,-0.23001887078372193,0.49309248238957465,0.4286456446190339,0.4839225869369263,-0.03109475069573916
16647,-0.24137705465906262,0.11293761222977136,-0.2916876063694685,-0.5055818453852724,-0.7989459494202177,-0.9003812361294379,0.1967244743484431
16226,-0.13344436056850137,-0.23373384035552164,-0.7222713928460492,-0.015574056941235023,1.3657564371550748,0.3646479336363413,-0.1700916267765586
12558,0.007542375556481022,-0.673390563975203,0.9032645604929107,0.27455555295489364,0.9305709580239836,0.629556285703327,-0.34696282338378165
2181,-0.14527633377409255,-0.3261513329006048,0.7749755668035141,0.27015020129192224,0.5719492816461718,-0.45566309206730493,-0.16660432496163566
12217,-3.059922539305954,-1.350843468311333,-1.1145904174940162,-0.10160077142240094,0.1235194679332852,-0.598091846071439,0.2594047417374769
13421,0.07201783885834594,0.730985885181135,-0.6419246179066055,-0.602289505174768,-0.8447971220849761,-0.47296744818630654,-0.022963582334418323
3191,0.11597341234936377,-0.1925506968996916,0.6518251275073385,-0.3909734251020752,-2.480935873497218,-0.3009749913395793,-0.6020195652493039
10056,0.05172382561430361,-0.48104163271164385,-0.5414127113886085,-0.8632739509053436,0.4765445938493243,0.4931869875162896,-0.4246560122038266
2107,0.42693984666595036,-0.09542784955148845,-0.526908030023508,0.043142284279652617,0.3869906676056578,0.5008212760025684,-0.36686801058661755
15567,-0.6918555888336588,-0.5387462599484106,-1.3214783737293554,0.0603266327647628,-1.2528738286877763,-1.6688457972952706,-0.2727109469750056
14994,-0.30460990294563334,-0.4479124853253283,-0.8959628825771371,-0.4971119983403976,0.4363996536639752,-0.47657005209611075,-0.33860156707785705
10921,0.08706622119378217,-0.2803695793658628,0.3626933328725238,-0.056076130882135464,0.9626062948575934,0.4155147443880096,-5.8816242555654314
12072,-0.26947862631796743,-0.3181781492807268,-1.8597720540047058,-1.6452601085136624,0.14885181850896048,-0.14709590978981085,0.06435675990187903
17336,-0.30822453471618033,1.6763793717357507,0.9886518027830589,0.31807299285306145,-0.35782588609464316,0.3062675100051456,-0.3528308455163971
15732,-0.21743974212162046,-0.7498938512457912,0.5953989129674062,0.0047276690233954005,0.6194105938270937,0.5353553807379722,-0.28984959359880647
12031,-0.01491287918106095,-0.3220080477031806,-1.5821230035237883,3.344050841038999,-0.2360061424817336,1.5772363384329953,-0.09505416096070324
11004,-0.3827317292098597,1.1524003599115482,0.07833696973049997,1.0576186400481533,0.2991747678257463,0.32555463111239663,0.13635672095992177
10571,-0.14561985615224393,-0.37052685048707346,0.5647842088651618,0.4266066299916112,0.1368294888227489,0.25894323379677153,-0.16908397112030107
1350,0.07681579573080433,-0.3210789984933817,-0.9254956098956668,-0.25657693416997757,-0.25330188010950916,-2.959085458135432,-0.09191015199625736
4027,-0.013388815793109009,0.21976663380354702,-0.7089476538927509,-0.15369383720482452,-0.5929482968956515,-0.46751167104451286,0.4415478560030189
13536,-0.4191558837753966,-0.6737789811719843,1.1990763209501178,-0.3096194558761992,-0.3892167019201123,0.7016053549657785,0.1059412787795002
10596,-0.2530654644127055,-0.6385602896815601,0.42395244602971077,-0.37052368560679266,0.12132027287814928,0.9196431845122667,-0.14976417164338468
12824,-0.3838881388060175,-0.33542179322660165,0.1489481781245745,-0.775699289844117,-1.825334685267271,0.90002966258888,0.1322625013116292
3534,-0.045894745376466844,0.09204739478355378,0.2892294219705199,0.556979079073593,-0.7939025343874541,-0.05942831948710833,0.39236334457237215
3603,-0.36760903237581805,-0.12438630939347547,1.6604885278404318,-0.8743247142155312,-4.265068743622327,1.8422449322273893,-1.064682847411038
16034,-0.4818413711415938,-0.6912474329216939,-1.009138853199533,-1.4656606087091177,0.37741783947238483,0.6852326156598386,0.12189460130378976
11885,-0.8962000024931727,2.1422752244732033,-1.0980388246947748,-1.26905183827188,-0.07742611938463673,0.2768024330653831,-0.003991223182911729
10148,-0.5432757226656755,-0.4344281175933159,-1.1712993792145965,-2.5247816229144293,0.9626049883579586,4.5792544218356195,-0.33946169722082364
12825,-0.15455408416726676,-0.3553253496984662,-0.03230905367114734,-0.45843611450384475,-0.6066215810672562,-0.7597625247339782,-0.3586503333207402
20484,-0.308557142448143,0.24209037642696352,-1.1862710955578377,-0.7964729742388499,-1.4955837211550715,-0.2736705604734192,1.3045839115914528
10628,0.33929204926626816,0.12676998984757645,0.3421756698535304,0.11995528436855545,-1.0609586407890754,0.9789530155554917,0.21110896511000304
12121,0.004835981817268169,-0.08549383429752064,-2.1923332273593723,-1.1141027834325337,0.45162943595720223,0.4096323809864076,0.12861020719438798
11891,0.057182325274453126,-0.22582977133357077,0.020124354648035164,0.16088994906117415,1.398101903367449,2.1786108702499942,0.0648388593440441
15834,0.13566905355847048,-0.6891946564194026,-0.07090216883551471,0.10096784520107197,1.6906628192121402,0.4278343634414835,-0.052007188262849544
12737,-0.33789876521234324,-0.36829565804545944,-0.08595193675364567,-0.6949324937135373,-0.9254981194726484,0.5773856833742746,0.05029490018077871
20475,0.5575625306219468,0.35377529387862694,1.007978275173222,0.625926103716745,-0.14277406040312293,-4.600058468476259,0.6509678799740614
17607,-0.9961565092839672,1.769931182088129,-0.6585082535219574,-0.5580443646029186,0.1997280562479679,0.7957806051667535,0.3261400816916588
17566,-0.24071309019877454,-0.31142006401628614,-0.31571174422831816,-0.6779331001200614,0.16690231056263163,0.7624861279899455,-0.15460194279669298
16558,-1.1235761541412794,1.6085060832960718,-0.2057570836210862,-0.12220592647830722,-0.18063297884013205,-0.4461336552626398,1.430596155177067
20294,-1.525964399799169,2.254946753559304,0.19640777248699418,-0.8236043651905172,0.0649654997292685,1.019745340204745,0.031378130147530776
10820,-0.17131551083482816,-0.5706277087331141,0.7458409618431666,-0.054249530603695466,0.044915068388502,0.4648076006756377,-0.3657276991576347
11507,3.842561237552558,1.192955654049871,0.06716119221142267,-0.36090052316573296,0.5945641874329309,0.27852667257735325,0.3092659147300947
20974,2.2509501706871053,0.7518151679257852,0.0982446340028193,0.206335702599597,-0.5719314123970687,0.26527989201958146,-0.17729138550730675
12214,-0.0652225679123918,-0.21225644261383675,0.5060556686843696,0.18722286154058365,-0.38671633042451764,1.0233957897379315,0.11840300289704256
19116,-0.6455221557770999,-0.7072668992929914,0.10698024416507493,0.3348040565599874,-0.5667745679323873,-3.7520913620229743,-0.6934278375313506
12326,-0.06341457283512959,-0.2285725103923105,0.6161605430591877,0.7805809690008595,0.7668096845831096,-0.11831456231139145,-0.06314956896025233
10310,0.07122994170244681,-0.21385858973755564,0.6880679058791531,-0.019437055681303488,-0.06226937225067116,0.5846028170367938,0.3877485257932343
6663,-0.1906738594284304,-0.06344798924639189,-1.555665729205086,0.7023184879151326,-0.42981718624415227,-0.2643746056123694,0.05154299202269477
20853,0.14978067382826335,0.21554604772995772,-1.5306486903901813,-0.7740091521945076,-0.540862363762131,-0.4669086112393757,-0.15238169724011705
19560,-0.11498697960154318,-0.11802548349623254,0.4392490348716478,-0.027202535380108504,-0.16009784969738436,1.2973556131251152,-0.12053112221906248
20946,0.02753499603733453,0.26951661995850484,0.4712508282862929,0.472601427866779,0.0013775006952503428,-1.239789658428764,-0.3277805906583273
1357,0.7565840692979033,-0.23594012538110154,0.4698222988622225,0.6309852855170566,1.4109923080146514,-0.29228513875740675,0.07268849810826157
12889,0.08154948713012017,-0.49845212311436365,0.3528331007372052,0.3428240540483598,1.7045573358884258,0.32456547762633736,-0.46788888555885316
19978,-0.35385101436284466,-0.4475464310009008,-1.1268661357880723,-1.241206889307919,0.02343063785760833,-0.35927937466455795,-0.31382136674820305
9867,0.025787619051271582,-0.6688842663333908,0.6464978116114137,0.21320833596446637,1.2598343520828854,0.21063594705507302,0.5045808258914928
22443,-0.17291743143545774,-0.3293400869885674,0.598356575363197,0.9353580338789627,0.017318071633560864,-0.9090540712105878,0.055802144452212564
10295,-0.03945735564113775,-0.487795929160437,-0.5125722956246286,-0.818344356404386,0.6728484014110933,0.7876040067810591,0.11069439000287523
10055,-0.15241840535028994,-0.23323611280678236,-0.516297670369592,-0.4048729785892964,0.37338644816785027,0.7222530467431053,-0.0925687458155263
15631,-0.3166627742330393,-0.6321843204666763,-0.8086632736690785,-1.062719800196909,-0.3794254730437063,1.104829217545183,-0.005562313297325715
20103,-0.5079748436450763,-0.499162656818132,-0.12775325501519874,-0.765300059714537,-1.9649256878198835,0.3619059473285535,0.838768766633417
13010,-0.6071513336162921,1.2269819110523508,-1.0074722643004326,-0.028374143145734318,1.1972818669607146,-1.0457804347229347,0.3993522734719413
20232,-0.057741729498381064,1.1044539372094109,-0.39536096875328125,0.2655584481754504,-0.1881014280005174,-1.0472154292125881,0.24642557356856157
16997,0.10614292554215585,-0.4759822931929758,0.5054630146557381,0.9407213750344003,1.3621490322585588,-0.12422171539528078,0.13214373896217713
12055,-0.3483311112849396,-0.12153448909669871,-1.9359663582437023,-0.4054675362838416,1.5203761327135021,-0.5976494340881343,0.4716607668635706
10816,0.5596537184990132,-0.07835527337675424,0.9308150536919494,0.794247747350211,-0.3632012183372883,-0.9463144125718429,0.20588718604843204
12601,-0.6476835172916064,-0.5685300489244024,-0.4497915846359252,0.021734431382534322,-0.47658084359381314,-1.6623656248765735,-0.43748871700974157
15247,-0.17287430294334893,-0.23710608939865088,0.6138124912290032,-0.37256269173697665,-1.3056991851245674,0.8276680354518421,-0.07805235525216551
15311,-0.08880722161708293,0.11004111390438313,-0.3715526271144567,0.9818406335488841,-0.38419324992972304,-2.085965991240018,-0.3672490452447302
21826,-0.24235044355231863,-0.30217185587559914,-0.4085059277821434,-0.5636082559800828,0.28421131662717425,0.7274587692806607,0.06825546794885297
20989,-0.79792772472511,1.885553530054152,-0.1343454097708377,0.5659177889382231,0.9118629639605164,0.772644687413562,-0.4390373835473193
11633,-0.3573786486858264,-0.2632422636436242,-0.47185101031119214,-0.36818642466846135,-0.34377264328643453,-1.129488297491822,-0.3156648678019423
16392,-0.5550485386111285,1.6443316748502175,0.565941831439361,0.32087864547849165,0.6626478786716066,-0.11198456454607789,0.20245317398523469
10742,-0.2478844342982123,-0.8372109144292524,0.6533910528769459,0.015845319487447544,0.6587046974317572,0.7042927740464149,-0.3377253440127107
17926,-0.9315719152726466,1.5430056847420126,0.0782655487814694,-0.17236588659169785,0.6219546451343554,-0.26564415068064506,-0.6042394192557925
10361,1.8321326998198975,-4.517935918075255,0.10455578819027549,-0.23912758747522853,-0.9918097387329243,-1.3932175181949182,-0.14133852907607491
18626,-0.49936992373147826,-0.3725376414899052,-1.0010683766683712,-0.5449879367187744,-0.13379329929600228,-2.0936682822601793,-0.13021013835435274
17917,-0.3173090773366091,-0.6339350032643237,0.6070860669676913,0.5424915019700361,0.6057652693093413,0.7295541901020515,-0.34862370879040455
19080,-0.18332476355656885,-0.45616820271011976,0.40353683051398814,0.43384751559631285,1.1198076422768237,0.05472515801411708,-0.34246550271718595
16220,3.6582858371755673,1.4898599501563963,-1.0968904321275021,0.015181485456114491,0.014987537053063054,-0.8008474300837121,-0.4712542467832593
22434,-0.5926246370012175,0.5825935618332951,0.8182840488026238,0.09380134414909304,-0.27528771595170143,0.6157104077798994,-0.3662888463109892
12369,2.39326792326936,0.7106815292967091,0.19725557725495851,-0.3171718537824927,-0.19517698263601188,0.37322372594649067,0.22615401494467038
2862,-0.2890478794320491,-0.37997520979269284,0.6294202927790162,-0.23748638505698766,-0.8161406775243676,-1.885468178513438,-0.17936234138869253
20784,0.1293190648938883,0.40613309296847677,1.8917327932285892,-4.899692488845384,1.5455442177379721,-1.3250910419394883,-0.7241629991552423
18411,0.06461795938707755,0.4236737251836843,0.177972294195812,-0.041121211102866054,0.20131939963315687,-1.1013368538440305,-0.296259360972851
17932,-0.17628068730095078,-0.38812085174697664,-0.389086818154795,0.380032353115658,1.2730956644237794,-0.7090897248003207,-0.306204082629748
21087,-0.7419676040073419,2.5970098766604766,-1.271120551466099,-0.2477587876772677,1.4487368021475617,6.2298718146881225,0.709515683523721
10585,0.2033062026767958,0.4368414523225819,-1.1603008963266586,-0.20406451466384098,3.5916541162205506,-2.1851102933002933,0.5008200192750233
2967,0.1386719234869492,-0.6202393570283502,1.4971276298141516,0.7320112420668131,0.5167312913297155,0.5279336532402712,0.12419548403757104
18685,0.25464784264211054,-0.6366074063345444,1.3104077027113008,0.31105470770127763,0.6428598543669496,0.8163738316874335,-0.045396675715057976
16883,-6.737227642632554,-2.360482402876993,-2.6942617052091458,2.5771416234938167,-0.12999365326509904,2.0812663538678264,0.9471256087159766
10584,0.1451104597960608,-0.18598298850060024,0.4259404187154465,-0.06249372514854443,1.2561664863233228,-0.7326063245251397,0.2697099051968034
16757,-0.20570545150408912,-0.05779498830846879,-0.345832632214688,-0.16018777539904755,-0.8879534584883784,0.28824339869667126,0.07899894841689824
12241,-0.23816809726501906,0.3600580184756681,0.4601014721804941,-0.44794965150803473,-1.7618921141494202,1.841891213148154,-0.8176152602560894
13256,0.060821175786662296,-0.5183524057811172,0.6103255572049293,0.5001658041376025,1.3421969960454523,0.5550297546258518,-0.3500636719168861
18949,-0.4094160728373722,0.24813616452600662,-0.8074623341755552,0.2602701008626549,-0.27481511531071695,-1.4065433217861454,0.08202777284220396
18161,-0.14258190576992502,-0.4176650387900166,-2.1634663715741276,-2.0298704250649644,0.8128403766210659,0.28079806613688785,-0.5209073392012162
12787,2.7981767307675547,0.8917672637541214,-0.011795624041057358,0.15690970745574703,0.5745792083813934,0.055450470529869705,0.09222705540848129
15209,2.2112032957620777,0.40641580787234677,0.6803004373656598,0.03252183561096624,-1.1237283993397233,0.5621401664138412,-0.6268097334341428
10749,-0.34197759358591745,0.42308291653221325,-1.3276317669487478,-0.9939546862293491,0.4133248266771572,0.6046407636742993,-0.07322110741637929
3018,-1.191640687033553,2.5824417584649737,0.7704515972962271,0.6864726067873387,0.06425774131302243,0.23004358053853094,-0.050041028443632236
21378,-0.10641819355944777,-0.42539984690556676,1.2294514203148632,0.7138827831904485,-0.703564614487473,0.397004584053674,-0.009711189184314949
12275,-0.16186166809508964,-0.09114138235626203,-0.4019969722079537,-0.2866718672353806,-0.2772611828615919,-0.4469692512512755,-0.23501253943867806
16650,-0.2699170735213812,-0.4421799775919374,0.2715365540029647,-0.2050221541330685,-0.35477612277198145,0.47789773229277716,0.004103319892144317
18760,-0.3084565236601123,-0.2443541315128694,0.23065827797157035,-0.392005900361936,-0.003906848423692915,-0.2829409750737091,-0.23132608310873104
21262,-0.45972327849689704,-0.34180164337707714,-2.498402440493888,2.903190845679809,0.11336413758414207,-0.40688524130133247,0.09040463873511759
3281,-0.9414026873371694,2.0128717798241147,-0.3140439603130661,-0.009771985516369697,0.07502598144020838,-0.4077920971462927,-0.15376874645800617
17013,-0.15145239168447736,-0.35790626225556876,0.41367136605047905,-0.12618720290967306,-0.23174676932124857,0.20729973064017382,-0.31070364026179664
21800,-0.038555572277055694,-0.5447002012556474,0.4371594803643684,-0.2138085439605695,0.3262339086774485,-0.2694729662346009,0.686612094903339
22129,-0.5216119384368684,-0.5066023566606447,0.40428298906841215,-0.14080293913839892,-0.4228108793231905,0.12517529141233738,0.2922047209764544
2216,-0.9093042900997399,2.5656391434444923,0.9731154127429812,0.26786833919094366,0.2848637599307054,0.17884816772425965,-0.13370716640259003
10251,-0.9135387396585322,1.8403277453308757,-0.10146849373297263,0.7010634618754922,0.14082316437459014,-0.061312479496385484,0.18860062698062902
16699,-0.8689819446835848,0.4811893872172229,0.5847511591229785,0.012239144437112777,1.0057985418113993,1.3444013387661882,-0.2562203311853175
21790,0.135973449209937,-0.20640787552929185,1.017365763229948,0.3517232210541484,-0.12386838536475782,0.4903620597903789,0.19273913725898584
17539,-0.14182019466770385,-0.26168101743984995,-0.5766235427952612,-0.49638683689048396,0.013465944865702465,0.317198609360244,0.06785391613523295
15779,-0.7499775701700799,2.2417802717622672,0.8748781543443561,0.32188496514424925,0.25800037840975354,-0.4218881170809173,-0.24184757419357086
18997,-0.21508018202495052,-0.3952700924306254,-0.7873424935539292,-0.6130030332550009,0.6315251072871252,0.5948395486359839,-0.24516025055310234
20261,0.22731903547523935,-0.5118911314988,1.1143945290449642,1.3984847988153053,1.9772118921154382,-0.021850712577858346,-0.07923408324005364
4146,-0.2708042461180449,-0.40860743724810544,0.16871890570720402,0.1285173121974361,-0.006848297727647687,-2.6411645821796337,0.23334827696653299
17344,-0.9937838522937555,1.8053087639504304,-0.056124444952810534,0.1837519062901279,-0.953423682126612,0.04738306911032433,-0.8059767947678049
15511,-0.16012666169417583,-0.17482484097999124,0.9448690834734303,0.03644923255433934,-0.537869926109568,-0.4433318707715128,0.25314015635893866
12094,-0.16525521133563276,0.12864896936092984,-1.5080600222955671,-0.7382464364045382,2.19205939308626,-1.6108888039994247,0.5312523411574819
17844,0.13110697696268633,-0.005565923310006698,-0.0617562131966014,0.14643968398359108,0.045124456916864716,-0.6892771552251079,0.26309876929838755
19265,0.06449199139310129,-0.7784793031929532,1.3264571478546412,0.4524073123425554,0.7507596961743115,-0.1895469893447999,-0.13100577501338245
13107,-0.13626457499961603,-0.06397184484366074,-0.31111681304772076,-0.28709988473268766,-0.5671722375027347,0.39189452736903035,0.21750622406636214
19496,-0.2404539794242658,-0.5917897207697597,0.3793845020455972,-0.07183653544112668,0.8015727194011684,0.47919848898590367,-0.41252323336698854
2799,-0.48364154033841195,1.6844038528144456,0.2039388952794208,0.9437212744918536,0.4360864301999397,-0.7219125172533957,0.2451941501337635
4123,0.6481835281656251,-0.3955869586874748,-0.0979226428011864,-0.5686836236626909,0.5781059415178899,-0.13407893281929248,-0.0037519336740791855
15181,2.335663069703276,0.8734157066921153,0.09578921397823602,0.14901923005980294,0.10770235863777447,-1.0537038817132727,-0.07994662652597563
19045,0.355228468078778,-0.3016854411126426,0.27930070784190963,1.1122891341109264,-0.7430444388434507,0.18741969585626436,-0.12600814144327988
17906,-0.24682248305077517,0.3024965040478583,-0.5967358888820237,0.13210927997620123,-0.031224998130445776,-1.2214021480840007,0.04260764487920954
10106,-0.2192463022679486,-0.47065454793916,-1.1432239164611224,-0.2646418695308636,-0.6672224556525624,-0.6068793597173567,-0.13120752213804188
15879,-0.21557945357711886,-0.10853919439980209,-0.07462102333723668,0.5236696537714077,-0.4954311669638506,-0.37414878903670434,-0.0010220048269398577
20020,-0.12918552881007464,-0.09328264650056138,0.37167104501290776,0.22290887345712967,-0.7470444975168542,-0.6104923488227182,0.6157751192171853
3523,-0.41156586362530706,-0.6605657942168596,0.042940409151510865,0.3560669042013121,-0.100944626087009,-1.322713370083581,-0.4742339800895471
10765,-0.4661964510617959,-0.7137630895182493,1.7655855767746764,-0.487776352460463,-5.226192164613471,1.42781447678865,-1.4204547653428687
20968,0.27200214231341596,-0.21362110770139042,0.8898214591880492,0.3305269382293037,0.30411396732221885,0.09071803190738323,0.1269173065313473
11687,-0.4646893879113348,-0.5737493310780762,0.09763760191136177,0.7401847478221895,-1.8641329097523034,0.6593382713015684,-0.30288765512679067
9874,-0.45920166764788023,-0.30597816726915084,-0.13730807745559875,-0.8426020571717241,-0.2653214086019034,0.21374324957036814,-0.22422001731424981
21572,3.1898342825488846,0.990664285869114,-0.8693762427171609,-0.8420987316039149,-0.7249863724403594,-0.30113849118110786,-0.4672376298552315
2037,3.3505935441898718,1.1487132229404433,-0.3017472484970306,-0.540374486067541,0.02998008347237953,0.1571815789089375,0.23055675408379914
13044,0.07166202880787623,-0.5872836205345643,1.343608389255011,0.5139162157845353,0.440635708987668,0.40602137428129165,-0.20876574818168966
20048,0.38214242460750075,-0.16159810212959635,0.9263696789268239,0.6238199518930558,-0.477876443443273,-0.660868004208566,0.3153654680965514
14975,-0.5395459985108916,-0.5212406941353598,-0.8666878126317287,-1.0699074972843152,0.9124898978769826,-0.6119425582508035,-0.4576184193044858
21523,0.12791685681101253,-0.6568643185112857,1.314546658629245,0.7600565035741957,1.421457732381038,0.49026077056053957,-0.03942731283081889
9925,-4.1239505550292845,-1.1697455671422032,-0.8658499680878962,-0.8752543991910355,-0.06786747919314472,1.0372942740041937,0.5900602925468154
18340,-4.639492124395064,-1.4215813926503014,-0.7820095033550994,0.9485595286347438,0.8829201964222662,0.6906053529586791,0.8743218638867997
17158,0.9068484461954368,0.6317173588674776,-0.049311059696989464,1.0014437098641356,0.25212523073008813,-1.0303167041552599,-0.023065933347610056
16030,-0.5058915832672991,-0.1884365068038418,-1.4016418945353486,-1.2794505858692078,0.7149103063907758,-0.04930378057109555,-0.31495374320718494
17676,-0.3506017429177253,-0.20004201481584724,-0.33760523778021173,-0.8014852791413842,-2.0003518995106147,-0.28915741743667883,-0.13266172505271076
3421,-0.2513342814567434,-0.5493767858230495,0.5436138322554476,0.21599395856291484,-0.6496386725671186,-1.8021172400448389,0.15053070089198675
22057,1.3490117728174273,1.1291635424485686,0.7588917885768615,-0.43517935289568627,0.8147799324444011,0.859087653513613,0.4585863043318126
18639,-0.43859889754381803,0.3648763586290856,-1.2679973928694972,-0.45727664627319536,-0.7743497231664727,-1.000844492203164,-0.05904557968031375
1769,-0.2662987861901611,-0.10143580174576566,0.8917843024324964,-2.018193737414363,-0.22511918891276814,-0.1348291909966708,-0.39340555098261165
20962,-0.4135631279574968,1.0406334199050182,-1.0836560504821793,-0.9439432913716477,0.05139639088934883,1.4970906963888713,0.20183672119290455
16478,-0.059510989277311716,-0.9140377389285488,1.2710567488697704,0.3196799638267419,0.8184471777522919,1.1851968037778464,-0.4787546860139525
18487,-0.4736124537661841,-0.6729814127953239,1.2048778223777838,0.630817011113693,1.3049265275322413,0.4897357642006023,-0.44750889364997587
2825,-0.2730108824455543,-0.8275758745697661,-0.6337537377227819,-1.6756479808994427,0.5873041275244367,1.050226923513324,-0.40781124163137134
11800,-0.3873540251301382,-0.45391205288274283,0.4990209335558033,-0.3198677073229258,-0.03699461530185859,0.06579146013631137,-0.19252140157836461
12215,0.03498949945460014,0.2894086238198569,2.1210710888747237,-5.421211357649982,1.7817808378276871,-1.1913833436173544,-0.6088346781416605
11831,-0.06791488380574054,-0.38744535376192185,0.662982501715881,-0.404324720575371,-0.2946198785305272,1.0567659708133563,-0.4661040341307458
19155,0.049465477998907714,0.04409080691447327,-0.43629501737555154,0.5458919429763586,-0.645932957565754,-0.38862414587694005,0.17790827292465408
15094,4.477798430400681,1.7193133822955526,-0.06149897767634798,-0.18532326327839727,0.3962178752317874,-1.2464320203483628,-0.49734796969972644
20709,0.02685580896572752,-0.7341422892899968,1.6899933591113494,0.737387395478978,0.42855480536330126,0.4274211277200936,0.11859658824581583
12551,-0.5146355302795181,-0.2979703271636084,-1.3957074409461347,2.751012362741225,-0.23318691010848844,0.735954390181064,-0.34069240571222287
12722,-0.14883918696735038,-0.2555908156414793,0.4877291975096559,-0.6709006588540694,-0.21265830849767117,0.3696453341623583,2.471817472627365
20610,0.1317841360530895,0.3256777047779022,-1.1452499941331924,0.2898496133884869,-0.27739154641986447,-1.0173235151615716,-0.09141313566242971
3333,0.05962547502469998,-0.29094936808434596,-0.62778447816745,-0.00027138908399069713,0.5908774130655153,0.020239831010578836,1.4867539057207824
2953,-0.2788792241619518,-0.4369632534319735,0.1332241583428563,-0.014885623211662279,-1.1239101940100513,-3.2033897762323735,-0.34451383045493633
11329,-0.2017830817300797,-0.9237634510812669,1.18100619125861,0.4596656295013135,1.1953099368589666,0.7070528163293106,-0.41279897592761877
17941,0.7907591981551889,0.4745201038104793,-0.847089598234344,-0.0981071114665605,0.6668015661084276,0.9709198217749291,-0.4435898819176245
20329,1.5930608149986645,-4.637424923847359,0.18239689673648266,0.6025123221611288,-0.36444883044458437,-0.4165105913697223,0.334742645531735
1899,-0.030259296005415548,-0.0001806462284724409,-1.0806886429431208,-0.7394592520313247,0.11494094269836842,-0.09448377379693054,-0.10149453641045635
16323,-0.37831524207342987,-0.7885092748010321,0.3328757168885028,-0.05067773565322655,0.06016351982636991,0.02767174745715292,0.42277183997443696
3882,-0.3024935742359219,-0.38928647270975675,-1.3923003341629283,-1.9393240607777729,0.1741641039849107,0.7153941760064744,0.07283647141069365
2939,-1.2196295319379469,2.816424926773961,-0.31383911698731654,-0.3107841082453647,0.025986726225906427,-0.017179399306596836,-0.14466301158754805
16517,-0.41821176375975794,-0.7182047196655528,-1.2810971637256976,-1.03089733677781,0.38252412860376206,0.8108497412455401,-0.057772665793271186
18313,-0.21551165226211963,-0.6567323114662399,-1.0959478804509446,-1.3288923915493256,0.7099451911032679,1.1024223122712111,-0.4933582876110603
15886,0.30786645468298485,-0.0417972719793893,0.059162322499240354,1.2478216166474088,1.4275031434654921,0.35018632727836524,-0.021219449812915476
13255,-0.20298943320177099,-0.08573498282349863,-0.25636841779601727,-0.1693997444946046,-0.11949069368026766,0.4951125698775995,0.06655835888615132
16629,-0.07218373673953137,-0.3012417106798469,-0.032162292837717744,-0.42130169590925703,0.7494252420508704,0.7439170233387097,-0.0726898538628098
19574,-0.13244907188655997,-0.4227894954795746,-0.7280093982039666,-0.9981126248929921,0.3844220044986601,0.020481300269443267,0.2758920195939865
9688,-0.15433397028206106,-0.20103445448331653,0.01942325099935506,0.29991888121243016,0.0578372854655407,0.030794183135145793,-0.06993178739949628
15466,-0.4885127696853928,-0.5376966907004876,-0.8179518334602209,-0.3076614451188362,0.4246988515807266,-2.8073532543505544,-0.6641895701226763
22112,-0.20861490353882423,-0.4881301146659522,0.8304462279481614,0.310441358011415,-0.4391025760244788,1.3792391392394512,-0.13941912058189448
18460,-0.1164443676474068,-0.03478487705387162,-1.6246064920839265,-0.4339197471450696,-0.40014674997741084,0.37391487574980514,0.2409719885606424
12997,-0.44636753681427227,-0.17685037306932436,-0.70894874300676,-0.502193384478898,-1.2235466110825524,-0.05150933561721908,0.31433409796311257
11451,0.3896168621589639,-0.06907454823925553,0.4245515502366403,0.17755622487034511,-0.31646326354661763,-0.5730203752841213,-0.05346665217947834
17136,0.8465183846524874,0.13408566471314676,-0.02889102307569902,-0.7283796511139833,-2.3378270235289182,0.4162044483978013,-1.1347265973412213
18118,-0.32143053835420016,-0.20437867597753556,0.048730591112924236,-0.15069931626614955,-0.8345417398613099,0.15442361324371176,0.08286408347588319
10059,0.1291091690472749,-0.4348505890396343,0.40621245481240564,0.07409792605373046,1.2208756062316373,0.28987249850725294,-0.07643492804558745
13161,-0.05904886646734166,-0.2695242949134312,0.23641838581311445,0.3146619157586501,0.3267529757978531,-0.8098536431865959,0.006239443023122463
10878,1.122748283177443,1.1565350403226422,-1.4570761725143384,-0.25165580802825255,-0.335761363251586,-0.3233900655504927,0.04389858972519397
21935,-0.17282705596399753,-0.05322488113819924,-1.2796237760050033,-0.850650219377277,-0.08185257216755887,-0.08535461900245253,0.17331335718786822
3406,0.052893201717331285,-0.2826648449931359,2.925643416926849,-4.725497866036781,0.3523443678562157,0.16785877540945662,-0.7590474850608606
22180,2.2324379032754664,0.479458907275048,0.691644400953775,0.0320646767561656,-0.6864417875730221,0.23567882062531656,-0.5046396298665047
17731,-0.29555449905954473,-0.7462770361292924,-0.010552202049181435,-0.4704844891871103,0.9191310228339065,0.35976898301988436,-0.34516105951776466
10470,-0.4158106168148062,-0.3058907645705937,0.4613097908797586,-0.05161599435423511,-1.2601353452952697,-0.45678518889587466,0.016978735011969857
16525,-0.08355274409824351,-0.1441026072728501,-0.19689136659730228,0.020022109657943928,-0.18712817742423435,8.2721139446045e-05,-0.06473389250503979
11965,0.5117877452106518,0.00556215291438475,-0.8551324695475326,0.17292084670792301,-0.03706480281712571,0.08376232303961867,0.31283559116876314
18767,-0.06875263923269798,0.13548892548182234,-1.8151708776940212,-0.8487450665139736,0.33424971359334493,0.057892463908587474,-0.008560812383926005
12211,-0.4399654346099218,-0.010371492129472597,-0.14875145441698112,-0.32589865863693085,-0.8900353319100962,-1.0028948321113154,-0.046509875487361046
16200,-0.06843185054991074,-0.004891280757388889,-1.782097374694789,-0.18479886943527452,0.4469215058963854,-0.2193462382477352,0.2565389417959493
1332,-0.4203045543141533,-0.541943257045151,0.4019840238392912,-0.4049067401154214,-1.612931995754338,-2.9810908070017015,-0.7493319841609085
15537,2.184255962582687,-4.488932741410123,-0.05889925471862777,0.2959583298184691,-0.21134307670259095,-0.17062934672696495,0.5491730524275589
18394,0.2698667297353204,0.18013537294158793,-0.29187520039803216,0.4880469791431419,0.6332942089420858,-0.48833034872581366,0.08828989753308168
11097,-0.3635980028678076,-0.7060906973223114,0.26419163788012556,-0.154572084075723,0.2671440015952101,0.06876011155613014,-0.3721115393528676
18813,-0.10728778648341362,-0.594977834952438,0.49417272938655527,0.5867702748409833,-0.16858418608764192,-3.5075567923211537,-0.18217893020387305
22564,-0.5830895275648688,-0.18589046964976566,-1.0232220316243148,-0.472049493875677,-0.6203811754382226,-1.364749374639415,-0.310439965603893
13135,-0.270041862916826,-0.3918844422134813,0.27587135213451536,0.06387648740136033,-0.24476315902802182,0.648517059450805,0.39238937183079725
3822,1.6847805440606947,0.1382331914634862,0.2945005071098667,0.41912473039063286,1.4130435597165665,0.3486830639111332,0.05271648929196109
14952,-0.5003788522372868,-0.6336965979425672,0.527317441385538,-0.051649804584635986,0.8505261426704877,-0.26818190370453165,-0.479515428205482
15866,-0.5387917393019598,1.553137879528373,0.9166541350440573,0.43541105223520243,1.0151333984927062,-0.32228201436842885,-0.2245903029487941
1370,-0.04552757530847512,-0.3007086402369225,0.20334413789874875,0.10744728996568904,-0.831274141031121,-1.6392477352592945,0.11770981789273545
14857,0.20912927467362089,-0.053393167658814175,-1.8101330697602191,2.7198164482008274,-1.2234910201812914,0.6261026638834607,0.2847427376405948
11204,-0.5925168954872965,-0.5860608867697482,0.15678142965265535,-0.3497771737889607,-0.9482740401191985,-2.0734229368320034,-0.35948645545481644
16072,-0.5227771109278817,-0.6302219553637798,0.16356735366616507,-0.6171346827610473,-0.460226175121597,-0.5135834322453019,-0.3887342956911271
15139,-1.005379851807718,1.744531029575281,-0.4794326945725852,0.2050807358181106,0.6841574255562104,-0.3696960195878744,-0.269914658134458
16305,-0.3991316331543237,-0.02528269493913317,-1.1591945943046675,-0.3324791066166169,-1.0167910459627352,-1.0529669744659929,0.07406786504977425
11458,-0.2815562151288437,-0.7613839822115268,0.5825825002670695,-0.028793029969592432,-0.15206842075998186,0.5673817887792164,-0.4314895712126825
18962,-0.23428670881953376,-0.9826956434794166,0.6715644838699817,0.793714598578384,0.45837826438656054,-1.6926814444450882,-0.7432805682046241
15207,3.3326661241139326,0.791409233606067,0.8667915710306652,-0.19267079762382425,-0.2163726371905221,0.5170975914907083,0.7408194301749909
3682,0.08514171909059524,-0.17230838734928425,-0.5190919177336374,-0.10719402772016877,-0.12427354182969069,0.14345900083073965,0.6225406791682158
4248,0.011543530967539252,-0.6907103559944809,0.6743176204830529,0.14547130429412938,0.8963304209832261,0.6236152397216088,-0.07789013377248886
11076,-0.08599543985216934,-0.08505550236005488,-0.026722746151528254,0.5482133142202136,-0.013069164791416394,-0.5823086080158616,-0.09588107643922511
17084,-0.11300371382264228,-0.14715686487400093,0.04285638112254864,-0.2823652362455081,-0.406365872015614,0.309053140751287,-0.20000326957671716
19364,0.039212160658082605,-0.6491454997621487,1.8988844567755274,1.024327767102821,1.1149059098095397,0.5363210285403849,0.06525156055387973
17224,0.2767047905305346,-0.4972470248781883,-0.32946267880950386,3.111921712779803,0.10907052034330113,0.9285262769055066,0.5467980880438542
13452,-0.09854925827178405,0.4753680884460294,-1.72754009532839,-0.671559434727167,-0.963623238259816,-0.5154350261557383,-0.26991192393047403
12345,-0.5109014301014121,-0.2615550834695934,-1.2008549563875452,-1.5196156734409343,-0.32788007783593714,-0.1312930503090678,1.1407653995358864
17796,-0.526064463983555,0.0454943327289984,0.3216955020856013,-0.3401756741360541,-0.6812368452384041,-0.6677972335303962,-0.26448193741540243
5605,-1.4018947700137365,2.4350232868599027,1.0724835004492004,0.07781010040289338,-1.2936867280178712,0.9112497526919324,0.1627454248493399
3832,0.0342033618852152,-0.21493724725548424,0.3608281657449509,0.06262354339178114,-0.006224266358018365,-0.07672653399295881,0.14849118703418226
15888,-0.18527483802217823,-0.6641925944549892,0.5750023142690412,-0.18978333062492952,0.18053342697402452,-0.4621286308174921,-0.8031375056699143
13292,0.35595851883759094,-0.0030303024460009084,-0.800049613484354,0.06872684419476043,0.19249213201686627,-0.14875887574877453,0.11434075602566625
21558,-0.15472035839031972,-0.23756064193854737,2.7446394635926485,-4.649804606700616,1.9561136019154521,-1.0933815664445334,-1.1270322911406494
11146,-0.07083884897962958,-0.5577294372181477,-0.5681281664447299,-1.2204741304904823,-0.2517371062567695,-0.19464784702904284,-0.37025871423310397
19896,0.57595063792727,0.5936882881400004,0.7633418318825328,0.22265142703896762,-0.5298026658738539,0.6329031466407962,0.384879314065558
11915,-0.6075611969494791,-0.4276581956754045,-2.6942110237358303,2.1876062681138824,-2.3973902112365826,-2.5935635978471105,-0.5072693007596242
17151,-0.33619772300885403,-0.5537618457843193,-0.2206422604175885,-0.45445819791408254,1.4473379546101628,-0.2851819979472195,-0.27704258440411283
10034,-1.0441405735566422,2.6432532876949884,0.5804731335073801,0.12165550967177345,-0.19759749139435295,-0.26859104723533056,0.29425950729364797
12631,-0.32969568748635586,-0.7351775579578165,0.3670280283539755,0.15258075944074836,-0.21815974973866792,-1.7943965125098316,-0.26118665753658604
11615,0.07017801230553013,-0.45127475562155217,0.7757891990230839,0.6740389878415313,0.8738044513364259,-0.26347897926842856,-0.03617253856528629
21200,-0.32149388954003927,-0.5395191270728621,-1.5143543901063565,-1.7275892418134606,1.1622541648894842,0.5292900579972999,-0.48035148596409816
19892,-0.13352313921880762,0.10505443134247483,-1.130382971661094,-0.845639794419426,-0.6837390398213938,0.2641786703540201,0.20644862902738592
21583,0.16106246453140904,-0.19804425791589916,0.3730459016576025,0.5183017886518194,0.899216989781587,-0.14870545911406485,0.3642859068061405
19604,-0.7272057226835255,1.8744829191363024,0.24185480040823235,0.9897157475381357,-0.2594931647942292,0.27630446282111537,0.18750007215577466
20820,3.70152988965227,1.244279056981745,0.07385213826085825,-0.0003660569674725999,-0.20902673747648848,-0.25816641062247353,0.007003937911451262
6861,-0.01968696853458875,0.05370840012950832,-0.5164730038799252,-0.6850213112808171,-0.2591947965029024,0.02753155265913748,-0.19673807551997868
15256,0.28724896338069494,-0.32403305844285063,0.5714533874702353,0.4684417310375912,0.8294393514258311,0.60748393332726,0.12216358819473237
15836,-0.3512150023654177,-0.3892418497560994,-1.649167002214096,-1.3168928138132525,0.07699847088527484,-1.2525489137826027,-0.5530116225533629
1508,0.20261795556153736,-0.13186948178445868,-0.8606695062768693,-0.41085134207574686,1.232262443141335,0.16046959225043086,-0.07154291124310784
18729,-0.32671218408964314,-0.07857321895716729,-1.7537641652854752,-1.9750629892532532,-0.2195914140478247,0.22247341895212447,-0.12049222504942288
16545,-1.2665044288741008,2.0975308856076724,0.8454824070475696,-0.15366988240513646,-0.9583734788232117,0.5346624073175701,-1.0634745545444255
3399,-0.17591288395330174,-0.8896876110937615,0.7272517949081486,0.4944211572470159,0.21513222978228821,-1.902093671841815,-0.43168457004840166
14884,-1.015530504413661,2.361133250227977,0.6157704828910648,0.5722214673642348,-0.6781071177256456,-0.047909642420023,-0.2540719635426696
4247,-0.10435973896842043,-0.1728493141237834,-0.74696302035938,-0.7856299414955223,-0.327862467163163,-0.10980590982403265,0.19195717141283583
10719,0.12021837529401343,-0.06762204804209107,-0.18970781481696594,0.14214351911750206,0.7732869169966801,-0.860229691325997,0.6721242604849311
1905,-0.1299695836709104,-0.4516697804278163,-0.13727854239941853,0.17550206376777336,0.6633165511096885,0.7133608087777413,-0.1183091665661972
13008,-0.5649789280647746,1.6325525033666257,1.1254387449516976,0.26666566116813606,-0.36836938858518026,-0.8425103642859476,-0.0342776494514765
18477,0.06650290000717482,-0.37915172015074217,1.1124145873890368,0.08009168741607965,0.08169782958600307,0.19890944906523278,1.370808620529898
17638,-0.48147720998647836,-0.6753593446009682,-1.6914349718134358,0.6650296553409173,-0.9192442492378106,2.4005230875185943,0.22831553418256634
9800,0.06309342179311826,-0.29106184887498304,0.5541032903921886,-0.15684135063271804,-0.9591224785521696,0.49698969860236974,2.6433643145591685
3416,0.4260467622959979,-0.28256033619516446,0.2450045603099225,0.1286115799143615,0.10079991841778402,0.6289942183615728,-0.051652976828956296
13175,2.2837364622197027,0.6273310796642289,-0.12434812926906662,-0.27167157334529507,-0.4514808430132401,0.5584217584179764,-0.15546266578474954
21465,-0.18277200887209735,-0.0448071389416723,-0.15738263031729835,-0.5423450103839065,0.15437850437452988,0.17214256115890325,-0.21562579610450364
10966,-0.21490953579731087,0.05147601041220562,0.5720060435576589,-0.2015412378828226,-0.7169905227703455,-0.4866852539301413,-0.3156956236443843
21131,0.11099338446643041,-0.08846304534905171,0.132139791577085,0.6164935303648836,0.34211794579064864,-0.27791525772887454,0.20887848154557953
20682,2.3460690045458974,0.5384068823064632,-0.19444579873994547,0.48727162747305497,-1.1889606244585949,0.5645049863708702,-0.6763890853119325
18075,-0.31506544822720667,-0.8394958510409818,0.7580896962109166,0.5338526048463489,0.43862236260922316,0.15119872306732965,-0.6484159869764817
14899,-0.21848534598214608,-0.64488509348201,-0.8613928722164691,-2.3331258585767918,-0.9554961598675223,0.8004429331684891,-0.13268079566138644
19050,-0.6620664856812384,1.2628928454345065,1.2176853075851348,0.6297163904303471,0.32531032666060383,0.06590060455769658,-0.034427682130826004
19747,0.18641848103415976,0.06816318456902769,0.11086528279608163,-0.010091910199884941,-0.28133513671485816,0.2067118861681863,0.14161292077761994
1641,-0.09225411167965396,0.13105832848892365,0.5086587765069727,0.09060513422439233,-0.2928653152140155,-1.0864203185955297,0.5682980673612433
12478,-0.05435124649080211,0.026386783674381856,-0.1976775709894805,0.15384348741936055,-0.3939946793268338,0.052935338011318014,0.47418787138753526
10253,-0.6805612141732806,1.9389511163473294,-0.6970722657361149,0.21530081140989293,0.6855188721145541,-0.03546215495594685,-0.044713812670982574
9798,0.41921643135178416,-0.4620634704320157,1.664988320352063,0.1110465011697186,-1.233097340608023,-1.3487761144259336,-1.2190852791743378
2989,0.007531624882870397,-0.15352758185255258,0.20878644358003517,-0.29333634375688394,-0.48353106716918903,-1.1715465200341957,-0.2835600137538691
15985,-0.8008683906241403,1.9590978731386264,-0.7318073227959648,0.875104730781108,0.6202523892149607,-0.6358173365175086,0.2396045744535566
18445,-0.16560171753591763,-0.32574194276883367,-1.4600341943192312,-0.8751780757813835,0.3982384515270636,-0.40809374590307335,-0.32674480043974496
10694,-0.19874375832702454,-0.08493165367804217,-2.187720600750547,-1.7059763493701987,0.1309419277541993,0.27013657980716116,-0.0576037533486116
19678,-0.0911797469207136,0.06253578459753985,-2.0859133384022357,-0.447814268207609,0.1534432712696886,0.37911102001018493,0.24689074647381962
1271,0.17337476679343083,0.05185943743868136,-0.5244512407105824,0.022731259447439953,0.4920037688724959,-0.1220884590516254,0.4738780556646552
6184,-0.8596558983086037,2.696054733749422,0.4012126239070573,0.2575387441510627,1.1680256058595362,0.08474297558003142,0.043331039655508705
16732,2.6714092701030334,1.0762433386462928,-0.9940696386374637,-0.3234176023884585,0.6426775209218426,-0.35567569264078913,0.19303093389492312
20617,-0.17264526258891122,-0.1552410734483483,-1.7476136371546125,3.5633475582370693,-0.33830750737225984,0.2502356487048599,0.46787359964186565
19633,1.078837633546551,0.399858568966096,-0.6438812153928816,-0.2033818023625697,-1.2283837789655507,-0.15813522562452811,0.07747243549465015
21531,-0.03699721335009362,-0.3115862188751451,0.7823129926645129,-0.5318371380273199,-1.417044903062626,0.47961207427157254,-0.7977217061196845
19771,0.08958222818446751,0.19441469925263266,-3.388827426653608,1.5506558474839347,1.2525270579359136,-0.27125079908279914,-0.5187167183775353
12272,-0.5563315825981417,1.110004242221019,-1.6026195733896897,-0.581151747017748,1.941545241305596,-0.49866201340457783,-0.6605679284258226
13299,-0.34573027569783094,0.9963941800078873,0.18136306775115735,-0.4535291255576289,-0.05888651008115392,-1.714360605674923,-0.4900535969941901
10422,-0.25770200136591276,-0.05953814576210227,-1.171461505892201,-1.3389595662237936,-1.2657519551782754,0.33672925043604923,-0.17094409048719889
20448,-0.16113680162165503,-0.1440296125790796,0.17465924352469117,0.6882730085535236,-0.013263594997752747,-0.28295703287738566,-0.019876983610028646
9839,2.520370899423229,0.7990812379027855,0.3042244200827382,-0.025472531031571877,-1.7752965519757296,-0.23952418604021716,-0.5275087287286405
2340,2.488664658108524,0.7684552753608137,0.4894472671592965,0.41681693320286173,-0.07866189515657442,-0.5114777181440503,0.10648097715754705
15378,-0.3125109625090657,-0.5604195530514982,-0.38446056482486307,-0.5018279515674042,-0.22905019173079527,-0.004286958392192854,-0.39640548727600167
3371,0.25986837256450845,-0.7897552988062841,1.2041681560323665,1.3023059627284779,0.4295657288772011,0.7742412179173723,-0.3222482468730652
11632,-0.4273904013242793,-0.5598429756478591,-0.2450259266538383,-0.14043116395548855,0.4786630769373006,1.077529567046358,-0.144616963738619
18159,0.0565681750978285,0.05543439964538843,-0.007339119010902857,-0.3120692689410829,-0.11799702233854048,-0.7693246657645711,0.2584069870860246
19957,0.36355599865257876,0.14187616435936626,-1.39119417407524,2.901662412832165,-2.3905792621526816,-0.2243017268245874,0.25745786524644904
16470,-0.6526413469098326,-0.30087978135652516,0.29787345158636197,-1.2294213748550693,-1.577632981552303,2.181580582330223,0.275939049491011
12263,0.14909717126560448,-0.7471117159527936,0.9374057640428802,0.6495243730125108,1.6265918871263387,0.6454903611694685,-0.05783572814737753
3841,0.8394244254562371,0.016396041869020394,0.6736458669901858,0.133704479126335,0.022154320178129287,-0.3145293434855838,-0.07599245124145163
22527,-0.497365378639879,-0.7267818189341498,2.1294006884032166,1.7951735747421516,-0.8141080635973744,-1.6660304561853552,-0.4081610485065207
10053,-0.19483088383926367,-0.3571163825696418,-1.0178316570440344,-1.6755615601229916,0.3886816736428377,1.051321966660769,-0.12074059320932362
10582,0.34980461288676873,-0.21836237902962266,0.39200020409966163,0.5784765200545768,0.2933063671485445,0.14514707835613086,-0.02822007768612991
17494,-0.2787695294500125,-0.21358277563692468,-0.0050221784729670505,0.24900349164257762,-0.05819081085711561,-0.5234100301728044,0.004219800162533361
11723,-0.23866541488811296,-0.8740524461106206,0.7941550834089836,0.5079973036928298,1.1684750264016501,-0.09333481747839864,-0.4316469712807311
11601,0.4257817594972105,0.09872940138148216,0.6823048670666954,1.5103725060506892,-0.07515825570056396,-1.8019522389518956,0.6494987832996755
19180,0.28992674929649837,0.13030664659091373,3.3782068956499427,-4.266973989969336,1.2332433453290523,-1.6080355385849348,-0.4132777956353823
19489,-0.3175431771011375,0.015319277403101288,-0.19618865767390814,-0.7695096559843215,-2.0450561812881816,-0.9625319327287734,-0.1007680039004894
21897,-0.15098637633948736,-0.33764716106975257,0.8818121003428879,1.216971902128017,-0.613919533947959,0.25364353497715747,0.6840306102025953
12299,0.09161501232146135,-0.5051974382249557,1.0231941956344692,0.4623881069089424,0.3396121399862738,-1.0315753859643468,-0.16257632268133793
16553,-0.41566366716655584,-0.44936275693936156,0.3483690649929583,-0.11477838649111917,0.9928208369209882,0.6050411195670439,-0.2413606407320073
16093,-0.3375920331320267,-0.6983119624787679,-1.190790346174611,-1.8746650045616582,0.45141316404458665,0.8360312701788426,-0.8015623834520913
15805,-0.11744875873630499,-0.5439301531970174,0.9664596872922785,-0.053767979980737346,1.0784507772200909,0.9011683361103721,-0.6853442975545221
15984,-0.04626689382890289,-0.8259918671897014,1.6689775580989952,0.7283102527660866,0.6114914656561207,0.8705061153845174,0.00018815385666592205
16836,-0.1458903155687419,-0.44682486818417844,-0.32457698413900105,-0.8387690267570619,-1.3850380430971936,-0.5568019913896524,-0.2763012236235871
19811,2.662144353074427,0.7405664864253162,0.41230886203366224,0.1821242269692653,0.11057070993645039,0.29535967709686567,0.19160618785979008
10861,0.00507534914257021,0.07339097810058698,-3.042801437481719,2.3447357023429225,0.0857040298429539,0.20343324185925787,-0.1813065774459957
9865,0.051480334879436894,-0.9233731991764053,1.6378502094555702,0.7799992758221226,1.0794069513163866,1.1314794161885289,-0.16804040898760467
11267,-0.08136016760745433,-0.6315224152521645,0.329104944162447,0.10113941463554409,0.7221298624291655,0.27757114740243904,-0.5420450393025682
16535,-0.6624642796976555,1.3330687393417302,1.3443613720010053,0.13586698474992784,0.33979162644057764,0.014774550471348421,-0.574456788057796
13449,0.011458867278234327,-0.570685027121139,1.110534524340303,0.5143664266447153,-0.0693203469871457,0.09254175144970055,-0.7309852479290447
22037,-0.14596516497958073,-0.23020616837286564,-1.5902061220743313,-1.0915026750233991,0.987847893780696,-0.033476439545495014,-0.1391887963610005
19088,-0.517309555595774,-0.881860290833713,-0.5414440758969632,1.9192413270339668,-1.1421641074774729,-0.14993529019166696,0.1202824552395067
18084,0.11693643572412384,-0.0857098691233795,0.08177131811867754,-0.40683770641255557,-0.7625062726450534,1.2548831895439718,-0.19577482482867636
14986,-0.43771681772392074,-0.5874686372754491,-0.09872557178576236,-0.29143251545057347,0.5674628137574194,0.12758451927749512,-0.15997745553035242
21859,-0.5372717314469692,1.6797747918869048,0.6556498379179441,0.15474312664035683,0.3297530772632018,0.013223361101604382,0.11753660927740024
16178,-0.3727093947368545,-0.3884528834148537,0.21392111229049718,-0.32416366267825314,-1.0563900531942019,-2.4555493535867443,-0.9397447951313334
20153,-0.19080996327251235,0.8840273935495367,-4.462059352772053,-1.7683275155187597,-0.15215846387177076,-1.628039016849751,1.4111801749769657
5751,-0.5623270767985463,1.6587157328517947,1.0026138115882244,0.45809221284699925,0.4853833946228283,0.14693720726669734,0.15760648509073527
17135,2.264081721859241,0.7483720003716319,-0.13977757605184624,-0.6366469069103408,0.18294504463686823,-1.096315039800338,-0.44465330504245076
12690,0.018271705017884186,-0.07437168091842362,-0.04537389084749014,-0.10125212964213288,-0.5938345146365824,-0.3852557602858023,0.2322777253834526
10420,-0.19111290488550975,-0.1836252059459445,0.6961093525299556,-0.24984837599003443,-0.4379697206087429,-0.5695127075914896,-0.03291043397228749
10882,-0.03484688364273134,-0.03512873464195497,0.09971932195645648,0.57225060521871,0.4687802646840195,0.22618145676806212,0.5135596935830107
21368,-0.4112065565607318,1.0767309649049914,1.9313306361446354,2.139857644218635,-0.7489282087047447,0.5555037743375775,1.1027188441145443
21739,0.7971693365579479,0.5806840241621819,-0.8654186035559934,-0.18064905846722953,0.7883125430249419,-1.4927739913562459,-0.026355279959515338
18659,-0.4252479535366819,-0.31031193620658776,-0.08551052743885797,-1.259080123243476,-0.935769772317224,0.5360558691909324,0.03360033296882934
19695,-0.2684569058467439,-0.4118086530291832,-0.809148426131395,-1.2036596246417561,-1.5247441370832437,1.3548698200157074,-0.6198612525749678
12408,-0.3532093552959346,-0.4480621883732972,0.07175703378860591,-0.32336291362028935,-0.7829181804579344,-1.8535635898535716,-0.3568032472458907
3243,-0.2695434991634881,-0.33967797791347437,-1.26768308337905,-1.5677948989846067,-0.10534141247181335,0.919168182426237,0.03781992680547339
20371,0.051892312487061075,-0.5547072630381198,0.6062572471309233,-0.40252242561674123,-1.0736801614352496,1.7480377980866153,0.08049379182923605
10741,2.1176049701667226,0.7811716140340889,0.02796679648310613,-0.6621065299769073,-1.3171892791442272,-0.4200572402594211,-0.4561888968823155
13314,-1.481603772291316,-0.7488887875687079,-0.0685804384868071,-0.01260710720114095,0.8310221379929523,1.1032962595288538,0.43349758102717556
15574,-0.24105392672823583,-0.25744128774472785,-1.4970797329344572,-1.7267306288275084,0.38263888749907576,0.6922887432421717,-0.3131125352865755
21177,9.47755557024902,3.6377907556597213,0.11182575682757537,-0.7827015978907087,-2.425273500140417,-1.7667474163351593,-0.3298299061791456
3143,-0.11435214377484625,-0.21036349819907293,-0.19744750055538898,-0.44453237512255145,-0.28364241146900726,-2.3787564883400214,-0.011143648684894593
21112,-0.05386179758614533,-0.8421895360814379,1.9770893308619077,0.6463781636954844,0.2099967019189651,0.29617942798851726,0.6313249199970945
14862,-0.39839175495427176,-0.5022297290722227,-1.9029257812297105,2.3055958955033287,0.3601344742707172,0.9111840328561431,-0.0009135621121933421
16233,0.14383359736629328,-0.45942564688533716,1.3201148599449806,0.025579473421183215,-0.9626329691418141,-0.12275888733923919,7.123139679154689
3574,-0.09515674648309749,-0.47092985474572235,-1.3528437221658611,-1.7202927002859054,-0.663984986046459,0.3433877881308124,-0.38621352607230297
2101,-0.3622115639611559,-0.09873863475333272,-0.2959168674681563,-0.43950740930728044,-0.7695004489543347,-0.6491975322441897,-0.06463931510304533
18286,-0.7805548793283625,0.6821500911580823,1.1695099326572744,-0.40952248393512314,0.27898028248105394,1.1926182791662852,-0.4823313602056001
12421,0.011295668493886362,-0.3503786265073124,0.4875155935293329,0.17052767163080276,-0.6771123835708145,0.7143752680510257,0.019943239038368286
12560,-0.3061936176065193,-0.2097429125171913,0.4557786038454359,-0.017293101546674915,0.43612303512936196,0.39233259929266684,-0.17469714903454178
17533,2.7001269201321314,0.6311828135776674,0.6741012546122952,0.032601541801557436,-0.21885093234601655,0.009876786810507592,0.309780523565665
3376,-0.024450050096339257,-0.1451486284075563,-1.7912618196419128,2.762941408861016,-0.2360120883104939,0.3927312754805371,0.31715089289858023
17997,0.1610693546373296,-0.5569033459272315,0.5298883597604469,0.8366823140064343,1.0940842884768907,-0.17586318705135381,-0.002050651181426711
19949,-0.405262580506213,0.24797702669875482,-0.23677052279079006,-0.05114394187507523,-0.9593866261796788,-1.5106435074885591,-0.6410886313447743
16457,-0.3284154034381683,-0.12264530006151017,0.49531286974392963,-0.3753552663966817,-1.0311139896014971,-0.5682101458285435,-0.42464004923114623
11652,-0.1485036126056834,-0.3971048899934975,0.6090859252365384,0.5204381601629565,0.7986497909205398,-1.2357252393888116,0.19645316473387656
19295,0.11437161418010189,0.15997908392314264,-0.6913674024375233,-0.8056083222356251,-0.9546764187350999,-1.677298396534157,0.04393005777525623
16190,0.13290517199908533,-0.38032453407430383,1.4441230172912227,0.3132881709798153,0.27296039722244403,-0.2717961955505898,-0.10747221517041468
18926,0.3482418438100959,-0.2671941202068033,1.4921345974316442,0.7173056547625731,0.2327401164381127,-0.2393328220518204,-0.422191958614842
12828,-0.18862235457375173,-0.39269039232442793,-0.40158388073799234,-0.1693295475995378,0.46382546763487664,0.5124566577964501,-0.32191753927052713
10279,-0.27437345913921446,-0.15106701229121533,-0.004801640880364053,0.15277709504100156,-0.5769619633649286,0.15452856255415884,-0.0515281774275623
11794,-0.31607982723443734,-0.9217618719618923,0.526783687715517,-0.6182898902399536,0.9044463989229908,-0.2935969094010816,-0.6135560190642076
16822,-0.12524372318089175,-0.44020285209026233,-0.9486543378159157,-1.1321884592720128,-0.5593718973546832,-0.5694968172648291,-0.3714924564155127
2559,0.4297203125703421,0.04424838992934951,0.0387859677442325,0.03505340725597164,-0.22351791679560315,0.11962706254415822,-0.13952494168928217
13345,0.08894727042388398,-0.3933307194467008,1.3374138312094248,0.5541096690648931,0.31542082223148254,-0.6313360063169631,-0.43001584998682996
20999,-0.6320675843146869,-0.4523637037987028,0.2690963430714738,1.0180773945961572,-0.30025219391592434,-0.25947985046775274,-0.4518924302667318
19059,0.07892913591136781,-0.40457971638278406,-1.1067322290325872,-0.6551251993645805,0.8456030411298779,0.9439795917322347,-0.27602909448832014
12153,-0.29627025971799653,-0.9107026131868498,0.6358684460614523,0.27172681426584944,0.42932676294449534,0.8002270232643762,-0.257092863192087
22091,-0.3068205470964079,-0.18929424766382782,-2.636334527302143,2.8914576576511695,-0.7396649643126724,-0.16945630772026288,-0.21849402288119843
3943,-0.0774429793119089,-0.4230986971437254,-0.049694575016896274,-0.767365731808018,0.4119271257716144,0.14347789795244298,-0.024909839338123595
18581,0.1900293991906651,0.18150379668254965,-0.6536144292132317,-0.3954607335776219,-0.6023879390208667,-1.2435761403650496,0.13958506740409046
10718,2.4405534111461673,0.4095719362696542,1.3756043357385321,0.1815477734300596,-0.9361227884192153,0.08822535158500287,-0.33375373913498996
12467,0.14082260166678295,-0.07198828560841672,-0.08068769722748885,0.24531272310042498,-0.2796923376439099,0.6160621968342098,0.4007242420639999
21880,0.06767112561694183,-0.3186282219038492,0.8772405849285114,0.22200553543254656,0.5931303242696141,-0.22813436736146292,0.047026399191334785
12437,-0.26898862219134906,2.342488022316273,1.2640061755465917,2.898622120608585,0.5837298369411873,-1.7886854387503504,0.27480700733937685
9694,-1.005883487130644,1.6553684522800067,0.3950568699585679,-0.014147109914114678,-1.3142057792184252,-0.11278212625089623,0.08701874351214921
11705,-0.1526733188212578,-0.46833817601692557,0.8016828184284237,0.42860178197915144,0.26856733439698516,0.28304228584909696,0.2865723871287418
11935,-0.9696829865223761,1.602102621759519,0.57628125414865,0.4143144881315451,-0.8642430557179622,0.0974296523336721,-0.5224831572341095
22026,0.08156142538536586,2.0589006234189977,1.5165207367799205,0.1971430213911259,-0.578330219795738,0.3229090627563987,1.9711970603647435
19895,1.2677677869320738,0.17563120643304375,0.4212917337806209,-0.628933530903821,0.38281146346023,1.7429558973233163,0.09223648093953998
13275,0.1392826702613284,-0.756291252893449,1.5962013836076343,0.7559840017260456,0.5768642106168459,1.044951844726769,1.4043316700604598
15995,-1.2344891427842961,3.5971366456526668,0.8475004261309228,0.14416052797797285,0.45970271527759127,0.8131045344443119,0.030375268106042304
10142,-0.39186591861841863,-0.5245493614120836,-0.18319419866011313,-0.016451354830352555,-0.40209691177864,-1.785699675963424,-0.6414154011086267
12724,1.000519678816145,-0.10569873219608435,1.0930962623578513,0.6579852681297597,0.2667316809895893,0.957596690561435,0.09664278486978269
21808,-0.307857904552079,1.9435908186242457,0.1865681626870387,0.16333881050923374,1.0865574875867456,1.4996711210560054,0.001300106404250604
11936,-0.29486415289484524,-0.6014744796619025,-1.1781486577901354,-1.9496163699635087,0.030369559525293792,1.3768705866236468,-0.5304048348890957
9762,-0.055810965046903235,-0.4712620661000268,-0.47725609242881517,-1.0359713017678043,-0.12118980678803376,0.41090811411507644,-0.4094992514050773
21698,-0.2836120208336969,-0.07820250085484015,-0.03221915504596707,-0.13267344672625325,0.03749235545289721,1.5154682817423806,0.08108313001461977
7346,-1.044583463236171,2.0305061730630483,0.35999966004870604,0.13904750507170074,0.8171338383364272,0.6418476832784663,-0.212680831521496
12366,2.3526943258208557,0.44119538894850785,0.30586033088084424,-0.04074615541792232,-0.026714651689322803,-0.386704885828818,0.758902264636057
18173,-0.9518706278033339,1.2947382649388142,1.334596799466329,-0.011125223116433824,-1.6399946614755352,2.539832370475254,0.4698068886068306
12103,0.10410646677524588,-0.6968083837956104,1.398275044021659,0.21891171273831508,-0.33120614960437883,0.40758224779581653,-0.3886505447181286
20339,-0.1976705683188507,-0.5956091631534246,0.9418894877624796,0.8283895552344988,0.8003845320349676,0.39774528599749837,-0.3383568433708022
12040,-0.3723694085213102,-0.48285915302357496,-0.5997573395496489,-1.4228785289575643,0.3120886612700038,0.9120990419512024,-0.07745908054715826
12349,-0.2010224649953018,-0.19591352498844844,0.3533155002542013,0.3545495017092587,-0.7002845401708736,-1.4039226884746066,-0.0011192223978933515
3666,-0.9115616133156917,0.9705855827343008,0.7428835508925065,-0.26841472328428023,-0.7163727395415831,-1.8163018391289112,-0.37192479808562284
12232,-0.2727890499093364,-0.9893721800346464,1.4038470403936236,0.8001028622785582,0.723151863027998,0.22054506289967937,-0.37526874400898286
17827,0.06880341413140892,-0.7099118590610731,1.1378686107530385,-0.007115554884116849,-0.0019793571217307914,-0.14539150260276668,6.966612014410242
19347,-0.4497326089435509,1.6756488007285144,0.47799048687810247,0.953514616778128,0.8424372919446318,-0.3448132541816329,0.20494929400269613
20754,-0.3060584720836819,-0.049800864500429906,-0.8518059126253908,-0.4777281738011715,-1.1213560253456885,0.12556680577705512,0.014008520123208782
12574,-0.1736123515211394,0.0376076292216537,-0.4549067154453846,-0.15681386728711255,0.18505992748290445,-0.07613014791892599,1.7996364714058155
17540,0.6101384285825564,-0.09178572600522877,0.5418608283746086,0.2681766004872064,1.0812007284625968,-0.052218962245849446,0.6302763361250969
14922,-0.25561765131109804,-0.7016885510972689,0.9295384713658205,0.040587666802216815,0.5539218932697891,0.6770521098009612,0.08554617704642584
2558,-0.2729729290336369,-0.45002925560162643,0.6190657357461069,-0.6999802884365061,-4.299241484319647,1.4942138834651195,-1.269023236027726
17351,-0.27650352472243706,-0.2216663940231402,0.47006006848883425,-0.6197395866990271,-0.8632434680666102,0.7855860790360116,-0.0015460876021649098
21654,0.1406347562922449,-0.7305231719084734,1.6642286914675122,0.985953090380226,1.1164431814809594,0.031660727726478544,-0.25617710661514387
17822,0.5963671781474783,-0.04416716516547658,-0.16515648914209882,-0.8959213271642475,-0.897842448997357,0.1841299607794201,-0.46895444730158375
19661,0.060472457260369046,-0.48747952101332537,1.06313309161694,0.44661693911487493,0.18230009154623167,-0.06322471299450662,-0.07197341771473068
21701,0.03259582792662442,-0.06536680143025655,1.2734064235211444,0.191923856729907,1.1038300241224681,1.247259411342879,0.06758100626751876
16091,0.06354372534912547,-0.49614620212083377,1.2107459038383013,0.10778177937815903,-1.1925892177710697,0.3008514781969275,-0.2815508497032531
22149,1.4853711005516173,0.3462839444476169,-0.009851137977519192,-0.2556989119340776,-0.1741419851099296,-1.863351732950565,-0.1597668113659767
16377,-0.16711109060850415,-0.19500014398119028,0.4613999694923664,0.506455104261118,0.3409415939816409,-0.11630623376216714,0.1928437441712432
12107,-2.752764358118531,-1.1683760030559622,-0.03944349844582354,-0.2781977578072101,-0.28732185517468,0.7458390745619463,1.6060108114956868
11779,-0.13086669353855762,-0.5812767430906127,1.6106528061672525,-0.10264560525507675,-2.700303259440499,1.5859649106913856,-0.6218586952117521
13232,-0.009520028258977914,0.17808737596313454,3.2334036105814485,-5.583464125793694,0.20146233148278653,0.34404988039998247,-0.31736241513546437
22431,-0.05134166957168711,-0.3109855022505515,1.2389205251586854,-0.08836109124083243,-0.7334958026182222,0.11351672826342288,1.2496928445944024
12679,-0.16497319376179026,-0.42877904134854583,1.776200143441986,-0.7424007760503984,-3.6426255517970683,1.854168344044952,-0.138820963958944
16289,0.11837481241771063,-0.4428659488456099,1.4298418593938302,-0.1210487887036043,-0.37807875956792397,0.383968208729914,-0.12777072003452775
20624,-0.49826027701234255,-0.1454345114783725,0.19175237781675367,-0.423273092405645,0.12836614885680464,0.4157006123847077,-0.28750746895809776
19600,-1.0411450908058821,2.7562862517270594,-0.5317358718275985,-0.4821655069676867,0.2524793839053423,3.9017942035649433,0.6027702384915323
16241,0.07092343934178519,-0.012455381785843583,0.3260485787137488,0.6919684007459348,-0.027317053508369757,-0.008975166462313841,0.19811358668281406
2062,0.07745408232071346,-0.558057759630504,1.2789362645057307,0.47513131569246636,-0.09577096152004344,0.4918867973912036,0.07283151221901289
19021,-0.3227348152204014,-0.6454056600270439,0.7081869043395806,0.4038758335747213,0.8089534272278434,0.06415744904999082,-0.19703362425057136
15964,-0.28573960890933653,-0.5113340141145054,0.284493669449844,-0.21814743688635946,0.35498590910504035,-0.18481229970101162,-0.17148141071922593
6933,-0.12499299699575621,0.08643422677795683,-1.3214459885235006,-1.1973773502792568,-0.07812670276154048,-0.48237519772727977,-0.2476746919637123
15655,-0.3207634436029026,-0.0972978249145576,-0.026742843285312713,-0.20286237258993656,1.415135713993862,0.41513527050243104,-0.5660900434758924
18912,0.25916015928338143,0.3232950446080164,-0.7166425443019424,-0.0713330768959227,0.11765193480711879,-0.6888726500978374,-0.0817652779302895
3215,-0.31227877709203283,-0.4384909669087885,0.5874376721939439,-0.06075592471130567,-0.9060461695047639,-2.078219890992939,-0.16022009013173213
16869,0.7555751663816206,-0.46145893946156946,1.5117458703963382,0.7170687371970064,1.111468859015022,0.385475817675484,0.5372793543464108
19864,0.6290798398464617,0.054489105294022795,-0.8950717607707597,-1.5305134111026732,-0.6822874030091926,1.0287759500018543,0.00012168655612377819
17565,2.5127399006230218,0.9872606701684149,-0.6447921444008843,-0.09006896829841075,-0.22637739554214067,-0.3669683319976758,0.4134049215240834
13136,0.05062222521186686,-0.16059855375350585,-0.30508138986275596,-0.29938086964769167,0.18898854051018912,0.22079539409677457,0.09056040580559252
10419,0.11406666447817049,-0.9360429386756434,1.6494620431417601,0.905681573933105,1.8595139455838774,0.9157150320254899,-0.21681784898735956
18579,0.22909678935451894,0.21534336531089995,-5.177961111580847,8.004898833192975,0.8767253603372719,0.5366930335561005,-27.383335191316284
22249,-0.3999295286293809,-0.8468141840937485,1.240521199193574,0.5536343828163559,0.3983328913311286,0.28803453357458336,-0.5450249764927189
20869,-0.3829948503214377,0.22561520208742283,-1.1695784446806128,0.425992177306318,2.443168553233348,-2.0775941298065272,1.145168428456547
2603,-0.0037546540399602973,-0.3524508326547478,0.680211030096913,0.5749644748290935,0.6111225350632843,-0.012077512481263264,0.3551367218586309
17976,0.03152255701797822,-0.8604897038933276,1.3041852168768855,0.8082533365575557,1.2649071218577967,0.4798984006957899,-0.17635968147685022
18809,-0.06470961232598972,-0.7355345977915576,0.33195209487619226,1.3442634557088253,0.5062925765248066,0.5265427528053016,-0.36276407944706457
21652,-0.42914116812582764,-0.4742257011803803,-1.250140952393977,-1.1776299033925373,0.41357730207031795,-0.3062335408316432,-0.2209771589569121
12096,-0.07086112258001508,-0.5305733126974255,1.239824861915112,-0.3937637674210787,0.0160290629341388,0.8477109125976413,0.21317784486283262
11525,-0.01909095052392342,-0.26188781824806956,-1.4528041311396815,-0.6471802917827747,0.9495429308523631,-0.33340391857216656,0.358635765934415
22557,-0.4822229827099182,1.1734695674157956,1.2534333089750391,1.004736870646787,-0.21411043537755778,0.9748608158610785,0.03196716169059532
17833,-0.3733727387100481,-0.36049563050555367,-0.6780089800620182,-0.627914492032188,1.0117777481975396,0.2317641875340877,-0.4205886815485537
20674,-0.8498323243454792,-0.6849490644850189,0.4570409739848787,0.1793242691364463,-1.942648518958746,-0.6428528075473529,-0.16222500331348086
22203,-0.3543142468118376,-0.37129055762299923,-0.2158842967144859,-0.8788121458975582,-0.9655846059641112,0.1537214116456041,-0.18323628410397452
20030,0.1603623784964426,-0.008311950618973855,-1.852139430471226,2.8968286789365676,0.6083081231641622,0.5945696132405627,0.5999704789445365
2372,-0.2641959254229223,-0.43956416046533164,-0.15937751513529302,-0.2397603338949982,-0.29390837128076525,0.20942707536523664,0.1662550973090092
15278,0.2844431825207416,0.0819188410480123,0.4222621855423589,0.8519211060296725,0.6506760966753291,0.9285663472314278,0.42872760841239105
18087,0.6475705638520448,-0.026811297349751795,0.1482249249229512,0.42050463302636626,1.3329000218163984,2.225116071258192,0.7353091170873871
11896,-0.01960271083781639,-0.0051067113502453725,-0.23244337450351074,0.3063805685949939,1.2064113824700615,-1.074524811607853,0.7148325456994694
2752,3.135451769550178,0.6770358332742525,0.8329124803168476,0.12809496636725312,-0.02943133032288085,0.13791699569854837,-0.11421072584249803
16393,0.0421317793794092,-0.4152108284323627,0.27796490808646307,0.48756253331389343,0.8347798037687216,-0.04025230235913722,-0.09095746452468317
22291,0.008697245828846274,-0.014362866812761225,-0.928725726664796,0.2231063811101465,-0.1867219887852116,-1.1736437714938655,2.1779091363003173
15087,-0.3225526923624017,-0.34269435306608076,-0.47007950589735037,-0.6803343477921192,-0.8330430181602089,0.04240929374022192,-0.4583971576150149
12910,-0.17627384843216154,-0.26427274457103606,0.9652961901974133,0.4492756938235469,-0.5171242665158211,-0.22609164803175563,0.12057122051566804
19540,0.07166797106270324,-0.4181381634847095,-0.4844375242247639,1.404639301728628,2.0103469232502817,-0.3739625879814993,0.48720777749641336
12712,-0.452059165535672,-0.6809364047791117,-0.2176754181932974,-0.5218207383716208,0.09415675021669749,-1.811530921812666,-0.7547061306319154
16847,-0.4885819861999405,-0.09465689943941243,0.34310707824397246,-0.20533777833053374,-0.5899819591775338,0.5770012859605308,-0.15887505377864247
10769,-0.028893873925657655,-0.06050631644946114,-1.1455754579306017,-0.671513275030074,0.0826268841252258,0.2415894472489909,0.05958824445661176
11741,-0.6045864198955826,-0.776969297611527,0.2860088638358442,-1.0917557873440786,-0.35258705806408497,0.3202441801871778,-0.67893583124732
12459,-0.1889298471245003,-0.046761075419616875,-1.8010438262510606,-0.609448494830249,0.5141184276945582,-0.15025720544088378,-0.15029428023467203
19611,-0.15275890697375727,-0.15383570668566945,0.5376463826991804,0.21105661147502353,-0.132111958187161,-0.7997288167625246,0.04997712330662878
15625,-0.15124113996947963,0.5568217475129583,0.43776827258108525,-4.120342107998881,0.46503826985475655,-0.0011905868724565232,-1.2569738707686746
15751,-0.11376327722017732,-0.30788537838406455,-1.3836256434960676,-0.4870107949901261,0.6546848820781873,0.3369391143555481,-0.40836482507055977
11701,0.5313418491245028,-0.31427861288093584,-0.12013190231297337,-0.9450407100678976,0.7564582372859151,-1.3397455924339108,-0.3132405853287818
12837,-0.21409581988772652,-0.20478635162634806,-2.566513258430882,2.2631803648196023,0.2107776836402182,0.4079602277482377,0.1788583041692553
10564,-0.2848427014320469,-0.14247388914172526,2.8431172751882197,3.614470854775135,-3.2097717281100673,-5.580440882410868,0.028103819483646354
20266,-0.7773780212376938,1.5243441853817188,0.26678131326729465,0.01233694750698209,0.40286276489241285,0.2402621647916634,-0.46767286415914583
20537,-0.18357389346096398,0.5368971347546416,-0.28068378315656944,-0.12386838108711606,-0.08400058033060889,0.7879769682701792,0.2676127725996124
4180,-0.09218836145276427,0.04346289000026234,-0.483348177323179,-0.5782678710168345,-0.3913262365399132,0.5172043266445471,0.08350965381435291
15724,-0.47547991975133536,-0.507317791149164,0.692272893540014,0.3070694045632001,-1.3465499192332426,-0.16610014663824993,-0.6192843336880283
16584,0.07455576278274947,-0.16888321715200919,1.310274763970293,0.687462602430582,0.3510588297188765,0.3575402330826683,-0.05944024376171399
11618,0.0666842257651815,-0.6830613776638678,0.21776295446783894,0.2178772006844684,1.3423954973713939,0.7781789335500972,-0.3810981227392141
16974,0.015086670840724943,-0.28727321068321865,0.5427995991149762,0.10223375426393998,0.5286319422743293,0.1543363433602835,0.14074654802489975
18324,0.17983631524456992,0.01820130075582898,-0.199095875668726,0.45241705766710993,1.0298266841593156,-0.19470144794511898,0.07389952812236827
12426,-1.0390305546594696,1.9298974039140542,0.33635416256098055,0.30582659987075617,-0.8145857980444621,-0.13545770108619054,-0.7351246923414088
17872,-0.35496540556006834,2.2584729458813926,0.7350246498205429,0.36379782660621035,-0.6467774845042792,-1.3616503725067957,0.7262845624113302
20096,-0.4585894663866748,0.037600141900855845,-3.041409175199086,-0.361228012561569,-0.06892139704644006,-3.3016264820849357,-0.38634353515668274
11414,-0.8806086148973085,2.037226921831951,-1.5514213446699308,-0.23218905707982418,0.11184356124795895,-0.14419440205980993,0.6051266885062341
21749,0.1907264317088225,0.2917744363868373,-1.3641489105660607,-0.8819583431027493,0.760306453408743,0.6577563819830058,-0.18339555689881704
19017,-0.1506470344213862,-0.317895766089071,1.5056219684503651,0.7916819664425143,1.1018149160622253,0.8286720728303134,-0.35794719776768574
13288,0.05723738315979141,-0.06706662846057049,-0.6124066966069345,0.09353419328951264,-0.6186004899202475,-1.4467864529016417,-0.3448070165834598
21619,-0.24989115905266673,0.14557792501897432,-1.098559386534503,-0.7190731625293865,-0.6915150765254271,-0.1272378539600427,0.4413818713964256
16721,-0.20490495917995144,-0.4683250900076647,1.3662483903910254,-0.21723355047843892,-1.641461663549642,1.1744145668708839,-0.4069219668491257
21240,-4.362465488306571,-1.4183114826629215,-0.8406806241488911,-0.1311579944413414,0.5600025592267719,0.4711329668054494,0.26514388611182904
3981,-0.07296215441477161,-0.011732286102479585,-0.08990113628953766,0.4513349359598079,-1.3649921383569814,0.4807467768214285,0.1266574436308364
11134,-0.21104814408026995,-0.1561669194527174,1.8349650674675688,0.3943935661800997,-0.002784076309424141,0.6099931669180096,0.17199199663740325
17300,0.20843792224183733,-0.11113426150192203,0.2620732794235258,0.009045797418085044,0.24964190753474713,-0.10011292011016884,0.21517211787612245
10726,-0.9152971440477204,1.9252222153219218,-0.4842014790975734,0.28757795105473904,-0.6658631836679267,-0.19917493061782007,0.3446171349746276
14855,1.4943743311865532,0.368320896865809,-0.40725155970317656,-0.4953706819382663,1.388607719255021,0.7533607371918781,0.14401829417406306
18919,0.3067669709390887,0.0149024341835103,-0.7891383926135774,0.21136700411411272,-0.3349505391748188,-1.014630765366567,-0.3137440681504195
10048,0.18020205256111738,-0.03146491664399774,-0.2793839795706801,0.2017035012257564,0.0074531907281029635,-0.5608944991074412,0.29461437816766606
3611,-0.07704628510206518,-0.321286305912533,0.9085069753329579,0.48470802593273243,-0.845108493675034,0.3967317169399136,0.5097222611782917
21503,0.23449010292300568,-0.19697788536541383,0.532575630228558,0.005464855294797235,0.1096532746402775,-0.10026813535533682,0.3236272492953858
10235,-0.0789295701629925,-0.534421790388236,1.0687979119529862,-0.009137423177593522,-0.9306996561797803,0.17868765740245648,3.7935896270762264
3058,-1.0879978309633214,2.7608113254768667,0.05751064214126298,0.1950576119824164,0.5825125367065374,-0.01018429346252394,-0.20067816621863047
10647,0.7025087503592164,-0.09758410862620977,0.42425942888804663,0.19836672235329647,0.505395306602647,-0.010911201536235855,-0.06200468450979181
11472,-0.3384266865378926,-0.5196651997353708,2.2522082140610293,0.542751740277521,-2.292474557240792,0.18499056471896747,-0.18821700387341503
3395,-0.2885359268153076,-0.6596240240291028,-1.03495765845123,-1.8810296619273892,-0.018685230019863563,0.9582415319415084,0.3019151986236191
19193,-0.18574699364874436,-0.6047073086659311,0.17809898033845117,0.2162114748681819,0.7131077354203764,0.35314086431323616,-0.310994871416266
12822,3.7442373230557626,1.01865921572237,0.5057661035212354,0.38359238393636813,0.2556152760762103,-0.2084117688400356,-0.15544543173438335
22586,-0.4273638144300846,-0.8663549728284744,1.0909876407028554,0.5058973987554832,-1.5515597300055866,-4.027747203667317,-0.5571097586108021
21923,-0.10313762544443461,0.13999046455174766,0.2979874484858353,0.03635214936599483,0.6643092191421534,0.07625245112117056,0.2848982221082362
10634,-0.27828111383002724,0.11475202502508866,-1.346690703982865,-0.5511650329027962,0.06174500702779672,0.5128301729618121,0.3469407401292127
18315,-0.16139852031016605,-0.32889707635488175,-0.05922610781466254,-0.13981777255842426,0.4088303055586925,-0.33380499100268357,0.5906567182737372
16993,2.832313019605365,0.8949197980302377,0.4689992279106981,0.05244923884412416,0.7468929114912763,0.1569335824582633,-0.20992644750264394
3623,0.08202863185842732,-0.4885947638272664,1.3453464790479397,0.5476568032568662,0.5731294466740551,0.5557642829361721,-0.1136772525356826
10274,-0.7412722547231206,1.2333152184178109,0.9191352250041099,0.5460231248600674,0.9782742024389666,0.23297082329435417,-0.3728390016836792
22578,-0.25521113639728704,-0.009138205545312757,-1.3338472072891325,-1.0721602478568513,-0.1757557270524095,0.8761478165894901,-0.24431230846097987
10575,0.12453306492494559,-0.18417669557384284,-1.5093712778737214,-1.1262238874492725,0.6789637820594621,0.46413896230616913,0.33590738452317653
10365,-0.016019599683519,-0.7868895468175059,1.0206965770792522,-0.012591332222048592,0.6141902476908682,1.1426528304814825,-0.8429202995740777
15110,0.43142848607902123,-0.1965263335783228,0.48361214572127237,0.6794010133447713,1.5876385041521635,0.8623100304049589,0.2774657357479411
14683,-0.012515580195130516,-0.43980480134704425,-0.2538556378850692,-0.6305521882798726,0.21573856846319966,-0.6782951152537521,-0.5454066087205595
19907,-0.008940165355320584,-0.5172364697849605,0.17929213253321108,0.4182347221392747,0.28539974291635806,1.0087207791986688,-0.36726353722416094
20183,0.19872446759056434,-0.5410762221443323,0.6230183593474085,0.2598408433805477,1.1076791976034954,0.45225323448877713,-0.09151317206015712
16217,-0.8046064575366504,1.9406582182021355,0.09435602764528289,0.7221097748870554,-0.8973725651045665,0.6331076333686028,0.11819425104699396
15807,0.5674124754910698,-0.5168275178301315,2.0206646226798486,0.536144132882481,0.8053059942714897,0.4216613630019162,-0.28561753803759404
12066,-8.475305516048474,-4.556622005013515,2.7484382729641252,2.118077859285786,3.793911802219258,3.5008002662489064,0.06382128411673989
10922,-0.4681970313224621,0.5878725875965988,-1.0838801101787756,-1.1699004358707144,1.0835101594422203,0.19779264371794747,-0.12547353594568975
15673,0.2181279628074572,-0.6687023478010845,2.820869978657264,2.2441737439430396,0.6811244070528405,0.19402615635220474,-0.41151072695694574
17353,-0.2236043678691149,-0.4670585051128149,0.5837197364328551,0.41883312309087983,-1.7031736198674374,1.7986191385248709,-0.5209374983630174
19676,1.6472325079846917,-3.998297298306575,-1.8541239098063507,-0.7100526909753144,-0.9551674216584912,-0.604814043113303,0.18756256951697628
12278,-0.3913354272769814,-0.5292924878819454,-1.1352047837855974,-1.9041266179158653,0.20585999586288545,0.6122304800232432,-0.27735681409289414
17672,2.224457593593082,0.6884683662897572,0.1830713857414093,0.6743828098852825,-0.39023056013338975,-0.4112275116490868,0.6082084174012353
11469,0.16793520724586006,-0.6557631134293358,0.9145110920200691,0.41540625144646576,1.0877297464849087,0.5233116569176552,-0.06805247147031801
17650,-0.15927076574923352,-0.20170857432828082,-1.5944215795026904,3.538165460824674,0.29274106246990445,1.4029966324447491,0.2639925546295873
10523,-1.598155845776348,3.0855243928046,0.4911939296414021,-0.06652467180015241,-0.06260187294118251,0.4858984879505147,0.03230022615613245
11621,-1.2442179905752753,1.647681301387898,0.01111465883679883,0.080791001687831,-0.32047028701919783,1.0901504074830142,0.09126129733473705
12585,-0.2128365759530378,-1.2515962390124276,-0.9737027551928374,-0.7155111691405084,-2.8507105889194646,-3.932726661934995,-0.4245897468480785
18473,-0.2764174950691593,-0.5872667582363235,-0.9157437032797295,-1.1172810120571217,1.5400811391631908,0.13393939442445757,-0.4493732362219813
14881,-0.052581209286153036,-0.29656565006981006,-0.09663612406937246,0.30994607136200186,1.1225806061383585,0.49953140270307367,0.03376502690868991
22669,1.9951908879114486,0.7866291156626948,0.10232822293472905,-0.3193456107151865,-1.3445748934695403,-0.3292000861964067,0.16417005702542553
19163,-1.1405240040722928,1.527653550183883,-0.056304274686410735,0.03240083933675037,0.11260082642163817,0.9105277596697394,-0.14141128193208918
15188,-0.12266413039811556,2.8061719605977014,2.6221299635670015,4.103391772273147,0.0441104375357404,-2.7098064797204344,0.7165356274131424
17127,-0.6145272830921693,1.6989218842054084,1.2072688230900503,0.5273260796101145,0.5258246042746285,0.23671130455147538,0.47337745169974843
11098,-0.3893344464258137,-0.6094836971834402,-0.8085337813083272,-1.8715640155482385,-0.11813402966571328,1.0536410329560988,-0.6176137035813895
4465,-1.341699630707403,2.3362288845921544,0.1038171169026816,0.049259014938406745,0.21031270974962288,1.000706798468221,0.13149358416879145
18136,-0.9863608479198857,1.7478007117202001,0.6934182322308142,0.3622562269104075,0.7248730614823542,0.02169216223779037,0.16911677413287468
12754,0.12218099315126076,-0.25059557233692176,0.4523097801251923,0.3229641153910189,0.21359754800595795,-0.795809090896281,0.2697256896706406
10761,0.13659874551178583,-0.14595254904719082,-0.0493492357709042,-0.22372500473204698,-0.7151249144114765,0.06547350468748783,0.5514974783819004
13309,-0.3524485741125357,-0.5340364545576235,0.41062682676912815,0.14243904093114507,0.8918104318707419,0.8922495348878745,-0.4581156178132596
17449,0.035245580508376964,-0.28652583238231977,-1.8775119592867469,-0.5528199348590449,0.8009632321517427,-0.28370679598996223,0.27424745377795934
4255,-0.4645762812722804,-0.551250319187151,1.6735691104536716,-0.24748644406352724,-4.0296403531278795,-0.009114834644650252,-0.31720862036974784
1456,0.14439777905224246,-0.5713911407351998,0.7754205648266621,0.22919597284022528,0.3179650713043693,0.9696450857322333,-0.5303263257225427
18497,-0.6051628390999969,1.7910894692043708,0.5192434010952824,0.8031054421768064,1.0569543321021022,0.3133369120634226,-0.6336740417427192
14880,-0.5664657752928401,-0.6499721121757043,2.222226999889368,-0.12875016052900953,-3.926642023811532,1.1177262511640689,1.0644337966903614
10441,-0.3899993039619272,-0.4907295902819246,0.28837630323470304,0.3559144355929417,-0.5992231657197544,-3.1550677986936884,-0.3418868267076951
16037,2.277013122391932,0.9725092026453209,0.8883201636160565,-0.35187516794556833,-0.5558263397772666,-1.282523267539218,-0.47967958454157644
19230,0.25119849027316765,0.14784858168411721,0.22548348711065033,0.29034470170351895,0.1832321017477319,-0.8224190444911145,1.2859961589776685
20807,2.6486760573331742,0.5835011919080771,0.8380583538845062,0.2634990360490655,-0.850760913283977,-1.1227145266900485,-0.6232749195488021
22538,-1.0252001948332388,1.8882223780452516,0.27036295477364813,0.39054624781189345,1.631646431861505,0.03462301261468405,-0.26519878934164626
18089,-0.13039811114787755,-0.2912233176538049,0.4219946796357889,-0.45901388737918586,-0.9210524727760401,0.8591671558959816,-0.7090292268258251
4288,-0.2590524960164132,-0.08864162317268183,-1.3008299051358767,-0.3819307310821225,-0.5207278496053517,-1.407935932797401,-0.057900385034757876
12515,-0.7702571939102534,-0.011740434097536598,0.5686084666646696,-0.24573674071369547,-1.0313660442762278,-1.7515899660367926,-0.41421510788095156
16575,0.23119754875312487,-0.8358963308551937,2.1206604940794134,0.6732596116861292,-1.2020532539872475,1.1961549409126067,-0.013242892774468445
16653,-0.4303961519264679,0.21820951947619388,-1.1091196289536533,-0.35253444197859213,1.281792936105987,1.9459778966921741,-0.16211218632955923
12398,-0.01356045066035304,-0.19188674029770844,-0.39862951794226253,-0.02677000573863216,1.0810085138065166,0.4127794083238381,0.09725020420178217
4464,0.1984387286128481,-0.2572910519539544,-0.006578117804472993,-0.2743496327814627,0.5446769498856043,-0.3373018519742601,-0.47489718462427716
10574,-0.2557835314769203,-0.503742206602003,-0.5003102986669039,-0.7604217611216023,-0.18213802825482453,-0.16106373494447038,-0.22465613394970668
21534,-0.218886751558176,-0.21476942585088074,-1.6867503788257348,2.5817615190293806,-1.368628719891252,-0.00691361561339983,1.8041769901174018
12662,-0.9205361189838599,1.8567539827402924,3.423444763328482,3.8091004842205205,-1.1898775403221673,-2.5803585989373863,0.41341458244501506
21415,0.1451762660089129,-0.036357717073058266,3.7525400033336083,-4.003140235913789,2.2576737071444803,-1.0100814077741724,-0.5497781528900486
10111,-0.08109117601690165,-0.20353253647383038,-0.7744940068653098,-0.7676728957561361,-0.3730845435631385,0.9538885269435827,-0.11082344332325574
17750,0.10211239567847695,0.0271154355949043,-0.03404187157864108,-0.05740599367966092,0.4470806819507967,-0.6635424022232987,-0.08496373885378093
13215,-0.3929856013345254,-0.6727020182321024,-1.9125960291778048,-1.9078337873141595,1.678854197073638,0.4579839049795156,-0.3550630371713416
13326,-0.04092981821597149,0.9187294885312712,6.369860387864519,6.735726318214097,1.4374363444715743,-0.10376266671495331,0.3031504017836721
16245,0.020234139230165423,-0.21045543879013212,0.8896563074014069,0.5812642603775466,0.16007912528131357,-0.2419507172648514,-0.12881242267014986
1656,0.10398738983905141,-0.5257985142593584,1.0422759557188688,0.6142467720530664,0.4505189673147013,0.039274188043325935,-0.03830409543357658
2957,0.1421385359851485,-0.05767263452995007,-0.5962253936857582,0.6363268205768499,0.5521527334960615,-0.07061592274342263,0.3779258076243277
18948,-0.2607858961541004,-0.41687635500140796,0.44655409436989607,-0.03557154239439378,0.2631520078985518,0.9251553039415759,0.09492082441852355
18821,-0.647272896571901,1.6689322183044828,1.5500792770381762,0.3929180175185813,-0.2371610298925147,-0.4886717170245693,-0.18610647990714568
19640,-1.5126073228466477,2.3490817814783633,0.8448421076187776,0.7835552130480734,0.12641595348866444,-1.1899965452254184,-0.0625962038106001
10630,2.831179812650634,0.9857295371820295,-0.53790058827112,-0.490914103602221,0.08422336036744985,-0.08128617795707452,-0.21787993176875928
17386,-0.7437448357776253,-0.31208105093857386,1.9635772767763928,-1.729530814447538,-5.697118458878018,3.6717600550126814,-1.422012824447013
10531,0.18275667826127134,0.36543142066132484,-0.2537285529551075,-0.04297217485791527,0.17296236153932978,-2.010483323687474,0.09346196675513271
18241,-0.30591733209232813,0.3599594094609867,-1.7524793214390968,-1.2278774322891235,-0.9077148255284315,-1.4181998989900708,0.9817794512015616
1775,0.11412527417100428,-0.815176825669638,1.244407175217689,0.7134553008010551,1.033082126973772,0.6583560147635408,0.6331453309800236
22123,-0.2787939195353612,-0.35874561593479515,-1.0589910788642702,-1.2993784387714031,0.5373330358871358,0.2455059160910898,-0.20300265441154347
12006,-1.0458708318854986,1.9886183750945818,-0.2767230775621354,0.38864731347399917,0.18334493464742466,0.7185944541023768,0.09443281858555894
17439,-0.48988351471176333,0.22020285205317475,-1.614751600514628,-1.0931987584675535,0.13961794444543066,-1.0641915789700394,-0.4132835669331609
18921,0.5012437149580539,1.0042217023206474,-0.31553319655083095,0.9957565861629349,0.5738453563151027,-0.3588582003665746,-0.13851741947974536
16922,0.33739964083508145,-0.5641326935037838,1.2588305832145525,-0.0694308992763555,0.28696573427394156,0.8807831662650182,0.1302044154221382
18708,-0.34168544578828647,-0.12263121508891603,-1.066138261716554,-1.2087928232166967,-0.0013951211826054987,-0.17292858798403554,-0.07862933188564
10196,-0.45677838892496775,-1.0721044572725953,2.6926941616243223,-0.6921847942684158,-6.783359410095386,3.323018999246599,-1.581928124253679
12692,2.1993497141158675,0.2632204381261446,1.1561670275558336,1.3569091743322892,-0.966071203415836,0.19089456085601114,-0.07554660448798531
21285,-0.3106831349381723,1.732950527562447,0.8190033106597323,1.1199393913612352,1.294928298927812,-0.06817568051333925,-0.1386295709343782
14613,-0.9082320956218691,1.6243666918225255,0.5984064505929441,-0.32142254245780044,-0.5666822218752103,0.6781322299717504,-0.1239552731464323
12549,0.24165681155859575,-0.10570325186225342,-2.8391959790977617,2.8917379605343974,-0.3056188426823004,0.8489538839200202,-0.2258076389949685
16202,0.15720535865456106,-0.5241727960921264,1.5986441631136508,0.332250041842057,0.09946974312961739,-0.018228770193713197,-0.16329285828229903
17557,4.3625844283952135,1.3220867213615377,0.2358250728938008,-0.3044471265626653,-0.14552463257201478,-0.4830902913100329,-0.1347043890556018
6046,1.4315794114634615,0.3899752000705473,0.16374124564037654,0.7232980474994961,0.21287857270856095,-0.2995334734193877,-0.19200447170492585
11844,1.9249702098332977,-4.095231481389089,0.0027963950002476284,-0.009947452460238978,0.1958450705899155,-0.7602851418761187,0.40637803435411923
11383,-0.05717090544245896,-0.30408203432702996,-2.2326965743276195,-1.6188428416288276,1.0585772649516505,0.12674536869485178,0.1684884641594933
9879,0.9483696589898251,0.4996933149717768,0.29631895180452306,-0.09174114292413368,0.42855458331158064,1.9246116226341496,0.1010161818721193
17631,-0.23277372619349138,-0.005626473091432479,-1.6359799509186097,-1.139168095412501,-0.032539232694838834,-0.5776260518484482,-0.28344193736744533
1443,0.025076619873160823,-0.34293952437711767,-0.8286904726134381,-0.8755800057141632,0.3865763511601156,0.1668469904692419,0.05769541456885335
18728,0.22229206245504923,0.3020602872545419,-0.9615243694671101,-0.4613354487958915,-0.2117099322869199,-0.20003599268281425,0.2579157726952108
18295,-0.06376177503846517,-0.6801777087554812,0.5015255450424366,0.5055968977484868,0.3114761492041173,-0.20240897478007297,-0.23949161653993772
17145,-0.09649764112995413,-0.4090977526015999,0.759014050153584,-0.3221002875951235,-0.7843690276479406,1.1091385324001506,-0.16773703235817194
3268,-1.1217845643220774,1.8348633959213194,-0.5194372086518197,-0.4365428350908861,-0.8101274639637986,0.3460087068827733,0.24236246690308672
16119,3.5639997280511966,1.2809763443031772,0.0009606922407017402,-0.08645846189691957,-0.3632623863853834,-0.7137114117323735,-0.027507848032123958
11386,-1.0683943170205312,2.617904545982977,-0.964567723522243,-0.2571675780265401,0.5127838429891769,-0.06542908308463774,-0.22059678055073606
15781,-0.16899951407860525,-0.4057822952759327,-1.426922326248466,-1.4653658726883425,0.30118140933642146,0.6146181707524305,-0.2106937417090007
19184,0.03282498533983318,-0.26228685028020887,0.11382708105634738,0.45260630293181353,0.6723609337271116,-1.41750349294738,-0.1442741390798348
11595,-0.6521227580639846,0.5123931484536322,-0.7359858921796925,-1.376960933848565,0.37784300236618995,0.812171773161636,-0.018898093005399953
16793,-0.15386123438779611,-0.015203503084063295,-0.4738560661153815,-0.23949895073796632,0.4217505481601467,1.9526207840063896,0.15570958213676864
13303,0.08958680643408988,0.17557636654699943,0.8545451885661636,0.2640422406655521,-0.6186287794541627,-0.8354754232838079,-0.23421448914450557
15068,0.16542244620381702,-0.3919144936705404,0.6662676551895979,-0.2767821346991936,0.5704553583700884,-0.571332376172735,-0.5596909018065004
17051,-0.12210726001172624,-0.13249463692465102,0.5781460018661352,-0.08711959555866171,-1.1963633349229323,-0.3010968871370797,-0.4046055140090772
19259,0.30034008832555686,0.1745250886073376,-0.1605280876729947,0.431961076562292,1.011629598245692,0.5411925550686371,0.5409464345980871
10730,2.5246320235799793,0.5770484903430626,0.5427731114910431,-0.028711874874793444,-0.2710839930701146,-1.3537497286314262,-0.4752819221842274
2806,-0.2734133421002619,-0.47539013413739695,0.1539831172215258,-0.27613805018625565,0.5108188220723892,0.5889978783410494,0.08473458922854554
3840,-0.13064830077261538,0.2647780716044313,-0.8697122476650692,-0.18600780720673551,-1.0825948965565793,-0.8148893002632044,0.00856284292902383
17463,-0.26329600606997955,-0.3665196629755119,1.0292574952427544,-0.2105727385922782,-0.43600737279724416,-0.24762433559119448,-0.41075500942650933
15193,0.9309759280790261,-0.12354274598736742,1.0060892937765555,0.5623299686186336,1.181881080352796,0.2847412574321507,-0.37368995535894045
17035,0.05153839879484267,-0.09886247221965606,-0.11835199822360236,0.06004250327579922,0.4856270691447287,-1.5349657055069894,-0.408883525589804
10280,0.054034540336232485,-0.2253895869065158,0.934895058558589,0.7772719768582858,0.2505978447000838,-0.633226093954064,0.37494360507895547
10948,-0.9730998442447117,1.5986379052034194,0.9291607361178739,0.2746164972772066,-0.493736354457294,0.2842522383623138,0.07408835524913944
17985,-0.23018681061107776,0.558678357450123,1.4939527414829121,0.2465607090815053,-1.3275248784607314,1.2851261136027856,0.3773610662985563
15639,0.06050791808919316,-0.30477635225673166,0.6251997925263938,0.8750787454511387,0.3986581046895004,-0.18986774240539858,0.5515637718401241
3716,-0.4896863692329097,-0.5824002335212073,-0.14782626115123215,-0.38787925416507324,-0.6045557474824338,-1.6685565172494858,-0.5438262609488772
13627,0.5527755393768882,-0.4632906550951418,-0.5305213295719354,0.5928765968186612,-2.3927958244393204,1.160209110013623,-0.3213791984778696
18532,-0.22688916570589615,-0.1031782305306284,-0.05626280394730557,0.1254297093287236,-0.31366501915625694,-0.39227516857831796,-0.10908628369808084
2439,0.057668180616093336,-0.13588485039167528,0.7032029416949781,0.6005178377019317,0.1308062314001928,-0.27538612036108634,0.0014978953936320358
21160,0.5329567254604817,0.19418921088372265,0.36780864314943074,-0.4939215360113649,-0.016616712258012766,-0.5769123866667739,0.026113462711404124
18057,0.29035014478801974,-0.2322059543448071,0.5895873513423675,0.7265795231454999,0.3725702219056815,-0.26486903434890186,-0.413920097898785
15489,-0.04905962582464846,-0.35330060829498,0.5157544033383091,-0.0642165315456487,-0.2683051097113137,0.32793896728561794,-0.38069749693302174
3389,2.3026827122446334,0.9722888734968679,-0.4157675868747686,0.24037294750881769,-0.42014668329007954,-1.1033727702766896,-0.04445145036340584
21056,-0.09413833395868863,0.15979447171486424,-0.8075877921547843,-0.0263151240770385,-0.6349912739491619,-0.6255285934296504,0.03908135797742546
16803,-0.9069033367042373,-0.6415503991782421,0.5843729324735697,-0.6046792143494483,-0.9750913902861933,-0.21886108271248902,-0.10019986634137318
1341,2.4371939014030324,0.6817402427145209,-0.15215924227576677,-0.4912225855014722,-0.9346907218281377,-0.010698419043033727,-0.4620837200969193
18990,1.4310830545654263,-0.21252058527709772,0.3980244634194127,0.7454637238202312,1.7031455082162312,-0.3564412990683409,-0.22453706166663773
18822,-0.11437521244095614,-0.5518078394953819,0.005399129441787567,0.17110741618154562,0.6771745740277766,-0.08880826545572393,-0.39285996940292106
19326,0.3141483875338182,-0.18614678210868738,-0.39381274306735237,0.4011924627906425,0.3120545762559725,0.1407860460599074,-0.6168553846094722
10918,-0.44536580301958645,1.831221192557415,-1.737233228182371,0.2651920134277104,0.1913422008642237,-0.38139969941320595,-0.009954003664511808
12312,-0.26461062916733424,-0.396357614859434,-0.577495983694245,-0.10160959509931676,0.6903379434603306,-0.50862738979421,-0.19761617540694526
15318,0.21566181710860066,0.06618849209504485,-4.7297853695973275,3.9396875543135326,0.2345424924483049,0.7780357975788602,-0.06470951349910856
13066,-0.2246979486049286,-0.39290442367581213,0.12589508022835705,-0.07522819858956047,0.3703981717613363,-0.046022300178045344,-0.19382718524368878
3467,4.513415456592009,1.239650079617095,0.8257592335890122,0.01037056475235548,-0.8591232597294974,-0.4750803662940419,1.2038824745535721
2036,0.06899675785356801,-0.3669620284140723,-0.04029467087439848,-0.0649135193908006,0.5447709099991634,-0.446476445673788,-0.22847113426744248
2360,0.4310584247416304,-0.36733205197407304,0.6897725784013868,0.44994562169113117,1.9105094599064567,0.7807776825093453,-0.2805100080007277
21494,3.383768790410958,1.045648985574104,0.9110855172569374,0.5690869711605321,0.3850382284275956,-0.3214802394257041,-0.0899187605659454
16905,0.27429113439082015,1.2895478006795886,-0.8314211221725608,0.35229726706442543,-0.07239244396834996,-1.7016062643273862,-0.37033545886582814
13272,-0.20894183558619506,-0.6286194379928859,0.9488580848354166,0.632480148146904,-0.13325340547066286,-0.04729496504743607,-0.5195660058770486
15840,0.4049935503791155,-0.49836399614298005,0.7557378613261475,0.304085434172862,0.429812223022528,-0.11129317912726595,2.993171962368147
17307,0.1895161691503437,-0.5477568841687057,0.8455283281501954,0.46764249738351393,1.8907491072355314,0.5372149984391139,-0.18675209602126366
11669,0.06170784294898143,-0.043798262396080284,0.09713550662808676,-0.447871192195021,-0.4541516474999086,0.03468862544353422,0.36498111028879465
3661,3.0275066878177315,0.9019456368059585,0.09785397433595912,-0.2654842041708872,-0.09547078862230776,-0.27696920542254055,-0.306301210618917
1470,0.2596549486867472,-0.4517289184451112,0.7227149373236192,0.9447435414358145,-0.29858776603217646,0.25106000581663146,-0.3694158269571587
16165,-1.0703699619605385,1.8400900648267413,0.47050153775718084,0.1989005091317563,0.8740344532946922,0.27239579624339866,-0.1875887944116196
12411,0.45098502096924004,-0.7147405315734227,-0.7462267363584624,-1.3140270361475694,1.0115284834205547,1.0797712936275388,-0.47503097396371197
12393,-0.9295648854466493,1.905134944095336,-0.5527595055605411,-0.17907640723568835,0.7164589334959409,0.13149901253201549,0.5507303504179142
3639,-0.18139750025623305,-0.46277573693711893,0.9034926218080583,0.1597663766588862,-0.9016567177451844,0.7172999792893625,-0.24010859301073595
20136,0.37121395319024403,-0.28818681311595656,0.4694816162176688,0.5496986046460414,2.112646412698141,0.7557933747268336,0.3053363247573187
12511,-0.2772213602171452,-0.2552135082816426,0.6008016997116951,-0.38809647505035705,-0.26324336943717147,0.3298914177371617,0.14318912928229582
10562,-0.06692199944284236,-0.19061805414135063,0.596309268577293,0.38647643053436875,-0.23700525421172092,-0.5794787328219713,-0.011873208146458031
10444,-0.2807320876275759,-0.03257273126113583,-0.9081417203665934,-0.38219048370229763,0.23798995278601498,-0.20013366385735032,0.2370030623050713
12580,-0.11652311470277969,0.12735728031768176,-1.136323899387453,-0.44683131121477143,-0.41733911329382173,-0.5816024967619589,0.05250232305322311
10854,0.042571265952616434,-0.2093279686825061,1.0811351789915795,0.3666003136698454,-0.45831666759877143,-0.6763858922091093,0.21543843454406575
2629,-0.19217370709394493,-0.11023879254250879,-0.719913526088984,0.1599812257927321,0.2152657833510239,-1.1991511774904935,-0.293861069637819
12876,0.0960832971189523,0.035593403355597034,-0.6167827241371137,0.39240805082273267,0.029917840550478463,-1.0838275938407729,-0.07665286077777968
12087,-0.14964644263784838,-0.46285232725137165,-1.4033455226063603,2.6734232353684138,-1.7771579358999765,1.0464758920739299,-0.3657238627397978
21244,-0.10166056910483297,-0.7091179348075005,1.0436008889690056,0.2775566427347112,0.7537420635381038,0.890003415316514,-0.47905434455365853
17214,-0.044607580126019626,-0.43398607307692694,0.4014449782782079,0.394146621221503,0.32853855265932075,0.5819892584759662,-0.5875376408287157
2541,-0.038909809266722974,-0.10380373298187742,-0.5824526567530467,0.13295667619049215,0.3107954422829137,0.03260065576458953,0.07473248711304778
21841,0.11671835824899437,-0.6761102032288533,1.3350690925173985,0.7924889980277527,1.2226688926449683,0.6614549498904504,-0.2759866879916446
19213,-0.505240576331287,-0.5720627586884491,-1.4078094867709592,2.5190019512370165,-1.2165993282264564,1.0476796618998363,0.7937255512056336
17970,-0.2765202891287177,0.046580073199427856,0.5173197406029879,0.41195152151672576,0.43429396430137857,-0.03339209282733544,-0.04377177755675159
2739,0.04667747722116075,-0.2533493434594731,-0.4226454906287593,-0.2627556977909597,1.3737561558661873,0.6470187436949734,-0.23579718183486165
16720,-0.145881993827746,-0.011659131540551863,-0.6355834844581515,0.02404775007003231,-0.3323455131352045,-0.8036102999220459,-0.21781154134571706
16238,0.15315760272711412,-0.08536964241639021,-2.362181602655109,3.2657492941163815,-1.018795763793243,0.5329676659033744,-0.16425686229138
21092,-0.4028554208530443,-0.13893035245950477,-0.8323231388249742,-0.3748085228719528,-0.8709898536331294,0.14757773549425837,0.2637283799795652
13379,-0.21175271946272242,-0.6658939819077919,-1.1703045249846304,-1.6303449469777613,-0.7066689111742523,0.9517426156886973,-0.04968660588950367
14617,-0.5251795117951267,-0.248472658037916,-0.6185745025440565,-0.328521162035629,-1.0777475989704859,-0.8336556462803301,-0.00028693820187346384
10760,-0.9064117188209968,1.4812406093053097,0.8617861943902045,-0.03186039697941829,0.11915759200076785,1.3913829586631175,0.14739881020740622
11187,0.29871074065902353,-0.14578510309404136,0.11605381719737498,0.6920997087427992,1.7396041476635895,-0.2611561478695036,-0.36000490035404015
13141,0.27799418009099935,-0.067203022546442,0.10365016929638828,0.6170202875878197,0.08467443197714976,-0.20483491896894332,-0.048268398891596405
20024,-0.13717859212317424,-0.5030096801905549,0.33543952888490947,0.22712802531053103,0.3770903903924898,0.5099377886439482,-0.0035461293477683613
12246,0.31387018807993955,0.2967020174991244,-1.3173733396782763,0.1368311361125849,0.2584760829009445,-0.25014660492289115,-0.06980337013509352
13087,-0.29355305802452764,-0.21777448770390148,0.34165510653065534,-0.1922691225062209,-0.28752597860610196,0.4479818815818413,0.04698910224208232
17592,2.3577878714805616,1.314047912575982,0.7530581439968572,-0.14634877486697462,-0.5901470600648389,0.47254888364872216,-0.30320517546091047
9838,-0.16880371434477445,-0.3118209681779356,-0.8783124086639168,-1.7820349571004137,-1.161617726441285,0.7595637109264366,-0.5429519131317582
9737,-0.0012698297017796167,0.16847469885831864,0.5282452889499646,0.27293049866961705,-1.1295681731876224,-0.6683840595904018,0.049263158195157676
20267,-1.0656066587294513,1.657450530314643,-0.21277310614524866,-0.2761608922670216,0.24433924671514187,-0.03436061565926474,0.048480533304370244
13550,-0.24539540440892438,-0.7649999554809737,0.22735300963810046,0.16199059903591456,1.255630568020867,0.6514531611276152,-0.2904217860841434
11626,0.011910370503184,-0.3789415752809622,-0.1450183269630361,0.1571207617331142,0.08776597181397992,0.5236616821282291,-0.15932617656584447
3482,2.580389325823293,0.6224606341372613,1.1778901235917056,0.20308312637449893,-0.145659234914171,0.2657490399275188,0.043768291015653396
18781,-0.7080477990995824,-0.6439004904296296,0.18419825752437477,-0.25070734779696535,-1.3386507914187247,-1.511461156023819,-0.2102924492893102
20496,-0.3954855507649609,-0.5225664573191592,-2.0220305479136127,-2.306374885481176,0.4558184977116118,0.7903527993400328,-0.24917164565362215
22036,0.035803226635378466,0.22973321055629753,-1.0445125272099631,-0.7480236364808552,0.7714329364544972,0.06660318364730781,-0.26816357268101654
11373,-0.31343237611765856,-0.3913275509971171,-0.92640801041471,-1.2724132849849414,-0.9872391491554728,0.29148327363705356,2.6793465287176157
19104,0.2974972897584261,-0.1854043774622306,0.8873603006746559,0.1249318880146509,-0.11840313582775512,-0.35179155251764443,-0.07054062461188264
22089,3.4728451644706113,-8.824685715800523,-1.5871975047396123,-0.1779330270241265,0.1653940113516752,-0.5464347417473983,0.35580025592914305
21075,-0.31973454065962864,-0.33259436135721443,-0.6648539988713824,-1.3388149259755302,-0.2663516516664719,-0.23797008504013112,-0.20400492243224616
3893,2.39646010273133,0.8153715495969303,0.14192416951472947,-0.2970638399919258,-0.81304518496078,-1.6449139703803939,-0.694279254234413
19022,0.8748408595101305,0.08831951310137548,-0.39120060045347116,-0.27189705258458274,0.9504411552280417,0.053926110695784485,-0.0782626139543653
20379,0.1800031226224898,-0.07663206235836711,-1.8364360948834657,2.4599363032063444,-0.668218369114925,-0.029629437305270845,0.4240908316979428
10014,-0.30574008204597863,-0.5001361347639893,-0.28059952418204503,-0.3919936154776658,-0.22940514756615782,0.21128827364658054,0.996907636209693
10516,0.03852390192542429,-0.23568709435563528,-1.6380423359857246,3.5995135484903584,-0.17007491543584674,1.4699612206566361,0.5223407120270702
11587,-0.09071126798060979,-0.5455410936923893,-1.8379328614720685,-1.7165263623942175,0.564068271839805,0.6292124496626791,-0.023959777813385593
11470,-0.1357576572091579,0.17523798524614229,-1.2656630980102557,-0.5911501377956594,0.6069897443679183,0.4927636149022367,0.07057451019131902
11433,0.7942305527364704,0.7174063800057541,-0.7407383756942183,-0.18441979976655823,0.2785577725639844,-1.4710118000443728,-0.058713666294683636
19824,-1.0671684552039324,1.3772875372935702,1.0462712890728416,0.04462714562225042,-0.0012877121737381802,0.771140577619596,-0.2461024119117889
15930,0.06283187952954353,-0.3441439640677834,1.151670714594365,0.8355530903054016,0.47838293536451787,-0.7506556322411281,0.041622073158473785
11102,-0.7192215121762074,-0.42575283761217264,-0.024891892421266656,-0.42938443382661895,-0.8239386650035779,-1.2403656475869835,-0.7033655796437672
13518,0.2714690051645438,-0.21561354480411746,0.98271381725498,-0.12166605446730253,-0.20652957601414101,0.06229600921742896,0.20042795867833257
11378,-0.41613638603089526,-0.7272199490909803,-0.04651859470541788,0.03794538749394257,0.8426783702139209,-0.6969444780505166,0.08872960104711508
18937,-0.4785170663362576,-0.5152500577166714,0.7676391979162351,0.13091847997778222,0.3199624241460535,0.40189014537150847,-0.17690026108217521
21154,-0.5599247191435444,0.6975056257079426,-0.6336561420485511,-0.5325648549621687,0.13209704901376848,-0.28819869364543865,-0.3242503001587242
21806,0.12502883456609218,-0.03713158042881245,0.4313374658094698,1.2994926065798102,0.004114510974785724,-0.43256943645329626,-0.18491892127652831
16569,-0.46025107446852936,1.798614275541325,0.2727222772273011,0.6971860844179714,1.0197792248753441,0.39910282880438136,0.28031030586803096
10791,2.7533045078927185,0.7878983300123679,-0.1619428416109602,-0.24603609464929038,-0.5151926889762515,-0.5216153241112058,-0.38341284030650974
14793,-0.18401783745168637,-0.5848622304786492,-0.8313505041102975,-1.8249139358724835,0.7716476883364919,0.8953078053294908,-0.6388407809286512
20945,-0.17167762576805398,-0.06563766037159395,-0.1891644805737285,0.6441067909238964,0.7630841497108336,-0.22151827589159254,0.4148759228112786
21743,0.062021866705580665,-0.08443136678858829,0.10521620810775528,0.1929360402194392,3.6212808123747267,-0.689013366836692,1.1927399779595769
12593,0.12253915087556501,0.10491451978633563,-0.9226826048903805,-0.3103542232501733,0.14584244003671984,-1.3111166378321715,0.11667399906527044
12501,-0.2657199671510223,-0.2653196205007444,-3.3253630333129824,4.428036758356471,-1.3646560033582802,1.106250884632009,0.04152408590186096
12099,-0.7095654263190583,1.7772530539096987,0.35346852752436053,0.745805040222984,0.31449550477094323,-1.0468294092586437,0.20919827920170853
1675,-0.15441080406681945,-0.21138836316298606,0.06438053597643932,-0.22378169525857525,-0.14583116509063715,-0.9611228474329669,0.23944990421560003
19135,-0.4107039063284128,-0.46427983304731757,-0.8631920065230518,-0.7328230284647851,-0.798518577321084,-2.099333907324831,-0.5859227705190713
18570,-0.04574559939103724,-0.8586267291688313,1.1688029273423384,0.48751950270414757,-0.6089205004745311,0.46868521920694384,-0.33205280017349775
1942,-0.33815680202462034,-1.0063364168361697,1.1812676294283015,0.042242900351385254,-0.002102690586273008,1.0819616331441764,-0.5151172775130346
17159,-0.24569023642144502,-0.7393059957127904,1.5145341054474315,-0.2259402117460635,-0.37896960601455604,1.7696199289170758,-0.19000528838480713
11214,0.03604321262404031,-0.1556458321572042,-5.303778118049695,4.975323472066642,-4.767301170510421,1.8900506197647193,0.13854421008403603
11712,-0.020393615445183408,-0.49892996768932507,1.0154555778320726,0.3062723336066683,-0.06782411230393848,-0.2274306597001178,-0.01915112736727725
11967,-0.8865716675189331,1.6286737080730849,1.0581200265775872,0.38154655394377407,-0.1785570557136443,0.5102554527304806,0.04481203077833916
18541,-0.4662328722293381,-0.5534373670974906,-0.37359469611721086,-1.409517368189638,0.3742759505785008,0.7141953529617099,0.10630940455546153
17951,-0.06273125007177958,0.2680663397494743,0.020398491431222528,-0.2196616208916592,-0.5983271382647344,-1.5429654846574432,-0.10933033425289831
13284,-0.07189465612041968,-0.5677344038262269,1.4770770661283652,0.0803706387917592,-0.06056531315874151,0.28667544668933137,0.1994680490270268
12339,-0.11885072287554346,-0.7967481844026462,0.8554367197492324,0.3869472151327666,0.9682845039112061,0.5778502275349907,-0.6891451567311068
16006,-0.10246046668716804,-0.30528186599709983,0.2511440550015957,0.2686950797422858,0.3327076638753127,-0.5440842262711866,-0.3019614306974713
12017,0.105081765800294,0.1114458605226381,-0.679317307092112,1.0535879311276894,0.8161958395030676,-0.8122644772575508,0.4137545309136918
1263,0.14757563840694238,-0.5726010415778278,0.9935633106715366,0.6237068875372069,0.9413621980105474,0.5083303259933607,0.11599093557170094
18625,0.25591512452889575,-0.09645100819837446,1.4915987389274588,0.6877290693859086,1.1585932668292749,0.3452066325598231,-0.22538756509382774
1348,0.07450651194321885,-0.05701658880385334,-0.8030054691376898,-1.0263789499048759,-2.271687890456631,1.1267413201364604,-0.4006363102677403
11513,-0.20476057697674863,-0.1548371183844703,-1.5360565346448607,-0.8511723091044002,0.10928412052819365,0.04897207732050968,-0.23096113827654258
21550,-0.24062784732570833,-0.3237953080117651,-0.35906719851190533,-1.2213367451097272,0.4328850566975954,0.44932783712417906,-0.33087660741831093
18714,-0.20447508877329557,-0.43626705661876625,-0.8597072112603656,-0.43498340133740493,0.7563498539712411,0.5000317695135835,-0.07615098401182695
18419,0.2713174025232497,-0.1447676726072689,0.196127004337311,-0.3480383907264142,-1.1383719448886074,0.8715105022824624,0.7063960710694768
19205,3.648393069612279,1.1487356066212255,-0.017924469903014648,-0.02849821689698853,-0.3365844972916065,-0.4931525991885478,0.01913642794508534
12599,0.23194126533126921,0.07762110079323495,-2.3447007752282625,2.7443368295961985,-0.34261103916618035,0.017991687092334636,0.3349545082818077
11819,-0.5629711782828585,-0.6330767928698525,1.4644986234101471,0.1760616335576589,-1.124302681955167,0.04560616136074677,-0.42521801676955806
10271,-0.4411194501275795,-0.378733870611509,-1.4076718190908142,2.8571678114530714,-1.3686670818607272,0.4145504736764755,-0.24517592669586136
22263,2.5938340861569253,0.8126680092821738,0.5115561401655528,-0.5351242202683397,-0.021643225287694766,-0.18154430603136407,-0.22334421459002368
4166,-0.41678335445161363,-0.6947848281194412,-1.8177068185205723,-2.1544489666306794,0.5294452375624622,0.3950478182832056,-0.5753695743105572
16716,-0.0740382511671862,-0.22982888218033926,-1.9574174273912828,2.4087491634215015,0.2972908491473502,1.1911652627615184,-0.1606851553397398
17232,-0.6340251241604924,1.857464599851437,-0.6529164776064679,-0.49008209578927686,0.292113166850356,-0.18130625507520565,-7.153431599958737
21725,-0.15924579025574645,0.08085526851696762,-0.8029095551945881,0.11011797248350864,0.07033103103252147,0.18628167808229376,0.15102154035964838
1414,2.3867084899415922,0.7426855516522023,0.21858266216507147,-0.021311242788903662,-0.06485879287102757,-0.7697995466525895,-0.3470979075142799
16261,0.4574073756908747,-0.03056608071623486,3.775951461290272,-3.140167868108476,1.4471354744731633,-0.17932363954093325,-0.4885137271257944
11786,-0.10135752622269494,-0.12091465751349668,-0.3661944046546485,-0.4213649705475713,0.45296607280675216,0.6541317163067961,0.20335252591506714
3202,0.17202744892086963,-0.20537884498660736,0.608295631905196,0.45792383485529137,0.38568380353304754,-0.667981074052755,0.7247927042827751
3560,-0.24126120051849084,-0.11494875804816135,-1.6031672679993305,3.0165045761649667,0.42537026813869655,1.637892354270329,-0.47880280572724665
10569,-0.13316256585742053,-1.0202622708934546,0.8853633452987183,0.5467466737740989,1.6592874625815994,0.9142637627518441,-0.6095842912682544
20944,0.02850101253129197,-0.09359391103369326,0.18537877795721852,0.074638274206493,-0.25528272965565973,-0.13258475104861633,0.006103038750096299
15400,1.5851087096841963,-0.021283282981643222,0.7498338848932532,0.4579051623193147,-0.08307215758186091,-1.0572125164460267,-0.11661256575427813
21997,1.9594314338901355,-4.621892061179657,0.20499910605075647,0.6536671313113405,-0.6599262387418041,-0.0001406293869900743,0.47176049595532243
21846,-0.4319088003544423,-0.07067560521737552,-0.650875711358567,-1.01576505984885,0.6482538711112686,1.2193492965936712,0.07912028948722158
17282,-0.3426398013722068,-0.5910829863831235,0.8811521877458556,0.5745059645309442,0.10294094011033601,0.7518879713941626,-0.029820121824510003
11211,-0.06742425658183206,0.15587161753210288,-0.4717291872862249,-0.18706855259782218,-0.8036442798009557,-1.3105182911564066,-0.5401715325607098
14718,-0.19360365353574202,-0.4386573686397531,-0.547652172948866,0.38928211124705736,0.3699392775846927,0.21624853830277982,-0.21532109394409615
16318,0.09843012731045868,0.19193390318226985,-0.9334030563030193,0.07026217489951972,-0.2827738306152372,-0.03204022468179879,0.5908946039375277
15691,-5.046123561784797,-1.6159739835424736,0.01912760083524084,1.0529027339613086,1.1389492155629328,0.1599827696261679,0.07542992353972938
21741,0.40182935840530204,0.7862616145875234,-1.4721002106338463,-0.8675933405860484,-0.5656290500684403,-2.519870760786175,-0.13826421329809174
1426,-0.6383338215216701,-0.33140431948119153,0.770630674121066,-0.05213291834107732,-1.6072854861919845,0.06719480274622758,0.31231622775162765
18857,-0.14260790269133486,-0.014751883363545425,-0.22726217716232824,-0.41822819674504974,-0.8729423047923464,0.15284376752309256,-0.06116859900782977
16316,-1.5897378378670508,3.765673601158419,0.16427297604270055,-0.04623684581927446,1.1402196266951758,0.08180876772481074,0.31541722973944825
13095,-0.22755288402139548,0.0451945705611433,-0.5841428885298793,0.43279473362520404,0.15048051772320584,-0.993938391670089,-0.056286976604342245
18605,1.4065548414707303,0.14003368368224595,-1.1887094943106273,-1.593711842130687,0.1658784213921552,1.241778517696223,-0.6086912012436457
19937,0.11816426085345345,-0.634983058081204,0.8382453553151281,0.4549881478064578,1.0925437520375296,0.040793197082497956,-0.08494537989982383
20276,-0.16512463214077125,-0.18291816662640292,4.7707911771589195,-9.139020019565711,3.493887050133221,-3.456748733167207,-1.987126156228117
20504,3.0313674208851364,0.5446243245826982,0.3285486661319404,0.1316649873372431,0.4660788627116356,-1.281195391016031,-0.2012964686749847
22581,-0.37656558602878515,-0.3220914650576494,-0.9110861198605993,-1.3144273842187006,-0.08439791372561863,-0.5810213065381418,-0.6104903230050199
16458,-0.08786730010079612,0.03351403393534298,-0.02887250522860134,0.1492017109801734,0.49403200157665245,-0.27144496151438685,-0.4996705344777536
12620,-0.11638344932168858,-0.5816328400012555,-1.4625372408373307,-1.5406853946139023,-0.18013983834507907,0.3604737615046774,-0.7145849278171053
18884,-0.027131755056336,-0.11331018417071687,-0.5788954378615498,0.5327861519874335,-1.5716864185213475,-0.07186350217128631,0.32338049502249894
18832,-0.18119768607040207,-0.2255625748155727,-0.481909932454492,-0.6100391672071419,0.0441234174467474,-0.3853749913291176,-0.6131634914302662
20479,-0.4282148728216669,-0.6966707644444866,-0.4887618211112374,-0.888307987775479,0.5297533920533737,0.6065125900099457,-0.2107504877629078
16283,-0.507145848681832,-0.7389429640222299,0.04491953526273124,-0.4080823491560362,0.7425748449870273,0.001954934725421403,-0.6260379507000371
20212,0.11018812623863262,-0.07946819887707562,-0.16727085515607343,0.12815560547923138,0.49737667342136727,0.046520033542510164,0.4282821734289312
11651,0.14951916317790434,-0.049476229204435083,0.35257989020018127,0.35159460775222273,0.49888293531601946,1.2661192032674191,0.4044024139145043
21299,-1.558293524389041,3.7573813040501105,0.40579819005941903,-0.11916459318696211,0.22864215370664784,0.3486345791521395,-0.2768645014984431
21097,-1.0664384402073712,1.6513569438457918,0.19242348669840928,-0.3348051123905926,-0.4877910408383114,-0.4434341348107918,-0.26950385062705207
11468,0.11191089784268825,-0.02539071882407978,-0.03751849410694517,-0.07491699572485043,-0.1853232486354367,-0.1331172465973144,0.39680034885526033
16772,-0.31547500057152605,-0.1864989513754576,-0.051935591341757355,-0.17947085534437243,0.22172769157144084,0.9592236958196224,0.10464716773223785
17212,-0.3320509906582532,-0.5806347204538115,0.31551053857338657,-0.26288390514603693,-1.0733285883262276,-0.9831310399094599,0.0736374988907786
13096,2.6069409161104486,0.75499503745491,0.2702852963465121,-0.16158871260375884,0.16689580436466475,-0.018366172344019317,-0.016235692205297983
19768,-0.39478399010284665,0.13492051920584985,-0.248748306414661,-0.7169700465820348,-2.089429429104352,-0.493128516359789,-0.1286049647031059
18598,-0.1393503134264912,-0.3686939761500101,0.7202873889991304,0.8514094743855519,-0.8091884165755127,0.3835016417766171,0.5274220578124121
18536,-0.3106172737724519,-0.2465269823034039,-1.8269380382696863,-1.0613711264021515,0.424935847038531,0.14219666483982973,-0.1857726933215845
22351,-0.27097626586352214,-0.7616543860683878,1.384191777410369,0.41713381851634085,-0.06429019976737042,0.6077429671940584,1.6798525608355794
1569,-0.3300690430182627,0.47147439097799737,2.114110354260272,1.1282866250612016,1.5168974459302682,1.223488728911089,-0.1346815260034832
15131,0.004385048762164493,0.04268279680246833,-1.682634566909767,-0.4733783465345577,0.21276345748093944,-0.29698540425402103,0.010735854972394649
15444,-1.014113100258167,1.4981711289209754,0.7362653418270225,-0.9947111731460233,-2.482949697544546,1.3897928091940257,0.04759574979677088
15282,-0.0722999476364204,0.041334157400247346,-1.1945451899640547,-1.0723153050984011,1.1033101628382718,0.5284718250395338,-0.25521943231197763
10992,2.3875621961179783,0.5491403945579879,0.19502880102862857,-0.42397864311968775,-1.1003930032170481,0.5042593710004417,-0.4369952421520705
21001,1.769066036073045,0.493967863250167,0.957493988463977,1.5980076529008826,-1.1154144179229821,-3.4213361178966037,0.4375161169411266
21696,-1.0077901308329653,3.302334328602334,0.027583092080372632,0.20732948426416536,0.6702718038885294,-0.2375988831930881,0.023111416303719507
12581,-0.20488450196771066,-0.03057278041764142,-1.9089084917945904,-0.41397387576126565,-0.1532034223688853,-1.3423251593135388,0.4976273677650382
12338,0.4472816572282278,0.23042496598174028,-0.02112883772837553,0.7779339867052348,0.6954375555718553,-0.7682766463029451,1.1503008819046765
16649,-0.06894017174435231,-0.6231090762322994,0.36676344711823916,0.3552152105956618,1.2684285595618705,0.6567881917423669,-0.22205440125419945
16698,-0.16394399458213058,0.6330324682104688,-0.3675059042382661,-0.6631180643448155,-0.02724168733347322,0.2833282694746967,-0.09206264686350892
13069,-0.29086486191313926,-0.6464178556612903,0.3834485631202158,1.2157254125053483,0.08496621933719072,-0.7632378178968755,-0.009923104095310617
4304,-0.36216679499771154,-0.6159622459108215,-2.0592081414539942,-1.8006833723523188,1.1548162686106183,0.5101583145465197,-0.08682976289882266
11806,-0.15756717884188176,0.2988985467560743,-1.94755942910958,-0.6576767793025059,0.5230160570964207,-0.6846452928712629,0.16797569059825848
13374,0.008473484672707506,-0.4184124205466798,-1.3492766037996156,2.9749042429321206,-0.23818837955190983,0.0773245027251333,0.6367332697351756
13078,-0.4155594753882687,-0.16772427896723,0.33335251895924894,-0.03646782191311959,0.552303785769696,0.8850656393749193,0.16689288779119088
22310,-0.2915337146240608,-0.6009425485397357,0.9860461251014898,-0.7850241176038205,-1.4345864641228976,0.8348654704287559,14.858800842802644
2783,-1.177927443132149,2.9646676599022195,1.2593894072065621,0.7021600873646422,0.6515804896429607,0.33490951294355625,0.1379407984288861
16635,-0.30252656261249006,-0.553468559608909,0.848784892688578,0.06551872244234816,0.47572208797378696,0.9167770593095587,-0.2508478284717186
18422,-0.5928248565740595,1.5755960121996868,1.6127326112696798,0.605344157706821,0.4538140012777102,0.1266277710401089,0.29978465229739076
19389,3.7309636832276625,1.4737830853962286,-0.552208593808256,-0.11303315025970441,-0.48926179202897163,-0.943121360766869,-0.01668538868972596
21932,0.176203743562304,-0.08857443865672854,0.22455565611039768,0.9558397226167239,0.542761196501956,-0.7365889478296078,0.5664375258775942
2075,-0.3306026047318288,0.027228498792231156,-3.03767457119681,-0.7791740261528203,0.6179022607197824,0.3039761123993428,1.7776995503841322
12318,0.1891374633956231,-0.21023244639543973,-1.8500244324725708,-1.555356450114081,-0.6623546405714389,0.4268439425109629,0.2120718001306782
1923,0.028845252417876006,-0.28627437916844495,2.2314774640648,1.1263180734260794,-2.1504763742302075,0.1607799852120442,0.9544976891249422
22050,0.2455334232705889,0.08693140319005276,-1.3218595235763717,-0.0023386162613489568,1.6922136119168756,1.5422675510764985,-0.5890926731921399
3044,-0.13057328147248717,-0.19041597317267553,-0.032465897899422586,-0.017205444042470236,-0.7706550307228929,-0.01116130007324838,0.16361701927120964
18779,-0.6862098024990116,-0.20446175866650093,-1.1230828445703191,0.5799021565867829,-3.1405343462806607,1.928446234111765,-0.4835723768365979
17879,-0.34826663895115484,-0.6149200722152971,-1.0120607710186271,-0.977775763756037,0.010972533819351453,0.09331842056701152,0.46377238054447345
19170,-1.155353416006328,2.640497525480009,0.3780070539088482,0.13648088170410952,0.3228006030059683,0.5499728152378144,-0.02856502068376654
7921,0.3592700222630849,0.2241210180101616,-2.933363750507284,2.6206763970510165,0.3360026250692229,-0.7088964199058951,0.4931357682191622
3452,0.2821174411642264,0.11569528123640321,-0.2552461399792735,-0.4259766684636012,-0.23406091719609706,-0.9330454444673804,0.37995735861092816
22059,1.6053545589120546,0.08524751503444299,0.9129103962722784,0.7770584943007697,1.7246285974222042,0.20789619035081724,-0.25402834162582233
14813,0.020079356117576143,0.3071755970695683,-0.8084269154494876,0.17194295010498747,0.5101663619460336,-0.4855112885888623,0.8034309524103287
1507,0.0702599840963781,-0.5747426046073958,0.6102541725872686,1.11775146532855,-0.17760693849411113,0.7232891474694871,-0.16052529455376074
15955,-1.2820186353185978,1.902173144589928,0.2178024283379376,0.34962960835776563,0.01693736599451808,-1.2747316201534666,-0.265917444726881
21591,0.20309021484806755,-0.09823811056680154,0.3349517483373814,0.021949926847981138,-0.2211105807697136,0.23168553623317664,0.3331066887545854
17858,0.04137722524984356,-0.08573099827618591,-0.5623554130456483,-0.5007412768171694,0.3522452843701516,-0.16490318791896227,1.6756118424383677
12456,-0.3445780002032438,1.091691802663414,1.6049354606837922,0.5481624596468249,-0.08105324760864273,-1.185227107152779,-0.862686396579188
3167,-0.35306616454655465,-0.23248578835133882,-1.411045402325346,-1.7076328882536602,0.29399046611557217,0.30149777672134775,-0.4007977845234625
21269,0.12563926377206508,0.21151764953198426,0.10557123594985696,-0.14484685044069676,-0.31676439945928,-0.9310329041745244,0.305271491926651
13425,0.16677771086301582,0.06912195196233495,-0.49754988049299026,0.5673231959324391,0.20882195192054823,-0.488270704735172,0.29381523004278326
15333,-0.08834381693617446,0.15189374381178533,-1.6400307365495244,-0.2358652506152531,0.49688060148156266,-0.13071870677581082,-0.0407981106541606
19643,-0.1665803829585058,-0.31672583344437966,0.9960010579008098,0.7655283209134978,1.6391050249534382,0.04993683979829195,-0.823771861084059
10529,0.14575361722949803,-0.48329509048257013,1.0742383736279297,0.5722356500594996,0.6497526444378109,0.3767871023421304,-0.012126450187064815
16221,-4.574391554687409,-1.4936612288520512,-2.294515840284147,0.24433831022867725,2.884638902583863,1.0270278655579035,0.5735623782473867
17692,1.9598878366781822,0.5720840428601883,0.4354268220280133,-0.3844065161137702,-0.9257582674242156,0.08989905933135822,-0.3379097186452252
17699,-0.3958919892808684,-0.2660181811733827,0.2327513062909529,0.17795011875762834,-0.9481699725927952,-1.6150558760953369,-0.8348385247989023
15227,-0.21257033516973145,-0.8190443547639505,0.9073330939187734,0.5809767064094022,1.116869528887017,0.7317465501428417,-0.35898811389542057
16339,-0.18950172529100615,-0.3189040799386179,0.8058191838686034,-0.2575835250918547,-2.740620706124763,1.4140495450284862,-0.009342649151928542
15211,-3.6278017800216413,-1.7194341485461395,0.3836904754324479,0.4159203259105174,0.2725368042434292,0.7596424946732968,-0.11815639786907872
18578,-0.45877411803111184,-0.005276097677676354,0.24888834573058574,-1.3652763200908424,-2.6944348044931727,-0.6023517638652542,14.83917712338692
21511,-0.19254642942899697,-0.07894505670563828,0.7274097253695688,0.39626101529886615,0.6706707247915142,-0.6162797030115841,0.0961012924932638
14752,0.2579723778905813,-0.03954359225502108,-0.5031555400067799,0.6852093353712146,0.23814187748466698,-1.7990906175129022,-0.2164403649826718
15944,-0.5677206625369945,-0.5678007917931364,-0.745030305994416,-0.10691852587609264,0.23906729939828486,-0.8186190795377455,-0.3379821786124005
19921,-0.003625810900235216,-0.7646469179891212,1.2453648612426211,0.44254335797733835,0.5801116813942059,1.1013752755240902,-0.18727497475321894
16831,-0.14462014553082522,-0.38047681658689136,0.8611679181012933,0.4596893453119523,0.03060005309367667,-0.2838255398749792,0.0463655533166632
22292,-0.1029484331702488,-0.09104636237269823,-2.072730330368068,2.754184444227128,-1.1799563683833783,0.27396802335254755,0.23825588272573048
10788,-0.0861317769423825,-0.24688772688807817,1.0825004154025257,1.18886987885114,-0.9087785220332242,0.234911835544413,0.5395066854910319
15119,0.12215760456181562,0.05473548421163127,-0.3632811180745463,-0.01934103786692002,0.5952646899445074,-0.24739202236062433,0.03219188069942843
19077,0.09355077161859852,-0.1893220067417969,0.8481514163403786,0.41215743752881884,-0.3434502601435488,-0.6893643490833719,-0.006215604707143916
11449,-0.15580274994077192,-0.290295238084253,0.04120591209187938,-0.38375727412458605,-1.6326907268759079,-0.5954114555193176,0.4270168771530254
4363,-0.23405561900800362,-0.5455945894699827,1.0524007660511698,-0.38252133285243334,-4.365525599318206,1.748571768207518,-1.389625700365001
2760,0.15492908126451377,-0.25969146320458136,-1.9630701382876574,0.9928022607101262,1.059832996393167,-0.24043549257622207,-0.32928253508045724
11147,-0.18387986410080137,-0.8981873868411436,1.126086936857008,0.3072572513659148,0.5331624201416802,0.8530059892739884,-0.4181383216455494
3028,-1.376158965821303,2.6532963623486934,0.15171063356153938,-0.3621596689584954,0.007381214370379569,0.14892991359235674,-0.11557742297511468
18582,0.026709441773795563,-0.3523746054961649,1.4878303746594326,0.8593272184453923,-0.7714416938397695,0.8361529875900837,0.05060207496767469
12813,-1.2148415371850205,2.487193922829335,0.10037647301880735,0.08410464738927424,0.2788986213571587,-0.3549792426245464,-0.2537660994198956
16268,0.08582296789336767,-0.1916929850434982,0.9573622178443764,0.26212157808256425,-0.6414071552903648,0.11344652935443889,-0.030934200927778027
18005,-0.008767381033923322,-0.7093139372789721,0.9508556368517885,0.2211336146609481,0.5685190199624116,0.5889303997065815,-0.4320122291538155
10522,0.30600112929997103,-0.5922170343636355,0.2281788096340175,-0.46855751479363666,0.4536834029389776,-0.9086961516819838,-0.0870549316774464
16242,0.1346762431558586,0.05238729974154191,0.15512328170144524,0.560430465563791,-0.4412951242961919,0.03679709161025953,0.06893846974519503
16637,-0.6060347028672199,-0.8455624755562469,0.4186170691605616,-0.09616982967387543,-0.40694978941194737,-2.7257043255749025,-0.5717887814456211
18572,0.19568505623188737,0.009751998986498998,-0.3017401074680417,0.6944072960989348,0.2900990771662068,-0.5215227865422009,0.2912987632050977
16147,-0.2635120484870648,-0.2911733506538941,-0.7400680774567245,-0.5800280361451223,-0.9716811302118872,0.07481441168312704,0.1985522754583954
19311,0.7559791080652208,-0.05124311514123528,-1.8289059225981763,-1.1773415009810788,0.16050575968411485,-0.7809502158318196,-0.548223604069972
19766,-0.08564800150803975,-0.5644220621171238,1.0623197767342387,-0.3940766283477297,-1.7934434177484964,1.1915144414425367,2.32069267373481
4290,0.03224421853625415,-0.6810415595688871,1.7309584250179175,0.8283661007405598,0.07179673897030438,0.6019682373063573,-0.25348806352550973
15420,0.35038272479495763,-0.1431422313481288,-0.19992767061968097,-0.8274622249376883,0.6245004048582715,1.029584188784749,-0.07809475385641351
13176,-0.29113288623566264,-0.18580994392631753,-0.7690201090507096,-0.6835933762591522,-1.1183172330432034,0.2994330350930321,-0.38187974702266286
21671,0.011262443636275798,-0.09937917230632945,-1.1732590773890297,-0.6045646837036412,-0.08836559422928941,0.567720907181475,-0.11224826340990336
11706,-0.1292597509510195,0.056366198144592046,-1.0683999687038521,-0.7311525509616434,-0.19130678410783153,0.6603188408883175,0.3580355303453914
17120,0.362443604596355,-0.3398742800585698,1.1423382499454164,0.8146865325185699,0.294506027790366,-0.05566674500563096,0.3922661481195096
17453,-0.2091478075333238,-0.17137661639916774,-1.1337457547695728,-0.5909213394754557,0.13534641846740175,0.7249473503434761,-0.10798957663512686
10984,-0.2770396037837481,-0.37085501421621697,-1.5266785421028706,-1.6687082687335597,-0.30351474745626894,0.7173742622821213,-0.3034203899958535
15026,-0.5038799425740677,-0.578865765314707,-0.2912780075987074,-0.5409862429741553,-1.690451047204656,-2.466224912029477,-0.2432876702671865
21504,-0.4673374989587034,3.1397665791639993,-1.044457812486056,0.3045304527055715,0.5471434929284202,-2.5860311591934106,0.2824142589074064
1640,0.08520773015395074,-0.5498263720017836,1.1892125459199687,0.2294822365159538,0.3849251176682281,0.32716914643515926,-0.19109672602526642
12613,-0.9351791131475816,1.3529182536350415,0.3570733160369251,0.29409164287626954,-0.2081264931141102,0.46524160171801743,-0.5020966977600968
17738,-0.3549300268516838,-0.08135882458031168,-1.024950884604668,-0.849084397751884,0.5117986916719705,0.34195883626785584,-0.17071131953917779
19224,-0.1943328507284461,0.20343528558417193,0.050087306684759116,-0.9378580321693691,0.2597463988511976,0.39121305966936826,-0.851405490637999
16888,-0.43651315680637187,-0.3078360150069832,-0.03309060247313792,-0.7220171203776673,-0.12489682263586299,0.7240197883349161,0.044242346493523176
17058,0.15516260703378998,-0.3835700853860966,1.1133680747085817,1.0392692529249428,0.26556341033270703,0.24518687987573154,0.3059050355539642
19090,-0.6161898674410117,-0.4283655186759543,-0.8087679938496005,-0.3175356341276648,-0.915455039182994,-2.442739528244017,0.002231157722939139
3745,2.7767351282988058,0.7292020396719718,0.5582213630581904,0.039639730176616886,-0.2884677716553525,-0.03216288641564999,-0.06568381239502503
10935,0.7432603307098782,0.020146458644130734,-0.3965153901069653,0.7368137472784952,0.7279452709305352,-0.21118561008274644,-0.4444433725926572
15821,0.1660733191650273,0.07321830892444359,-2.836462066017556,-1.6889751049927073,1.0061938426400965,0.06409461483680323,-0.30710061116642506
17405,-0.35861238392790534,-0.38138125435901526,-0.6066543679553146,-0.9370235685852201,-0.544637110942483,-0.2412660767114381,0.23337624128590165
15060,-0.15323259036668463,-0.3384735532965815,0.3364618908134252,-0.6473458890466035,-0.28574573456008334,-0.44041255245795996,1.4626084958448238
4349,-0.21685036363939048,-0.4012081202742674,-1.1317291519850523,-1.4695620098610638,0.39682746173277444,0.656481775937,-0.21935432014924364
12025,0.0631070463582597,-0.5963260394156552,-1.3592531851488394,-2.038523890162271,0.07485082677195978,1.0815273953032605,-0.2230810938654786
13240,-0.05757249655675569,-0.3879462954361017,0.17474289651878566,0.14495530608691576,1.1842462362233537,0.21395522437318423,-0.08067317893580599
17747,-1.035417533203097,1.6898052303445368,0.029660187777869666,-0.32288347148032487,-0.031769037735405424,0.5018240806355154,0.165947800347758
15455,-0.11831490926093152,0.2366803752739553,-1.8561105287818105,0.4883757766094627,0.7771179721018198,-0.20476696523821358,-0.4279338226239364
16780,-0.4798787938200984,0.18134234308402553,0.0535846448053654,-0.7178336706955998,-0.253626184903996,-0.021022927241830167,-0.3688698700459741
17373,-0.17193531049265456,-0.44787861103066046,0.44158451933016624,-0.7720090088699889,0.02353736898103223,0.5196272388530931,-0.47706702180446275
20446,-0.31682549242713576,-0.4406760272293581,-0.8880903265841293,-0.4885503154290444,0.4743462181821892,0.4415291220213156,-0.6392700313127017
19038,0.12930747207908388,-0.02864254845868139,0.32172017738461556,0.08290651713557737,-0.5718482161091736,-0.17576809480156938,0.3543276857227394
18388,0.6056326542386822,-0.1003347107708723,0.4408023554680664,0.4246566810914752,-0.37083576150172554,-1.4762948696042286,-0.2924187009941186
19662,-0.07821805867598595,-0.591523626061193,0.8090986626114224,-0.04803497855077442,0.48820012612198305,1.5270344632412962,-0.09542376915549856
19044,-5.639179573378663,-1.902212126208345,-0.09107162636119907,-0.6065322325018762,0.5300509578736835,1.2228321624459988,0.5416175344356424
16159,0.04094512644283947,0.06520975935893777,-0.3179395172329259,0.20385962842872418,0.33373205112048443,-1.0002062591104297,0.03208141485171733
19528,-0.09749916676015104,-0.2619621219769792,-0.04249555968644537,0.49068182986508213,-0.015053842364013642,0.09957726900794062,0.07851327379764392
12703,-0.0653636820580972,0.03054542526527045,-0.13874978946782368,0.22553463247685995,-0.3238590833064206,-0.056993110421607256,0.1410028464878743
12294,-0.18307722902438264,-0.6763677629828078,0.48752865284528124,0.477726636751017,0.7983884507362061,0.6708987528504246,-0.32999108041340536
11854,-1.6150212711290537,2.3084267541639565,0.7573987245073626,0.08749957678350191,-1.0585275741052214,1.1768866655840549,0.3219901187635227
17352,0.02672848359147306,-0.6555315641346157,0.9424339482738703,0.3533448606403103,0.616722828653965,0.31450053552737983,-0.12496350907949781
19765,0.3907120291934581,-0.5417645432041804,0.667410297165134,0.8364728425885513,0.7026270685826066,-1.1853702911414281,0.271710288545961
20732,-0.4491525071620756,-0.5711255546008875,-0.018580033965291468,0.061242905177789936,-0.6509843634759988,-3.352526217923681,-0.6576858610400914
13071,-0.1540085875778361,-0.3456959213641803,-0.39571168302287174,-0.8977936393049757,0.4214758120320938,0.325439628964453,-0.4393972047135302
2307,-0.1380401984910111,0.43810583899711636,-1.3265385272815773,-0.6536565771935925,-0.6107296925070279,-0.6296555489817892,2.28403417466618
11883,0.7766608329423029,-0.3091452156813686,1.1672156292604654,-0.8875445537852471,-4.3425665700235765,2.7533863417903026,-0.9942507108528388
10110,-0.05574721222478159,-0.1298635124356446,-0.32590203826869857,0.5428314627900985,0.6170881487355973,0.3174024775386647,-0.39033261591795715
16802,0.8707228390965137,-2.471576704244704,0.6552523274496337,0.026270116002748343,-0.6654710264318657,-0.47901375180298006,0.1261735155804653
14670,-0.3561882433299389,-1.047369617248979,1.397332643681924,-1.2901961854564694,-5.053095907275997,2.675430656323357,-1.2867824053732213
16886,-0.25407147648819645,0.005676104084756268,-0.291320519332873,-0.31834902747571275,0.18951362964200336,0.20819489459468388,-0.3131370055594815
20957,-0.39230899808483605,-0.47326974631587837,-1.0816118118808054,-1.147995009568646,0.10839211720305546,1.5285091794784393,-0.15882003223515787
16561,-0.23421778782765026,-0.11978928382199186,0.8153121945512327,0.44737255856133057,-0.0367244631959702,-1.7858296851195998,-0.23813267021276324
16225,0.9039919188607157,-0.12084599802611888,0.9831325012808245,0.45463874112178687,0.6046145511718065,0.17915126098984438,-0.20981587258721113
18238,0.6735396338299141,0.1903329525592353,0.29234115536782934,0.05412157072929907,-0.6173903140983326,-1.5276107286106015,-0.1437696927356308
10078,0.1749091250327444,-0.14674721560175177,0.3210985438104759,0.5807050173968918,0.050281955432497076,-1.0183468554500095,0.0774039955995261
18671,-0.12425761330192371,-1.052504092094428,1.2989182110231146,0.8488128469760116,0.8424888700028963,1.4475854036089477,-0.6765936242923678
21920,0.18757399423492394,-0.29427736052063813,0.5041190786255814,0.34764462558147025,0.3432885268309581,-0.6046735802081589,0.032126856567461615
12439,-0.9772514247948276,1.9219141159325368,-1.2319390482427,-0.07107820102826577,-0.08859979339074123,-0.1377751717091154,0.265640982476293
15308,-0.6475750639149257,0.5229181110054347,-0.15050272190345315,0.548686353328663,0.805012502636668,0.8186447491354449,0.0051597057727502905
16696,2.4894136250398535,1.3718411326185418,-1.5149248880527366,-1.3459554388414672,-0.08271497434998855,0.8171345141859148,-0.1340226381609597
21203,0.18924969125182334,-0.43987703549178697,-1.2315416811398074,2.915487350005868,0.10559325333237148,0.31103472150244477,-0.19448973905286285
3779,-0.44665391639535273,-0.2043861928159678,0.05931201315689489,-0.30810127526776626,0.38180088534874934,0.5232408916570832,-0.12270032998559446
16891,0.32771272194266726,-0.4668766209869947,0.2519387654895435,0.13874162487781838,1.5463252047037832,0.15684853239650992,0.07158226441910606
13316,-0.09060811379739916,-0.10309723008596339,0.305374959289989,-0.3627065141427665,-0.758168722748984,-1.2547515606549917,2.254748865382519
16738,0.2383161271924552,-0.3305468398136497,-1.111937979699733,-0.6675496304340324,1.3373290911886346,0.20697353035638824,0.28288046372771025
18909,-0.20122593872638708,-0.27846087229720473,-0.4330435988735651,-0.33893125696983195,-0.10797832148762383,-0.4157059010431929,0.30446455428342767
11511,-0.6744152477264768,2.0074034333738915,-0.7160295046476395,0.5269815259925096,-0.2240528189245042,-0.0636659446169514,0.06204947890304652
11162,-0.37525131038250603,-0.3515417130781283,-1.3053330574135913,-1.2816640798859067,0.3385300208799772,0.5568584721519135,-0.21272581454962547
12487,-0.4055970266568723,-0.24741751893496386,-0.4170186888704513,-0.7553399000501049,-0.8438076489446164,0.3462792268081602,0.17039022110443625
19284,0.3775524990667415,-0.6040877535337439,0.8577903782381178,-0.0031171231237051935,-0.3723824896149874,-0.8846010375322081,-0.42028924769014886
15234,0.07493525165950479,-0.19457943228157837,-0.5716123988472476,-0.013762586025920124,0.1326661350541493,-0.7329202837690065,0.1353829087240715
17956,-0.1460595733814772,0.16804085523804224,-1.1033020147492119,-0.6949687343138791,0.13817156976567146,-0.1481515662028315,-0.07220112551814156
18120,-0.004769271321049534,-0.24963079469130547,-2.4699365554245825,3.5608943062236684,-0.5811064530464848,-0.36759361385536243,0.10104619996476581
19429,0.1252380189020836,-0.6870776633742811,1.3427050954269797,0.9127270508507056,1.3284697362582158,0.45082047881107673,-0.21679059247392338
15798,-0.26606489316245296,-0.2752679129859946,-1.374798615147226,-1.77153952190866,-0.3239823090208004,0.7954474046239843,-0.1115871408246626
2880,0.17106463463634125,-0.3956128825764567,1.5196927191626168,0.3254198969321942,0.053773664648680705,0.15627761763994039,-0.033429274618966096
9690,-0.8203743946212425,1.7251617217930297,0.5490302993112748,-0.47902952703627677,-2.522913056245186,0.8745394226102103,0.10335963830933373
15162,-0.2619551458971863,-0.35033406322370136,-2.064817550341433,-2.1670483463956978,0.6341919646327259,0.5916686357387452,-0.314904575708359
11726,-0.19751288126993188,-0.2909577817087084,-0.6634069238208173,-1.6659639500741317,-0.33009660512500394,1.4336485820908147,-0.14560735138636802
15018,-0.5046771356735348,-0.5641688146666174,-0.419119141102116,-0.8825917431931057,-0.3190685775094395,-0.771816126836504,-0.045217077062564344
1559,-0.23842836320936592,-0.20974235550531245,-1.9966607754403887,-1.6244703065396369,0.5830823242009958,0.5661601087641368,-0.05128516588525095
15776,-0.06355030677069322,-0.514006929143737,1.9705417308129123,0.36438079540921187,-1.0956457282500272,0.9980636569030185,-0.0961690852529907
9897,0.16752925454005796,-0.4197929014528973,0.9889442778178692,0.49177127928054104,0.48911208949040846,0.24795484394244305,0.07204062479736563
11120,0.19940627459361826,-0.02581754412814546,0.2742787132590213,-0.15042551175618704,-0.7459641011171831,-0.09029697944659065,0.08567924182857316
15159,-0.4454077334790994,-0.00688546331083193,-0.2590142236924831,0.4943019207663685,0.6096469476876117,-1.0693093253379464,-0.168681929143102
12834,-0.2621949606664974,-0.3914429068268617,1.4349157753079558,0.36988175401228074,-1.2977506313882567,0.6175347082251911,0.062224918260723114
2818,-0.12420073429783275,-0.6656665243531559,0.8263494333901982,0.15017010162856645,0.26974087482206366,0.216492350368945,-0.4975150803008038
20146,0.09710711188236441,-0.40900901170764037,0.519181767431009,0.6062409715453844,0.6603837867373318,0.46077647314108805,0.13799151932746867
3509,-0.7621768516294197,1.8667698612785355,-0.1641075183073556,-0.34895284584645914,0.6953333824788955,0.05983735569693626,0.08750994869834396
11258,-0.46167382387954636,-0.5895341084935024,-1.0368415068891446,-0.8039887397665355,-0.6019185360935208,-1.736306065072818,0.08783180847754679
19671,-0.40315485679891744,-0.2792641897629454,-1.990480171105019,-1.1701411398545853,1.2311008159043622,-0.2217772542952345,0.5795892266872295
18500,-0.45889171021360076,-0.3176074836899951,0.3787173648580564,-0.41972686388308794,-0.48896168336571977,0.48993675654414465,-0.2880132879591626
18302,-0.5589886415438764,-0.5958318391303777,0.22220686580526508,0.13607035959406485,-0.5067797610298315,0.25507003953606494,0.23060718838091088
11249,0.34135218706828097,-0.8325713438417746,1.415215822783688,0.6286004520134885,1.7119127973643238,0.08911593343072234,-0.757860127452622
21854,0.3017855759395195,-0.6169122502878092,0.883443911541141,-0.1599347593707351,0.011703094878171538,1.137365467044076,-0.5009795938114897
11748,-0.5863098404710697,0.6713786159763875,-1.9402655108900169,-1.2648621804141236,0.3154152876030739,-0.014717439201481544,-0.14822050592171793
3365,-0.4340807432942575,-0.25352968837173756,-0.6021268040105869,-0.8427784898719404,-1.3148526828704663,-2.525721886033688,-0.39311968997848395
16475,-0.21273917900354597,-0.42995007157809223,-0.32772037278829264,0.6834642783625908,2.314594472249315,-1.2272194257139153,2.4285702679746497
15310,3.7035879865102332,1.2622390574418478,-0.4478217383592151,-0.5717812429870142,-0.9743410646209361,0.27701249036672615,-0.26026941328995773
4036,-0.2675574366262126,-0.4595338781733947,0.6976951473812213,0.13389968546570688,-1.4192481216660433,-2.24320097765547,-0.04246495725772155
18019,-0.15483600970257755,-0.6718690549753289,-1.0310354824815642,-1.1526105746695834,1.1980402525387186,0.6097474011538321,0.12826475925161218
2826,0.14436285692865644,-0.1285994382101606,0.2155186629987488,-0.0184389164479599,0.5488962812554523,-0.01183975993438626,0.1480038614281892
12292,-0.22645667357013133,-0.7574351447543333,0.8842522560529945,-1.126084749797153,-3.3800335193712296,2.39444611154503,-0.8893370804382891
3005,-0.026309161933426115,-0.23788248000204454,-0.6117344876183536,-0.5603172139577431,-2.547361320307456,-1.3860916770663174,-1.0856287842752497
16773,-0.4163836175252814,-0.30207749571566095,0.045468413907849566,-0.21598193747903535,-0.7363949632708005,-0.0628656266608308,0.11073116663266715
11070,0.07689620045770203,-0.6141597661182248,0.6628410437085906,0.24157320995046544,1.5576752457857748,0.6561163234839136,-0.01422811835189342
2358,-0.09313876803904646,-0.6238415052738595,1.5108874177139404,0.6139023113121939,0.1406869725641974,-0.0483386093872197,-0.016406331696530555
17470,-0.37211896419768614,-0.7555493876086439,0.929870170666393,-0.4247101078807825,-0.484821922359901,0.24034170127285454,0.47350199301078083
21472,-0.3491284369296696,-0.4351823268788985,1.5821232454083145,0.4872424420214548,-0.615592795487247,-0.3296682815446744,-0.045090422170426456
19793,-0.020058440309950992,-0.33608738874530175,0.4876542413084257,0.16859463933104063,0.9484369079383108,0.3223096724531449,0.10095705003173207
12244,-0.47782225458092126,-0.380173401278913,-1.5063423328400902,-1.9056373727611813,0.011948564233553595,0.1742289914239896,0.08674672526593531
15967,-0.11238571939646025,0.10908558704441959,-2.6375326261331296,2.8281944299716884,-0.7874894306452452,0.3582654144158568,0.27844354453185294
18010,-0.21864275394820454,-1.1753045017777828,1.3799687330771022,-0.4046614084243958,-2.346976532578933,2.430998231402714,-0.17017327513896688
16250,-0.3620694859076292,-0.3774758070511452,-0.9332959695097894,-0.7109621819603745,-1.8149090532101673,1.1270974202990818,-0.050356333060535975
16483,0.1627484653418011,0.22573965739553467,-0.23077921624101178,-0.08632849691059923,0.7674976771262054,-0.10837861037447882,-0.07612462555204383
3619,-0.2637193473901289,-0.35488625811060526,-1.6194308802732382,-1.8323981613851934,0.4806635728623502,0.8087091063953505,-0.13061951159013965
12659,-0.2807375868507657,-0.606351702604008,-0.028995212754498196,-0.16563766511857808,0.9235872532752516,-0.36222010251186443,-0.2940347819134616
1250,-0.14281977678130192,0.016865252656440108,-0.5257160404968602,0.5722316038206056,-0.13075493685696365,-0.6478442676824976,-0.0012974031043264979
9603,0.09829943214336144,-0.2929285074972926,0.11126469171281991,0.4383687691916577,0.9659404573999892,0.46899253714565337,0.1302692559727202
13574,-0.44991642932313475,-0.5914693452592904,-0.2459548777160814,-0.26268794407925244,-0.09003374157306643,-2.1704419204558074,-0.5596339869872009
3038,-0.1112573250730544,-0.20479485223956076,0.06717481507757556,0.15141598365176046,-0.44209474885369626,-2.1254127801512053,-0.14824292987921744
17417,2.5137069235130087,1.4776361618895295,0.29608928538441454,-0.2992438267488993,-1.9623736393242237,-2.110486391961637,-0.6726229339366862
3672,-0.48230527535414586,-0.60398994935195,0.2107248865951572,-0.12512568310311975,0.7402685883822169,-0.5596512592046236,0.08102519440745358
10824,0.41849779571403883,-0.13831036319662007,0.9231468411583583,0.403095607516421,-0.20368226871428743,0.039667131343276034,-0.3026547138948176
10906,0.09594877517976835,-0.3423042345569744,0.13538005157440527,0.08271562234702093,0.22308656718879935,0.5432164231124722,0.6145407560022093
12640,-0.3033345242055632,-0.43859021706867823,0.925502298093853,0.38535279390549004,0.24118160211077258,-0.025510403335163103,0.6947866136381784
12189,0.3924371230726989,-0.7056492328054114,1.5170850324925749,1.4512821855682385,1.6023737913644058,1.0965197359450392,0.088867588024244
20714,-0.06459612855780936,0.09290852094557064,0.483957784867041,0.03087164608587049,0.6928197438508573,0.3283940362603423,-0.029071381764748425
3949,-0.12446707340380876,-0.07568486761801042,-1.010506349319363,-0.6415094125324686,0.21923914222468832,0.12888195792456816,-0.30879275296006453
20725,-0.35221978675455495,-1.4772014901104003,1.9343441691312866,0.5787596131714667,-0.4419407841438602,0.9730444306639076,-0.4377224709250718
14932,-0.059846684505311734,0.018163473786028353,1.2285158067577004,1.2772137166119486,-0.22318118043262583,-0.8863699834271626,-0.03982683422228836
14936,-0.12293139209407335,-0.5212765164930101,-0.2864451721242927,-0.6664869688627699,-0.3740962342622063,-0.07900117919200947,-0.1958907708719574
15827,-0.2866702631892686,-0.40346833960526457,-2.635799024516622,-2.1502224194052166,0.5783495396882395,0.36957395971544715,0.07329045446900263
19572,0.09338730258149747,-0.024373242007501128,0.39254125834680903,0.5439790902668202,0.37937208260707594,-0.45709931159356837,0.2225529509866365
20452,0.19088229652197602,-0.1500696756682064,0.5059396458258306,0.42983900427759164,0.8025256179253651,-0.2298893306420501,0.3491889310165172
16906,0.18142327893596868,0.9236315867381665,0.3434317097432638,0.9209025328174646,-0.3432007086958979,-0.8641038221293931,-0.6244888390894895
20655,0.17573712043357914,0.18732097394834835,0.5346957388035131,-0.1565179423228564,-1.5100149260989917,-1.2385555830870776,-0.17188890624458336
3701,0.23447024030711727,-0.1377713983124638,0.15649638750746356,0.3081493871441163,0.5863360313705203,0.12736347989007266,-0.0649324701122338
10342,0.012888696088717158,0.016271427405910154,-0.19388139025630974,-0.7329104754332367,-0.34773199115012005,0.46859071192893637,-0.17837157686640207
12960,-0.20254091330175636,-0.4703784950702683,-1.8552694517567068,-1.8910217347326799,0.6658139461823623,0.4651520380285656,-0.33880351221242333
16918,-4.025875738607781,-1.585679938568798,0.8757327540269377,0.5046294787596363,-0.07600261765680982,1.1341319228669668,0.5358647338071245
12637,1.8315537407183293,-4.590910903704766,0.35903009986708334,0.2480122051917209,-0.10251143872929955,-1.2117546253694267,0.24760808689783345
13564,-1.4753500859450723,2.7116550261735277,0.5330978264973402,-0.06948780550764452,1.0437439482279365,0.5293310369900368,-0.2827949111488384
17473,-0.3045879660015755,-0.15330042953313494,-1.0571792787973255,-0.8137955955038362,0.4636234618540199,0.29026876183204586,0.4937879398352021
10962,0.05824891592150145,-1.0267391693511179,1.6928576631838783,0.7635310012360997,1.5520045872814225,1.1080438973954534,-0.18791981994626036
22206,-0.012441000234012569,-0.17346117746397938,-0.29005163362276687,-0.3964380392091923,0.8214783468794444,-0.9247753234123979,-0.029481123025682888
12416,-7.483315698744756,-2.3484239478849487,-0.3412733948741727,-0.34629443204741317,-1.2672769078520836,0.9821416028353932,0.495970846423034
1464,-0.29541799047478917,-0.17800321900930285,-0.9576007781506981,-0.9022722728098712,-0.05641921843677147,1.2025257546091672,0.2677398632855132
1715,3.3909364479596147,1.2921472182482605,-0.5759363166618328,-0.7158240844043916,-1.0551488482160933,-0.20027642362661077,-0.24987830311587383
14859,-0.2631540457162521,-0.3631840847261549,-0.6968462491314216,-0.4046288050330714,-0.7496410567908317,0.8015958530152723,0.3009130026730217
21102,-0.8879666449849514,0.5093795636299426,1.8245592244627462,-0.6509942015814197,-4.698700742731104,1.4232246412469343,-0.8405902694714944
15470,0.5081926396282558,-0.19461537653071298,-0.396925960642723,1.351512987984917,0.2771238239339723,-0.5079379895697379,-0.37009930037391037
3559,0.1277804079739043,-0.46302114709379216,0.9744253092425196,0.3731942351746974,0.533181790380874,0.24306688326150874,0.04476091896656929
18793,0.047632205255205846,-0.19967379258455872,1.0276092045031517,0.7276750015624289,-0.5398308534468186,0.2482687609616509,0.1063343871601271
4240,-0.37271671477662494,-0.4625030191747811,0.16755813385378393,-0.5430035288490836,-0.06907843828812893,0.02913360920715249,0.08456292521342958
6069,-0.22769552841458082,-0.38841994282349684,-0.15125231107860945,-1.026446145395122,-0.32123346906973044,0.6864195760930514,-0.3417112067360247
19423,-0.21476043957412097,-0.49664372158049386,1.917088853468241,0.600727211184305,-0.9060544427689838,0.8759536270466975,-0.0430515968912623
19677,0.33164317418142325,-0.29739864382053344,-0.1862615021399156,-0.2638449960242587,0.31464411416446125,0.021519796528980683,-0.02277746704420671
20727,0.2108256965999149,0.09142745705103744,-0.6131286948114846,-0.7175779361639748,0.8062353636294468,0.02411343459739522,-0.37004492541041273
20753,-0.22856030077390768,-0.24206179745632217,-2.882518011452497,1.682683919477941,-1.8601568995940034,0.4003752219943411,-0.9830974002310049
1561,0.20949086582324683,-0.09941737681611681,0.11520185187279675,0.5606759063124712,0.5508620640962828,-0.5481071788314568,0.1401697418298294
2229,-0.32344475061604516,-0.316795254788904,0.11282113462690509,0.016621531837246812,-0.2412767871590095,-0.5704638694877205,-0.0400769989498785
11950,-0.227361226130535,-0.1929003973477946,-0.29471025508713705,0.27606900664239603,-0.5002269410588103,-1.0194627926840332,-0.6829721802461132
12584,-0.30923725705064825,0.6053479678254071,-1.1646631556904108,-1.1140758523186527,-0.45395827307359976,-0.9951445247102032,0.07699401580138197
10359,2.451866561815881,0.7394800178647761,-0.24509122285354423,-0.8585586930805088,-1.31015812809899,0.5575437225281851,-0.19391174208922596
16378,-0.062358249624243224,-0.42210398534004107,0.6556866139212164,0.11169005949915183,-1.0532943209821402,0.013461493278090387,-0.019010867112947992
17038,-0.08841084939202642,0.8310235456464844,0.2269932621678714,0.5728297960008869,-0.44278473837334964,-0.7825933693278424,-0.03784572293165833
2932,0.1721619326325347,0.00485058674095601,-0.3640765290822149,-0.44852665367809735,-1.1017615503213958,-0.1554875417163369,-0.5578765722720463
19049,0.10813982408077122,-0.103293111666707,0.556789804554459,0.12297989931421137,0.0942316475346293,0.007410224861890962,0.09884715536635144
19113,-0.29592378989362617,-0.9562817484331111,1.6323145029438109,0.564519139200134,1.2818836398929652,1.1185018988110893,-0.522362877710137
19338,0.4465449180079136,-0.2752522444075956,1.0182865006700452,1.038521279068001,1.6200244825303727,0.5398467800538899,0.048348026168611676
13422,-0.002774133234326965,-0.6260849280952169,1.26855909390375,0.5774160103748978,0.9693869629361734,-0.1336053990968774,-0.004109234861439477
16255,-0.9998308552816765,1.2117828099544004,0.31839771073945206,0.8040308556821837,1.1558410083699227,0.9802704004719931,-0.12194477014389184
10439,-0.6797633637736611,1.7318256690525766,1.2972896273476053,1.251778788798041,0.6009601015415753,0.756112650486966,0.21950472872615118
10384,-0.20284575540783378,-0.5542813566574368,-0.13079492882856292,0.10744453764445436,0.4435401739408012,0.36093194118730104,-0.38410250770368165
13121,-0.2443150415415496,-0.13031093612533487,-0.14336966750557467,-0.08108083085966965,-1.49230348645201,-1.2885328485140732,-0.5287820992443653
14746,0.4207607590633831,-0.24503946689571202,0.29954510208429175,1.0027028556664015,0.581201988026117,-0.18469001196841475,0.14152990317740674
12744,-0.25139359303145986,-0.932056024475639,1.240343373175441,0.7635891103317317,0.7714419002136338,0.658805414417376,-0.46541078481534465
2819,0.18406888706041716,-0.17645207201221288,0.10400521885058264,0.31805928632050195,0.7269006743221409,-0.23666884917278622,0.021882594977532508
20824,-0.2787718139303487,-0.6162913893367357,0.011520972230908973,-0.48866646749811843,0.4795654295859183,-0.3596507324540088,-0.5117065871157602
18239,0.23809919494332246,0.08856663953851164,-0.1820947194521055,-0.12086787439345317,1.739173370529419,-1.53844511304842,0.27600084099072875
20390,-0.12032864254173517,-0.026583070193285162,-0.2893209593221026,0.0015898858683562104,-0.047142554264263684,-0.19260853887223695,-0.09421528068797407
16538,-1.4571296254468489,2.5160878003378513,-0.5722210162137708,0.11596688789932956,-0.08625153804439999,-0.19513966512056186,-0.185709391368079
21803,0.3578715126839002,-0.09985395842051288,1.0457543864349943,0.6758563699930915,0.6727907743096005,-0.3090765536053052,0.5513894743522646
13016,2.9467991039439596,0.6312647293483094,0.20971995373800956,0.4637968045219159,0.48288002619441994,-1.1801118065270157,-0.11894056431004216
10622,0.1504186840336584,-0.37452029108534796,0.630793626250482,0.4770311891740169,0.5431306229358356,0.5420700349721325,0.22610639942429286
20377,-0.02372230737786859,-0.24746594373265268,1.0724054725943832,0.3079407521124205,-0.3016646095888784,-0.6980217003320919,0.14292912090126855
16678,0.37139671678765823,0.25936706672124354,-0.7740329537597456,-0.17883106426308684,-0.2709026557832541,0.43841957957512284,0.7091492655869297
12368,-0.4668315184377843,-0.5112937827720307,0.8171466524702291,0.32226875175346903,0.2412721830402817,-0.21114575348828316,-0.20350185393108333
18158,0.2735825572700306,0.1654147077390832,0.7258112774020904,-0.46052286352007227,-0.38517128465920314,-0.334030784669294,0.012924936507548933
13554,-0.17587753297392145,-0.3875216381340293,0.9325288352925643,-0.06958845253289656,-0.37307341939300853,0.9259261877839582,-0.3725606556525949
3732,0.9454933508295004,-0.4163036028978598,1.2593542623402152,0.6567650740407627,1.4151077426808287,0.604833846153794,-0.34243283272942865
20595,-0.007329895962816654,0.09688997449437184,-0.20620682931786194,0.5808949025640735,0.37782825486908367,-0.02416757391029257,-0.1817975209839007
16507,0.14242776609177357,-0.6151279755767624,1.5360263173432493,0.7653070287625552,0.8620638221859238,0.9601670725637801,-0.08923579840601449
3997,-0.2792388718533915,-0.17452520547353617,-0.1988484171573838,-0.12046545611808669,-0.38194181004186356,-0.1445705197433323,-0.02483647434727567
15957,0.19332294138304643,0.047480396716882624,0.05598489355292458,-0.2350401398227827,0.5391716634496964,-0.3078525954086885,0.8892039281083285
17007,-1.189174346798286,2.6038236429823427,0.30416660323192046,0.49891857953054164,0.16628118203766235,0.747834018130553,-0.1463839215173056
2637,-0.06660587472294068,-0.07753889471163646,0.2393198833988111,-0.2808309453041774,0.7515753987826196,0.26548175475007607,0.03487711226226071
11736,0.15845127616891613,-0.16070936427722074,-0.9081217576058291,-0.3237842732412361,-0.20133009234502888,0.07134333412351025,-0.22163639465562474
4195,0.17960477562869484,-0.5424379403882791,0.5391855352908221,-0.4626040743455139,-2.3936110408617393,1.0386868956070343,-0.5345448559894498
18443,-0.2147930646249209,0.13641489800086296,-1.3390722120015628,-1.2310860565869133,-0.24166201647199118,-0.278507683624693,0.11650869618186284
20451,0.018553827974042394,0.3979840192306146,-1.3371064252394185,0.3181757707400161,0.44711650282107157,-0.6097918882278998,0.016308536267214766
13570,0.13263894694448858,-0.059169128906285076,0.2860386272354989,0.4127826523011385,0.9707174845130374,-0.7010413850790881,-0.18318787189759597
20074,-0.309922561473806,1.9688936313524947,0.18235646466711833,0.5748846134633158,0.9110600988231056,-0.9922363449066779,-0.07399499591812836
1248,0.10068257443830164,-0.16696849763974092,-1.8932906697366405,-0.6607198279833223,1.1554326692675807,0.3010444214451286,0.09447507449619386
18134,-0.24328487914345379,-0.3383750532207194,0.09121173250700387,-0.7170232835538954,-0.48121981416428933,0.6170172844600254,-0.16011087751571937
10872,-0.4092255312829683,0.7512561432162174,0.8874150940730536,0.7827105815534312,-0.3034358463442591,-1.858927959698294,-0.4650149658002597
11949,-1.6638741999783233,3.116221663222924,0.6291313096861577,0.05775661345992936,0.30190926721626393,0.7049854724335164,0.07500535541002468
3570,0.9940735259998618,-2.2524679892957606,-0.035852015530541084,0.09301249204223097,-0.01599764513981299,-1.2150371709357621,-0.17691331909003882
19282,-0.2286652209272109,-0.5492440262244004,1.1680209159243067,0.3436591444785357,0.17091838389709332,0.25587021820028455,0.09177167896339783
10952,0.30285002731061406,0.1640352090138971,-0.7553290759727704,-0.7351560311679701,0.1778980673687828,0.597780397666388,0.12489093083618785
11976,-0.1591022383917981,-1.0234263472252194,1.5743423289095857,0.5561252864294226,1.0298913722693857,1.4913669950465192,-0.31311673021694286
11642,0.11183854671154976,0.25529098480282597,-0.935210188504631,0.4696578644880579,0.5493145969511042,0.010772301540067423,0.5440747047508828
12485,0.10184495500328733,-0.38877635732287047,0.28326867333942096,0.4406539415895312,1.1830460012352542,0.8921762194273488,0.2103764455126504
11521,0.16357807346573253,-0.5263296432055431,-1.803793567929613,-0.5688402950192912,2.0187070929807875,-0.10996751741291219,-0.14471469922350455
11764,-0.7170589989569865,0.35080011822971763,1.2885088438679033,0.08993193241384624,-1.5624434068396904,1.291235262712417,0.5415855019069006
17291,0.09769395539912824,-0.11542110875113325,-0.5720423827206222,-0.2078817977275644,0.3279162536492733,0.010545967584245695,0.5155189624025065
13038,-0.6608023875848681,-0.8411808627344837,0.20647710671241576,-0.7585308074190705,-1.208387564306797,-2.1999066464011716,-0.5776035378499405
15160,0.8692980230971683,-0.4293550406132547,1.4743242433436525,0.18542060907972618,-0.842712806736231,0.3609282594874577,-0.022510777497728625
18706,-0.5201560004092882,-0.711186796111474,-0.015017402497206818,-0.3486896181871948,-1.0323802862835916,-3.703267100459089,-0.6981399501116511
13651,2.568120501161775,0.9067723119120363,-0.015960512733701453,-0.17129723119665613,-0.29359957357892585,-0.909601503895331,0.6239619048890485
18825,-0.06075606224354289,-0.42650529863128095,0.5954633202679022,0.26173230562001476,0.43091410918657114,0.5340777267969739,-0.006993841302547179
22079,0.2011514699909131,-0.09930623972655936,0.34736281869761854,0.10688783988419566,0.3876615978771155,-0.04193039742773947,0.3073247142730766
10942,-0.3663528538644549,-0.45471230032945437,0.06701683429521743,-0.49900666458530807,-0.9072109959383047,0.3888513389241284,0.05789297876452386
21190,-1.4624232529129433,2.384646563102376,-0.2612139166682869,-0.33658876247400493,-0.3691287374048449,0.8393750906843422,-0.06211709119273258
1848,-0.16484613045516083,-0.391950897351215,-1.531650043430264,-1.629309209846122,0.3235992701536372,0.5132680129432569,-0.12248994145463073
11369,-0.2239572978251234,-0.8675263633519115,1.1155587119278398,0.1830654524523721,0.0969214626919019,0.7735610184368026,-0.4823638175625065
19595,0.028339933834682286,-0.19208679719953312,-0.7832757542642926,-0.4134012573852342,1.6067979041337104,0.29008488928156395,-0.44848534824098824
1454,-0.4382656996786183,0.3767984348306873,-1.8097768874505349,-1.1047773625847852,-0.09014786422888962,-0.380768526443147,-0.0470210817420319
13253,0.06510205157695469,0.13368226182312531,-2.4455443819635834,-1.5328606413756136,0.6875901477103126,-0.4148119283745613,-0.32090363069926353
11609,-0.5122068396478517,0.6849302850542681,-0.25665653809846056,0.08016196003676386,0.9459560058559116,-0.6565605848439535,-0.23262362038289114
15500,-0.0011306192065034652,-0.10800597316143805,0.08892616136060451,-0.014676722673270168,-0.9713640626323278,-0.539546078345098,0.856290569999579
12167,-0.20807851811416314,-0.6426918146905612,0.3140710518342205,0.006408794308485096,0.14562687333917415,-1.131076498286757,-0.08493114048677011
16534,-0.08278102523875669,0.04160687823489507,-0.24716596484460512,-0.361326246706626,-0.8931372730112848,0.20423917843929615,-0.08790480348221758
16468,0.07331954350953018,0.03611661244298337,0.33717488147146013,0.6874995897260691,-0.3012526137774796,1.1540118131453199,0.13407548769642244
11271,0.119357288591601,-0.78686608033826,1.0354119547406389,0.694685399867553,1.2394102329492085,0.8051611483742813,-0.12766982890252998
20518,-4.214078147198423,-1.4630719127836853,-0.6538956219536602,0.6557848790100815,0.8514945390149112,0.7385885760793223,0.3833595167034428
3586,2.4713910819689366,0.53785516260056,1.138006863305294,0.12267979025389071,0.14627693754145324,0.3461622690789027,-0.06664717768060381
11572,-4.5216325957601855,11.279509145099063,2.8326976330022844,3.0059325617345314,-0.12230263976676645,-0.5337212428866459,0.6743623161329632
16624,-1.3369869329476223,1.5921323864504209,0.10258818916861012,0.2102168292057217,-1.5473203711937376,0.18717688513162245,-0.24182931557990447
14489,-0.14076940631798737,-0.3372352432891182,0.1604696952422342,-0.12824222081829645,0.12033630406191875,0.16954270036312943,-0.057858481548163726
13032,0.1663166643187113,0.8294333491502704,0.03486436558892627,0.8511271521449564,0.7039046659727022,-0.4875381691352889,0.4300526920320812
15449,-0.018878673998703355,-0.11211373584080365,-0.7076058713044973,-0.9295194348246438,-0.7451155144226035,-1.3989428958672856,9.324437754111731
12686,-0.0758178596162026,-0.17091576582174287,-0.13957588829614392,-0.6382017417767116,-0.018376121796858897,-0.8972741995841415,0.059921328475840946
22295,2.140052910912476,0.9265916976396139,-1.3023424463538664,-0.2572929935090616,0.30087075158190635,-0.7504393677091817,-0.36979951150287965
3414,0.047856762690445254,-0.4216547505624738,-0.4656838259336018,-0.610601831714504,0.39378369624624576,0.7301230248129409,-0.04079101348834896
16017,-0.22418100027225477,-0.23723589207652998,0.5009783314517959,-0.06927955257931552,0.1368884759007816,-0.39573195987588966,-0.09613468365985706
12883,-0.13353996020927533,-0.34366619041734303,0.2749045236145379,0.4466072440761775,-1.8464522635356952,1.1121253886713793,-0.4660233384987843
21521,-0.15420780032912976,-0.26035616418922986,-1.9564338778552104,2.6562220239605883,-0.2660398709410285,0.5669849705258088,-0.08279937982488307
15067,0.05293536369542295,-0.4034137613013855,0.6694683349234217,-0.3576393568306563,-2.9189526358814786,0.8425486400569896,-1.0599028130796777
17845,0.29760297750277137,-0.05768459510599947,0.11159504154901616,0.32471777726193374,0.35553042792633577,0.40959833416785113,0.3550309954028768
13364,-0.3477697010762771,-0.46851929866045827,-0.16125382176554598,-1.1336641313526687,-2.95016022290689,1.5359956254504612,-0.9688625319925239
21957,-0.7236870118597301,1.9650687697655498,0.8007062951797275,0.6387744494324719,1.6292965490497124,0.325555257589141,-0.04555785266660918
19367,0.01911619080434133,-0.22187227306784474,0.4020939672136249,0.6412390289826094,0.01074710935368216,-0.5566093610242643,0.32863540265728197
12176,0.08214113821159857,0.355426209005698,0.05691766121364341,0.13968271582329114,-0.7142521646993475,-0.1573745956251674,-0.3683321681224351
16370,0.20264119647660134,-0.3098344458628539,0.4287345656023917,0.2787377949551115,-0.15588359524407494,0.03341820784185097,-0.4688599397177162
19335,0.08310269199011087,-0.4737559773937339,0.9646722457930702,0.6091171442673754,0.4644473980155732,0.23765884954656188,0.04972047946698446
12508,0.17099789671882007,-0.08323138653814474,0.23182188504065063,0.06360020591568846,0.39195081045774394,-0.3319380669167419,0.08008282936053042
