artist_name,genre,youtube_url,segment_start_sec,segment_duration_sec,duration_sec,sample_rate,tempo_bpm,rms_mean,rms_std,zcr_mean,zcr_std,spectral_centroid_mean,spectral_centroid_std,spectral_bandwidth_mean,spectral_bandwidth_std,spectral_rolloff_mean,spectral_rolloff_std,spectral_flatness_mean,spectral_flatness_std,mfcc_01_mean,mfcc_02_mean,mfcc_03_mean,mfcc_04_mean,mfcc_05_mean,mfcc_06_mean,mfcc_07_mean,mfcc_08_mean,mfcc_09_mean,mfcc_10_mean,mfcc_11_mean,mfcc_12_mean,mfcc_13_mean,chroma_01_mean,chroma_02_mean,chroma_03_mean,chroma_04_mean,chroma_05_mean,chroma_06_mean,chroma_07_mean,chroma_08_mean,chroma_09_mean,chroma_10_mean,chroma_11_mean,chroma_12_mean,onset_strength_mean,onset_strength_std
Léo Santana,Axé,ytsearch1:Léo Santana official audio,64.52,10,14.474,22050,129.19921875,0.3484197556972503,0.1212746948003768,0.0861558180588942,0.0561948966023711,2558.5719748460447,782.8213833304878,2771.5441974700525,332.71046465705246,5685.352266751803,1408.4972206922323,0.0298784580081701,0.0446934923529624,-34.72471237182617,72.24571990966797,18.813316345214844,25.61431312561035,-0.9168078899383544,9.984292030334473,-3.676649332046509,-10.863420486450195,3.219115734100342,-0.287573367357254,-2.6623475551605225,6.292958736419678,-4.798347473144531,0.4668783545494079,0.34921994805336,0.3553436994552612,0.3276494741439819,0.478628933429718,0.3411307632923126,0.2985633015632629,0.3766174018383026,0.3635644614696502,0.4460489749908447,0.3627621233463287,0.3893168568611145,2.1895453929901123,3.2510828971862797
Raça Negra,Axé,ytsearch1:Raça Negra official audio,139.6,10,19.574,22050,103.359375,0.1515036225318908,0.0681751817464828,0.0866609439872479,0.0468443953979961,2421.8523756035024,667.7220663509046,2686.8685171506686,352.0841077420813,5429.917739379448,1404.3971683107852,0.0279890745878219,0.0452894568443298,-104.23680877685548,77.92684173583984,7.438718795776367,34.18008804321289,12.565486907958984,8.570477485656738,2.5435104370117188,9.355860710144045,2.1480460166931152,0.1080594882369041,1.0304330587387085,2.081977367401123,-5.4908447265625,0.3862486481666565,0.2792698740959167,0.380790650844574,0.2924293279647827,0.3609182834625244,0.435112327337265,0.3069201707839966,0.3768546879291534,0.3930152952671051,0.5643430352210999,0.4928511381149292,0.3469606935977936,1.696673035621643,2.0717475414276123
XANDDY HARMONIA,Axé,ytsearch1:XANDDY HARMONIA official audio,98.38,10,18.374,22050,117.45383522727272,0.2484493106603622,0.0779236555099487,0.0838943635574494,0.0389659539504749,2071.516526265581,577.6099655266797,2405.1152646858613,356.1811380936241,4530.6049693714485,1321.0265687050148,0.0222030505537986,0.025254214182496,-39.7477912902832,100.6067123413086,5.817382335662842,29.51436233520508,-0.8431895971298218,4.361625671386719,-2.6450681686401367,3.454185962677002,-5.725571632385254,-0.3141493499279022,-2.568161964416504,2.2832179069519043,-0.7306180000305176,0.3103564381599426,0.309788167476654,0.403681606054306,0.5355551838874817,0.4017083644866943,0.4266940653324127,0.400147408246994,0.5176723599433899,0.3957781195640564,0.3250624537467956,0.4455204308032989,0.3120473623275757,1.8736039400100708,2.3374929428100586
O Kannalha,Axé,ytsearch1:O Kannalha official audio,50.67,10,10.674,22050,107.666015625,0.2681202292442322,0.1209515035152435,0.0771112856657608,0.0307002796750555,1919.9570287650608,695.6479560729882,2120.4624741850967,516.7261248896293,3949.868217136549,1676.3892495036569,0.0149739496409893,0.0249435156583786,-64.87529754638672,112.18538665771484,-12.679266929626465,18.08123779296875,-6.274125576019287,2.98759126663208,-8.171422958374023,0.6643021106719971,-3.540085554122925,-5.101023197174072,-8.520691871643066,-0.032204270362854,-5.701359748840332,0.3601581752300262,0.4085904359817505,0.2803170382976532,0.2714208364486694,0.2842355370521545,0.2264851182699203,0.2261754274368286,0.2388848662376403,0.3159185349941253,0.4479973912239074,0.4625910222530365,0.3964233994483948,2.2087831497192383,2.911017894744873
Claudia Leitte,Axé,ytsearch1:Claudia Leitte official audio,100.8,10,10.774,22050,99.38401442307692,0.2015773206949234,0.0928077921271324,0.1058212806438577,0.0965123527460102,2473.688847933456,1157.6170839302586,2508.301345438492,391.24913495947385,5023.269337621228,1940.6004581856075,0.027576046064496,0.0456801280379295,-83.50159454345703,85.2595443725586,-10.021531105041504,-3.3908026218414307,-5.694482326507568,-3.433322668075561,-3.5410475730896,-1.8016871213912964,-0.5050057768821716,10.722540855407717,-12.30846118927002,0.9583597779273988,-10.296216011047363,0.4477312266826629,0.3241460025310516,0.4372546076774597,0.2823187112808227,0.3222953081130981,0.2792005240917206,0.3053013384342193,0.4973725974559784,0.3561540842056274,0.4591724276542663,0.3666174113750458,0.4114020764827728,1.692957639694214,1.7284433841705322
Ivete Sangalo,Axé,ytsearch1:Ivete Sangalo official audio,41.52,10,11.474,22050,143.5546875,0.20700763165950775,0.07564093917608261,0.09324396306818182,0.06436093033427698,2260.2328389220615,846.7829867449599,2476.9042003236073,453.4516882982847,4627.702858664773,1682.3232591953538,0.02238478511571884,0.029104450717568398,-76.6309585571289,94.08296966552734,0.3453756272792816,27.74555778503418,14.143689155578613,-2.169309616088867,1.4223233461380005,7.81121301651001,-6.86321496963501,4.712018013000488,-10.601128578186035,-2.757632255554199,-3.6534011363983154,0.3362535238265991,0.4298320710659027,0.36909082531929016,0.4374934732913971,0.3355444073677063,0.21637612581253052,0.2964763641357422,0.3249880373477936,0.35897210240364075,0.24595454335212708,0.2687509059906006,0.3229542374610901,1.851779818534851,2.4133341312408447
O REI DOS FAIXAS,Axé,ytsearch1:O REI DOS FAIXAS official audio,272.69,10,12.674,22050,99.38401442307692,0.35168808698654175,0.13338764011859894,0.08382250887133699,0.039135288698670036,2546.2746208356316,621.7652682399806,2819.980166338229,294.3811600745326,5903.134390024038,1255.0033782536802,0.03326974809169769,0.032967403531074524,-4.901371479034424,82.23968505859375,15.073638916015625,18.895851135253906,-1.7096196413040161,8.104951858520508,1.9157658815383911,6.675110816955566,2.4649899005889893,0.5261421799659729,-6.1417412757873535,-2.1129798889160156,-1.2703611850738525,0.6204695105552673,0.5123277306556702,0.3023242652416229,0.2248312383890152,0.3493087589740753,0.2719636559486389,0.2571880519390106,0.24983544647693634,0.2910449206829071,0.4765784442424774,0.356148898601532,0.4229215085506439,1.7175610065460205,1.8414908647537231
AX'EL,Axé,ytsearch1:AX'EL official audio,66.1,10,16.074,22050,117.45383522727273,0.2361416518688202,0.1201777532696724,0.06227805397727273,0.03314407244804819,1645.955432728467,790.9448700009516,2002.5851798984693,620.3013608359106,3322.0325816761365,2090.912864129428,0.01932111382484436,0.05175009369850159,-91.74156951904297,133.10012817382812,-2.5130200386047363,6.401029109954834,-9.88241958618164,4.762087345123291,-6.570033550262451,-7.29124116897583,-7.424447536468506,8.939606666564941,-9.052783012390137,-6.173180103302002,-4.9028239250183105,0.610589861869812,0.2516341209411621,0.20647238194942474,0.3076053559780121,0.2876303791999817,0.36118605732917786,0.3096577823162079,0.5898020267486572,0.4748370349407196,0.35414406657218933,0.4239465892314911,0.37498369812965393,1.7913610935211182,2.848198175430298
Cheiro de Amor,Axé,ytsearch1:Cheiro de Amor official audio,109.02,10,18.974,22050,161.4990234375,0.3077757954597473,0.07021680474281311,0.1022632850702934,0.07762628707520458,2346.1742495466924,883.6702269579666,2595.19095923741,378.2800237444414,5180.235831486858,1599.1914430278994,0.027057746425271034,0.04253977909684181,-13.075689315795898,91.66410827636719,12.012487411499023,20.220895767211914,1.3420606851577759,6.604870796203613,0.25764983892440796,8.288101196289062,-1.3555678129196167,6.827779769897461,-1.2240350246429443,1.6810977458953857,-3.589175224304199,0.28433218598365784,0.3611280024051666,0.28002628684043884,0.2376333475112915,0.32976898550987244,0.27042222023010254,0.3758015036582947,0.26779904961586,0.283984899520874,0.4134010374546051,0.28401243686676025,0.4276008903980255,1.2272999286651611,0.8459599614143372
Asa De Águia,Axé,ytsearch1:Asa De Águia official audio,160.58,10,10.574,22050,129.19921875,0.23822812736034393,0.05275953933596611,0.13442082990679824,0.038397271955533094,2787.8900293687752,419.46675638604336,2773.9215612400035,226.86741268907224,6123.528249640214,908.4002273588117,0.0692964643239975,0.04246724769473076,20.233848571777344,79.92506408691406,-7.2752580642700195,6.764245510101318,-4.981929302215576,1.278989553451538,-0.17251111567020416,0.9086445569992065,-2.21917724609375,9.35157299041748,2.6003236770629883,2.158076047897339,-0.7620826363563538,0.43570077419281006,0.7114050388336182,0.4235236942768097,0.3531109392642975,0.40286770462989807,0.5453612804412842,0.5371760129928589,0.3738318979740143,0.47559770941734314,0.396581768989563,0.49259206652641296,0.42810574173927307,1.2088401317596436,1.0482136011123657
Axé 90 Graus,Axé,ytsearch1:Axé 90 Graus official audio,287.34,10,17.274,22050,95.703125,0.13459905982017517,0.0877419039607048,0.09927007203461022,0.05540678794634728,2121.0379925246752,575.6875704824853,2383.8495607215127,326.6662582849829,4308.912609469506,1282.5604927948332,0.020022450014948845,0.02674107253551483,-104.04915618896484,105.81802368164062,-7.013713836669922,9.205464363098145,-2.8126559257507324,-2.4472994804382324,-2.2581918239593506,5.866695880889893,-5.224483013153076,-1.6279048919677734,0.7206278443336487,-1.3858144283294678,-2.6796305179595947,0.34825974702835083,0.2402665764093399,0.29707181453704834,0.41056889295578003,0.23527342081069946,0.3163585960865021,0.3308754861354828,0.28705814480781555,0.20967401564121246,0.31810262799263,0.48158878087997437,0.31991448998451233,1.1056407690048218,1.0247786045074463
CDB,Axé,ytsearch1:CDB official audio,31.15,10,11.174,22050,63.02400914634146,0.27000725269317627,0.10261620581150055,0.038885219463174275,0.018392741620280935,1375.7065065539098,574.3811530253826,2206.2956567856163,552.0029381804382,3220.308397221862,2040.5500770773413,0.004061164800077677,0.0121794817969203,-131.27134704589844,131.83045959472656,49.061729431152344,22.756519317626953,7.195485591888428,24.428775787353516,-7.447988986968994,19.218000411987305,0.30638280510902405,-4.893913269042969,-9.705052375793457,9.482661247253418,-8.312585830688477,0.2928752899169922,0.22719785571098328,0.26500174403190613,0.2312060445547104,0.18400059640407562,0.3157167434692383,0.3126506209373474,0.5955139398574829,0.3248719274997711,0.23670753836631775,0.4736623466014862,0.333906888961792,1.2394548654556274,1.5114651918411255
Música Aos Orixás,Axé,ytsearch1:Música Aos Orixás official audio,171.3,10,11.274,22050,103.359375,0.20379889011383057,0.09163643419742584,0.05547216595936214,0.037998918773389526,1945.348511027198,994.0408295103047,2478.563618294089,630.9370655378466,4455.933069299768,2421.2087917191498,0.019488157704472542,0.03654131665825844,-149.8450469970703,86.1646499633789,30.183324813842773,42.87324142456055,6.357895374298096,2.489567995071411,0.9926496744155884,11.345122337341309,0.1889757364988327,-1.7944929599761963,-4.43789005279541,4.936793327331543,3.6951568126678467,0.3317023515701294,0.4511629343032837,0.5498271584510803,0.4235154986381531,0.5454979538917542,0.4922277629375458,0.32042163610458374,0.32479190826416016,0.4109548032283783,0.49358582496643066,0.3236350417137146,0.30347803235054016,2.734996795654297,4.0595574378967285
BaianaSystem,Axé,ytsearch1:BaianaSystem official audio,118.43,10,18.374,22050,123.046875,0.22736027836799622,0.07609081268310547,0.08902254971590909,0.051048128295207745,2070.059976566959,769.6427750539578,2126.4036071989103,552.3541377758766,4212.324107776989,1610.2774295903364,0.025455044582486153,0.03677363693714142,-55.93611526489258,105.84576416015625,-23.159618377685547,21.2091121673584,-6.583435535430908,11.530122756958008,0.9178303480148315,0.7689064145088196,-1.0150034427642822,2.268510103225708,-3.59027099609375,5.799314975738525,-4.562400817871094,0.4400099813938141,0.3254034221172333,0.36078959703445435,0.4082086384296417,0.3559148907661438,0.37801969051361084,0.39083796739578247,0.599194347858429,0.4416953921318054,0.4125767648220062,0.32731756567955017,0.30517324805259705,1.8454511165618896,2.255605697631836
É O Tchan,Axé,ytsearch1:É O Tchan official audio,79.22,10,19.174,22050,129.19921875,0.12421941757202148,0.04449642449617386,0.1303592709594431,0.05637082414572206,2729.224996002791,651.8074780616535,2725.4586047837965,288.30941589536013,5971.058163400424,1118.7552928151176,0.0519489087164402,0.04717385768890381,-74.86681365966797,76.14839172363281,2.5118296146392822,23.731298446655273,7.180604934692383,10.975699424743652,-8.360551834106445,1.5462892055511475,-8.146221160888672,-0.12196939438581467,-3.604001522064209,0.9160998463630676,-3.6815850734710693,0.3486713171005249,0.3928917944431305,0.5711396932601929,0.4953864514827728,0.4302557408809662,0.27852505445480347,0.4427495300769806,0.48991769552230835,0.35311150550842285,0.3714040219783783,0.3227232098579407,0.3442000150680542,1.549584150314331,1.6609725952148438
Axé Blond,Axé,ytsearch1:Axé Blond official audio,33.2,10,13.174,22050,112.34714673913044,0.2248254120349884,0.09366392344236374,0.14001894668794015,0.05998728417306439,2644.127016027632,774.7024616631975,2449.40850012911,415.47111845166876,5213.613074933979,1438.0102983465458,0.047172121703624725,0.046982210129499435,-26.307228088378906,74.59441375732422,-20.26360321044922,28.017377853393555,5.584347248077393,11.950396537780762,5.505833625793457,12.510673522949219,-0.713100254535675,12.3299560546875,2.401027202606201,4.897093772888184,-3.093193769454956,0.49967074394226074,0.44384247064590454,0.43101218342781067,0.423280268907547,0.5093404054641724,0.44353219866752625,0.47243499755859375,0.7054304480552673,0.5860902070999146,0.5146813988685608,0.38933467864990234,0.4382716417312622,1.485392451286316,1.6889673471450806
Bell Marques,Axé,ytsearch1:Bell Marques official audio,68.85,10,18.874,22050,117.45383522727273,0.18790265917778015,0.08130829781293869,0.11299897178659286,0.05738278085311658,2689.661545743332,751.732416868316,2793.537264270406,381.91771199475266,5971.795541685886,1395.0117868903014,0.03046121634542942,0.03093160130083561,-73.24459838867188,69.75084686279297,13.820090293884277,37.763370513916016,15.402899742126465,11.861970901489258,5.5749993324279785,12.530267715454102,-6.219604015350342,7.821372985839844,-2.398672103881836,-0.19629041850566864,-5.883539199829102,0.3423420488834381,0.4254591166973114,0.4607577621936798,0.3798123896121979,0.477643221616745,0.37408167123794556,0.37618669867515564,0.33345434069633484,0.4430180788040161,0.652966320514679,0.48026958107948303,0.44810083508491516,1.317686915397644,1.1653605699539185
Robyssão,Axé,ytsearch1:Robyssão official audio,49.84,10,19.774,22050,135.99917763157896,0.22816990315914154,0.09670776128768921,0.12216888571009389,0.07117371970441393,2911.1109110654556,882.7659121907634,2832.689282901311,308.53537290919576,6291.890748789613,1293.8017096457081,0.05476578697562218,0.05695422366261482,-39.53363037109375,71.80692291259766,20.582651138305664,21.276636123657227,-11.333690643310547,8.293200492858887,-4.561471939086914,2.209359645843506,-5.065618991851807,-2.044285297393799,-7.604978561401367,0.8104303479194641,-2.037238359451294,0.5001320242881775,0.39571428298950195,0.3064039349555969,0.35635021328926086,0.48825931549072266,0.33689993619918823,0.32262226939201355,0.32804253697395325,0.42371052503585815,0.4593763053417206,0.4778684377670288,0.5540174841880798,2.1333065032958984,2.597320795059204
Axwell,Axé,ytsearch1:Axwell official audio,212.94,10,12.874,22050,64.599609375,0.09829704463481903,0.042841605842113495,0.0947775900900901,0.033486192377118154,2220.608471533378,458.06389368679083,2284.951790194332,349.00476534347706,4541.2361433699325,1150.694964372737,0.02273806370794773,0.024868477135896683,-124.42475891113281,92.81237030029297,-23.192668914794922,32.05067443847656,9.23038387298584,12.533018112182617,1.8660690784454346,9.24550724029541,-13.564810752868652,3.0050928592681885,-7.497309684753418,0.0826408863067627,-2.7606823444366455,0.3852072060108185,0.4190268814563751,0.4302850365638733,0.3241994082927704,0.2751203179359436,0.40118616819381714,0.4559173882007599,0.33043932914733887,0.29910361766815186,0.3814745545387268,0.5741735100746155,0.6373052000999451,1.4542990922927856,1.3427835702896118
Igor Kannário,Axé,ytsearch1:Igor Kannário official audio,149.01,10,18.974,22050,117.45383522727273,0.4192688763141632,0.08062300086021423,0.132180957747555,0.046993580007969236,2660.2835808351197,596.0758511584378,2567.8679977168736,311.96286332103716,5479.555252187118,1179.4343681278053,0.05322132259607315,0.0523502454161644,57.69761276245117,79.25969696044922,-10.96352767944336,21.87074089050293,5.877437114715576,6.28965950012207,-12.077160835266113,1.9771487712860107,3.046538829803467,0.495425820350647,-2.4652814865112305,1.603384256362915,1.063989281654358,0.39014461636543274,0.438514769077301,0.39935004711151123,0.32286810874938965,0.419400691986084,0.31503885984420776,0.28416818380355835,0.25865012407302856,0.374135822057724,0.5130249857902527,0.44941648840904236,0.4867364168167114,1.597822666168213,1.4516404867172241
Banda Passarela,Banda Baile,ytsearch1:Banda Passarela official audio,120.49,10,10.474,22050,99.38401442307692,0.20491310954093933,0.07726022601127625,0.1002802215846239,0.03932479843725318,2305.8744928333595,559.2634444153786,2555.4952490076,373.410354114421,5172.351614352876,1317.3521961471738,0.01875825971364975,0.019908610731363297,-69.7718505859375,87.20682525634766,8.122693061828613,25.730066299438477,0.8973729014396667,18.6163387298584,0.7877486348152161,4.8655195236206055,-4.589882850646973,2.064760208129883,-1.0445414781570435,1.8535748720169067,1.863797903060913,0.4822337031364441,0.3365389406681061,0.3829953968524933,0.2719890773296356,0.3880801796913147,0.24543313682079315,0.3837803304195404,0.5356278419494629,0.38487502932548523,0.40237894654273987,0.30723804235458374,0.46734383702278137,1.5327882766723633,1.8856693506240845
Grupo Bailaço,Banda Baile,ytsearch1:Grupo Bailaço official audio,106.96,10,16.974,22050,123.046875,0.22434648871421814,0.08894708007574081,0.07332835477941177,0.03700736261128264,2106.3807237420256,589.0584557109356,2552.685218454456,344.32878687028546,4913.59121841869,1405.8790513640067,0.020356835797429085,0.023028051480650902,-61.08120346069336,97.5282974243164,12.414236068725586,26.84246826171875,7.057553291320801,18.188711166381836,-1.8831146955490112,6.764636516571045,0.9508040547370911,4.044168472290039,1.8873660564422607,3.1072587966918945,2.5460877418518066,0.3228563070297241,0.46325963735580444,0.55549556016922,0.4039566218852997,0.46824929118156433,0.3884352445602417,0.36917945742607117,0.3357592821121216,0.36715167760849,0.5396804213523865,0.46201175451278687,0.4277101755142212,1.605263352394104,2.2603275775909424
Bandas do Sul,Banda Baile,ytsearch1:Bandas do Sul official audio,132.34,10,12.274,22050,135.99917763157896,0.2242385447025299,0.05939706787467003,0.10783539106805293,0.09322233342147906,2397.3114119882493,1082.990666779323,2559.1033547352936,439.8146162051039,5033.640639768431,1703.9946080899317,0.0221671462059021,0.030180515721440315,-51.45405578613281,91.70076751708984,13.745742797851562,25.242900848388672,3.9798927307128906,8.577388763427734,4.765731334686279,5.47091817855835,-6.319357395172119,4.052507400512695,-0.0774756371974945,3.4323537349700928,1.4112883806228638,0.4978220462799072,0.3273419141769409,0.3843371570110321,0.36345425248146057,0.5540440678596497,0.43697163462638855,0.3225844204425812,0.4281340539455414,0.35526666045188904,0.48583948612213135,0.38182827830314636,0.3539554178714752,1.574133276939392,1.5398502349853516
BANDA PRETO DO BAILE,Banda Baile,ytsearch1:BANDA PRETO DO BAILE official audio,48.88,10,18.874,22050,99.38401442307692,0.15630479156970978,0.09163203835487366,0.06872994022908979,0.04203996585895568,2111.3491295633567,696.5752176029587,2558.9268951775907,387.72642927309084,5080.723521102398,1553.2778337460625,0.012665626592934132,0.014650454744696617,-153.1069793701172,95.8316650390625,30.808780670166016,13.27883243560791,-22.51577377319336,14.900067329406738,-3.441679000854492,3.8120579719543457,-5.993824005126953,-2.0347371101379395,-5.966975212097168,4.474236488342285,0.2122909277677536,0.3580789268016815,0.3805740475654602,0.3032245337963104,0.31623080372810364,0.4028835594654083,0.45346906781196594,0.41527658700942993,0.33974984288215637,0.4226246774196625,0.45914602279663086,0.33691033720970154,0.3484262526035309,1.9325213432312012,2.1729774475097656
Corpo e Alma,Banda Baile,ytsearch1:Corpo e Alma official audio,74.69,10,14.674,22050,107.666015625,0.18020758032798767,0.04551277682185173,0.09715483460245253,0.02367763029018031,2067.621785738333,500.94411195828997,2260.6225555977635,508.14930370398514,4288.565681554094,1511.2872339880983,0.010201845318078995,0.01162163820117712,-75.88665771484375,100.29926300048828,-18.544967651367188,14.557323455810547,6.945462226867676,9.673518180847168,0.6917741894721985,0.7191998362541199,-6.84926176071167,3.56667160987854,3.9834680557250977,1.5692448616027832,-8.978066444396973,0.14232802391052246,0.33395177125930786,0.3595680892467499,0.22633284330368042,0.5465282201766968,0.24995258450508118,0.4903271794319153,0.4293961226940155,0.19602030515670776,0.27389636635780334,0.1257484257221222,0.2262529730796814,1.346095323562622,1.6892774105072021
Musical JM,Banda Baile,ytsearch1:Musical JM official audio,126.82,10,16.774,22050,135.99917763157896,0.2561662495136261,0.06098804995417595,0.10580305044087136,0.04893713417604911,2736.053236002828,696.9108582592326,2835.394951720516,288.97517484324743,6136.769300278786,1115.0599857187226,0.03343837335705757,0.029796382412314415,-24.564542770385742,69.34148406982422,14.744180679321289,31.866018295288086,10.678888320922852,17.807924270629883,1.5236809253692627,8.288928031921387,2.1540584564208984,5.843801498413086,0.12029843777418137,1.409163475036621,0.6792821884155273,0.406070739030838,0.385235995054245,0.4312603175640106,0.4131208062171936,0.4281679391860962,0.5830430388450623,0.35950738191604614,0.28382471203804016,0.27115368843078613,0.32005906105041504,0.4000522196292877,0.35157525539398193,1.4196927547454834,1.3475329875946045
Banda Bom de Baile,Banda Baile,ytsearch1:Banda Bom de Baile official audio,155.32,10,15.274,22050,95.703125,0.08645425736904144,0.025970134884119034,0.1373554450037994,0.10334742939778017,2819.4950422361144,1021.3502572582443,2778.997040745838,337.7401623883096,6046.03583153258,1479.8986625117022,0.050346676260232925,0.06033043935894966,-124.345458984375,74.81790161132812,11.620336532592773,19.850475311279297,5.112601280212402,8.217391967773438,-8.091343879699707,1.482082724571228,-0.9194111227989197,0.6105943918228149,1.2221121788024902,1.9978537559509277,-1.5201396942138672,0.5144878029823303,0.34932923316955566,0.4014999270439148,0.31890669465065,0.44152113795280457,0.30330339074134827,0.22051160037517548,0.2796323597431183,0.24410653114318848,0.3094887435436249,0.26102522015571594,0.3769180476665497,1.650928258895874,1.8073896169662476
Banda Cosmo Express,Banda Baile,ytsearch1:Banda Cosmo Express official audio,47.28,10,17.274,22050,143.5546875,0.23759567737579346,0.07192753255367279,0.10973661689348119,0.060011014900776045,2552.5177932858232,766.0925258416531,2712.2466132087748,345.11857485742865,5594.117786038307,1395.7551646647257,0.034994300454854965,0.045838966965675354,-33.538883209228516,79.65904998779297,10.566411972045898,30.18775177001953,9.34640121459961,10.804691314697266,1.0823638439178467,3.610203981399536,-4.251250743865967,4.801046848297119,-1.0305718183517456,-5.67812442779541,-7.86430549621582,0.484607070684433,0.32855069637298584,0.312035471200943,0.24463346600532532,0.2703644931316376,0.2934574484825134,0.321102499961853,0.46280357241630554,0.33803457021713257,0.3929653465747833,0.33732664585113525,0.4134390354156494,1.5645982027053833,1.4893276691436768
Banda Forró Dance,Banda Baile,ytsearch1:Banda Forró Dance official audio,1724.52,10,14.474,22050,86.1328125,0.1404879093170166,0.038672711700201035,0.15088673127003205,0.07594738707355943,3274.5521845979115,734.02728068628,3162.3262588088437,218.58751952516948,7493.623704176683,939.4916781727676,0.056762970983982086,0.045928217470645905,-69.7265396118164,63.448829650878906,28.34988784790039,19.756155014038086,-0.6745337247848511,6.601747989654541,2.1404614448547363,2.472245216369629,-5.801525592803955,4.468411922454834,1.086232304573059,7.258740425109863,-6.429699897766113,0.49156004190444946,0.33164945244789124,0.3408029079437256,0.3148140013217926,0.3590843081474304,0.318972110748291,0.4079332947731018,0.42239752411842346,0.33325469493865967,0.4352008104324341,0.47595176100730896,0.5364729166030884,1.553527593612671,1.52101731300354
Banda Painel de Controle,Banda Baile,ytsearch1:Banda Painel de Controle official audio,64.53,10,14.474,22050,135.99917763157896,0.1781720072031021,0.07113508135080338,0.08778811723758013,0.03885155229693409,2299.8867238859048,630.2744175110083,2493.877479906955,441.23587589267476,4954.293118990385,1442.9618495525358,0.026910513639450073,0.03013347089290619,-77.87960815429688,89.78337860107422,-5.151026248931885,31.508272171020508,1.464969515800476,10.377751350402832,4.221362113952637,-1.8886382579803467,3.865809917449951,2.4600915908813477,1.8801320791244507,2.5071141719818115,-2.9961354732513428,0.3286499083042145,0.3770630657672882,0.5334561467170715,0.37008824944496155,0.39022549986839294,0.32709795236587524,0.333501398563385,0.3220016658306122,0.32000404596328735,0.5658636093139648,0.498788058757782,0.4531937539577484,1.9172823429107666,2.4640486240386963
The Party Band,Banda Baile,ytsearch1:The Party Band official audio,62.9,10,12.874,22050,89.10290948275862,0.1964472532272339,0.06712707132101059,0.11180232967342342,0.05952674549659815,2643.72890366854,837.2032160271522,2834.2038670218667,464.57611687918126,5982.680400126689,1889.8427431620628,0.036108631640672684,0.03632737696170807,-46.921749114990234,88.29576110839844,0.6613953113555908,1.0391271114349365,16.98479461669922,-1.3359620571136475,-1.853256106376648,18.774898529052734,-5.839888572692871,11.33914566040039,8.753654479980469,3.3461265563964844,5.456260681152344,0.3268226683139801,0.37684598565101624,0.4353734850883484,0.3145512342453003,0.3801526427268982,0.3416818678379059,0.3960566222667694,0.333815336227417,0.39268696308135986,0.6383329629898071,0.49397456645965576,0.4713156819343567,1.4152640104293823,1.3774471282958984
Clean Bandit,Banda Baile,ytsearch1:Clean Bandit official audio,47.59,10,17.574,22050,123.046875,0.1406916230916977,0.066710464656353,0.07116715344286657,0.05492676279169805,2199.773684722716,1088.348987139637,2602.5610848530664,661.4027934521741,4833.720528969204,2535.530477332544,0.014800396747887135,0.02769380621612072,-180.64031982421875,86.69210052490234,26.19390296936035,23.54717254638672,6.8673577308654785,-3.0386722087860107,-4.705665588378906,5.262144088745117,-0.09884651750326157,3.290588617324829,3.3886466026306152,6.4412713050842285,-1.3045845031738281,0.3281707167625427,0.35621213912963867,0.3110060691833496,0.411495178937912,0.33584368228912354,0.30490735173225403,0.44090160727500916,0.3785272538661957,0.47835081815719604,0.36982426047325134,0.3402879238128662,0.4267260730266571,2.2271578311920166,2.8588972091674805
Terceira Dimensão,Banda Baile,ytsearch1:Terceira Dimensão official audio,96.97,10,16.974,22050,143.5546875,0.3087148368358612,0.10737675428390503,0.09977102214432285,0.053495012058685225,2408.986247384427,776.1771545453898,2693.323568682446,385.5762480818138,5576.377908312671,1554.0259474437091,0.02321891114115715,0.033970847725868225,-26.37016487121582,89.6832275390625,15.55917739868164,24.321264266967773,8.183364868164062,4.314635276794434,-6.6671552658081055,7.231335639953613,-1.36375093460083,4.788726329803467,-6.73630952835083,6.201163291931152,0.09987480938434601,0.22603963315486908,0.3404485583305359,0.4418024718761444,0.2580799460411072,0.25547507405281067,0.20619937777519226,0.34679508209228516,0.29292160272598267,0.3170681297779083,0.5246121287345886,0.31929653882980347,0.3061791658401489,1.6131247282028198,1.800412893295288
The Party Band,Banda Baile,ytsearch1:The Party Band official audio,42.98,10,12.974,22050,89.10290948275862,0.204689621925354,0.049482036381959915,0.09056088578935599,0.019569637151815252,2268.034256211647,250.12865403489576,2588.669986602767,188.69999399529993,5349.633483340787,1048.7630075633217,0.020758002996444702,0.012463744729757309,-38.47911834716797,98.28782653808594,-6.877584457397461,1.5441832542419434,10.000528335571289,0.6319743990898132,-4.092638969421387,23.225908279418945,-12.003341674804688,11.460097312927246,10.326187133789062,11.459731101989746,9.546131134033203,0.2924954891204834,0.36422327160835266,0.48253920674324036,0.36517465114593506,0.27038443088531494,0.27764183282852173,0.2844648063182831,0.20412124693393707,0.23582671582698822,0.427190363407135,0.3716680705547333,0.3750838041305542,1.1820871829986572,1.0571019649505615
Banda Halley,Banda Baile,ytsearch1:Banda Halley official audio,160.3,10,10.274,22050,89.10290948275862,0.22813202440738678,0.07195344567298889,0.13587996437641084,0.058655963320484256,2979.9388109723077,779.682900388118,2899.1462642097963,335.5951374905201,6349.71871472912,1515.8682045552305,0.04435892403125763,0.052819933742284775,-49.87107467651367,61.75763702392578,14.505982398986816,24.454212188720703,6.321863174438477,9.335330963134766,9.714336395263672,-1.9062011241912842,1.6874843835830688,-1.2080460786819458,-4.273049831390381,9.212944984436035,2.4872801303863525,0.333300918340683,0.35779374837875366,0.5819621682167053,0.3414582908153534,0.3602796494960785,0.30557486414909363,0.26167261600494385,0.34626173973083496,0.2586252689361572,0.2935974597930908,0.2286209613084793,0.25369134545326233,1.9171620607376099,2.352057456970215
Banda San Marino,Banda Baile,ytsearch1:Banda San Marino official audio,84.88,10,14.874,22050,143.5546875,0.2011159509420395,0.0599360466003418,0.09098027983619345,0.04281803675799702,2248.7680834583466,481.4494968074904,2432.4397502121433,292.12669233665065,4874.297514869345,902.7904484346566,0.019117629155516624,0.020138833671808243,-61.21341323852539,84.51179504394531,-0.24847231805324554,43.2397575378418,1.7441937923431396,20.167253494262695,2.922565221786499,3.8033406734466553,4.154760360717773,5.626783847808838,1.362426519393921,4.447800159454346,1.1338993310928345,0.3819645643234253,0.5404955744743347,0.46681615710258484,0.4000271260738373,0.5190212726593018,0.34748244285583496,0.34886953234672546,0.2818554937839508,0.48526090383529663,0.6659509539604187,0.45468854904174805,0.48618340492248535,1.5269471406936646,1.7466068267822266
KC & The Sunshine Band,Banda Baile,ytsearch1:KC & The Sunshine Band official audio,229.76,10,19.774,22050,107.666015625,0.1720946729183197,0.0507662333548069,0.17691312261590375,0.05375081775686282,3274.6650071357344,566.3780324805347,2916.8610384725916,260.54468416099195,6883.25771278059,947.9790555146371,0.09986119717359543,0.05467507243156433,-10.548431396484375,59.7386589050293,-4.0178608894348145,11.411916732788086,-0.18781764805316925,10.139788627624512,4.1707940101623535,3.082545280456543,0.13947048783302307,9.164917945861816,1.8394864797592163,5.175586223602295,0.5627859830856323,0.6471609473228455,0.3740576207637787,0.43633177876472473,0.48636484146118164,0.3902379870414734,0.413636177778244,0.47234266996383667,0.6115185618400574,0.3804526627063751,0.41523489356040955,0.5286462903022766,0.4813227355480194,1.4052413702011108,1.4901114702224731
Ultra Band,Banda Baile,ytsearch1:Ultra Band official audio,105.94,10,15.874,22050,89.10290948275862,0.282881498336792,0.07715672999620438,0.11304710343567251,0.06577468303643481,2838.580954100763,735.5790088713093,2901.137794843915,279.64928451146113,6454.750783819902,1153.6323252894686,0.04838481545448303,0.05402395874261856,-8.541165351867676,70.33612060546875,13.099701881408691,29.090368270874023,12.831445693969727,10.213391304016113,0.610187292098999,9.325425148010254,-2.3365094661712646,6.919891834259033,-1.9934031963348389,1.6326864957809448,-1.394384741783142,0.394001305103302,0.25012144446372986,0.2821469306945801,0.30958226323127747,0.3832387626171112,0.288870632648468,0.3885393738746643,0.4237910807132721,0.41647955775260925,0.4848339259624481,0.4358699917793274,0.5604349970817566,1.4837435483932495,1.692775011062622
Poppin'Party,Banda Baile,ytsearch1:Poppin'Party official audio,199.57,10,19.574,22050,89.10290948275862,0.2360885590314865,0.03459561988711357,0.14766598087188612,0.03443550333595847,2567.5846902158387,437.8537184542558,2293.953916754327,338.74087077211107,5061.235073537589,913.3558038957523,0.026814116165041924,0.025529518723487854,-6.151008129119873,83.78873443603516,-30.32530975341797,41.372535705566406,-8.334263801574707,16.797765731811523,-3.0112767219543457,1.6660264730453491,8.866609573364258,0.10959608107805252,-1.046708583831787,1.3037307262420654,0.05420750752091408,0.36186903715133667,0.2978743612766266,0.4454347789287567,0.25720903277397156,0.27504968643188477,0.275493860244751,0.35129794478416443,0.6314188838005066,0.31270891427993774,0.29593169689178467,0.22691169381141663,0.37526389956474304,1.355861783027649,0.7641329169273376
Baile de Kerb,Banda Baile,ytsearch1:Baile de Kerb official audio,150.31,10,10.274,22050,172.265625,0.13188254833221436,0.03461281955242157,0.1343611120908578,0.03247075460275341,2435.5251313477447,408.20101160136005,2295.7083516392904,271.3399453504598,4865.313018041055,973.5559784698031,0.022517934441566467,0.014215917326509953,-70.2786865234375,82.4531021118164,-26.08142852783203,19.098203659057617,-6.79236364364624,9.075364112854004,-7.744691371917725,-0.6892517805099487,-12.127897262573242,0.5272724628448486,-8.684369087219238,-1.0470294952392578,-9.427041053771973,0.4449549615383148,0.27023762464523315,0.4639132618904114,0.27249252796173096,0.4503653943538666,0.3207477927207947,0.368711918592453,0.4896094799041748,0.25867220759391785,0.2367860972881317,0.1876683533191681,0.4303584694862366,1.3893334865570068,1.4530781507492065
Michael Jackson,Black Music,ytsearch1:Michael Jackson official audio,143.98,10,13.974,22050,135.99917763157896,0.13055141270160675,0.060572292655706406,0.1187545421511628,0.05899749462875989,2869.3387929738738,728.4927989968477,2916.073783140636,302.9132803823842,6405.287347837936,1288.3207023378436,0.06003298610448837,0.05423927679657936,-83.3740005493164,71.38794708251953,13.178572654724121,28.86068344116211,12.769801139831543,8.587732315063477,-0.7518085241317749,6.307499408721924,0.14007852971553802,1.0905933380126953,-1.4006229639053345,-1.5829538106918335,-3.7496180534362793,0.28490397334098816,0.37747928500175476,0.485599160194397,0.7137300372123718,0.5534815192222595,0.4711686968803406,0.4141719341278076,0.39799270033836365,0.31658145785331726,0.3505415916442871,0.5342193245887756,0.33245956897735596,1.5104777812957764,2.3495659828186035
Heaven Groove Soul,Black Music,ytsearch1:Heaven Groove Soul official audio,261.88,10,11.874,22050,135.99917763157896,0.11676535755395889,0.041713036596775055,0.09643077850341797,0.03821257756587711,2416.1841782279735,432.5622611306523,2560.9068654203584,252.31842443321156,5256.7511558532715,849.7629954924603,0.026596851646900177,0.031799521297216415,-107.83899688720703,86.76720428466797,4.162996292114258,9.516240119934082,-29.417219161987305,5.482560157775879,5.844596862792969,-1.9428809881210327,-9.808452606201172,3.8819286823272705,0.14246928691864014,1.1907402276992798,-2.932298183441162,0.2804557681083679,0.30364561080932617,0.19942788779735565,0.32875776290893555,0.46451273560523987,0.2306782603263855,0.30176466703414917,0.2761651873588562,0.3839743733406067,0.3427390158176422,0.3194699287414551,0.4398760199546814,1.1734153032302856,1.0860837697982788
Olivia Dean,Black Music,ytsearch1:Olivia Dean official audio,106.85,10,16.874,22050,117.45383522727273,0.259868860244751,0.1089986190199852,0.0695300410505502,0.06188346475630194,1822.5591473019313,928.7469588895758,2228.3164922214096,578.4012904833801,3805.245765990371,1972.5468073467143,0.01665535196661949,0.04578173905611038,-88.11207580566406,116.03245544433594,9.710257530212402,27.21027183532715,10.25856876373291,4.812918663024902,9.71265983581543,-2.9939000606536865,-4.133235454559326,9.017541885375977,-9.818462371826172,4.67908239364624,-3.7480716705322266,0.38313814997673035,0.6262123584747314,0.3918687105178833,0.4065400958061218,0.37114572525024414,0.4325113296508789,0.35249364376068115,0.3503934144973755,0.409410685300827,0.3135402798652649,0.3265261650085449,0.22715219855308533,1.9486178159713745,2.646806478500366
R&B Gospel Soul,Black Music,ytsearch1:R&B Gospel Soul official audio,8086.48,10,16.474,22050,86.1328125,0.17850250005722046,0.047668132930994034,0.08033258142605634,0.034838805538900695,2306.724524682904,633.9806065603091,2780.3169453232777,285.41204813444136,5394.0370543573945,1364.9513763009616,0.02265845239162445,0.025563016533851624,-76.65925598144531,93.48373413085938,28.892927169799805,27.805139541625977,-0.14402087032794952,-7.305153846740723,4.50625467300415,5.041633129119873,2.5266945362091064,10.351531028747559,-3.324535846710205,0.3484819829463959,-6.49990701675415,0.5290467739105225,0.4168354868888855,0.32588183879852295,0.4112580716609955,0.36669835448265076,0.45994022488594055,0.3071882426738739,0.3437468707561493,0.3975823223590851,0.34547144174575806,0.5070797204971313,0.44273510575294495,1.2618564367294312,1.1971855163574219
Frank Ocean,Black Music,ytsearch1:Frank Ocean official audio,104.24,10,14.174,22050,161.4990234375,0.24062882363796234,0.08293534070253372,0.06706235295621932,0.0390287303805827,1981.7866863737504,749.860579063223,2407.2655772369053,419.7939306423338,4393.70736529511,1671.8971662169695,0.012965978123247623,0.02036423608660698,-75.32025146484375,101.38710021972656,14.170536041259766,35.2513313293457,9.035745620727539,11.589016914367676,-2.0491726398468018,5.870831489562988,-9.796606063842773,-1.2794502973556519,3.9799537658691406,7.947606086730957,-6.082663536071777,0.3099142909049988,0.3532246947288513,0.33822375535964966,0.4038524329662323,0.5617812275886536,0.37656480073928833,0.30046316981315613,0.34937676787376404,0.4519573450088501,0.4219888746738434,0.3455558121204376,0.42159345746040344,1.4402624368667603,1.4029560089111328
Chris Brown,Black Music,ytsearch1:Chris Brown official audio,101.44,10,11.374,22050,129.19921875,0.2680397927761078,0.08409036695957184,0.08419363839285714,0.054370121550230126,2601.482653526467,585.2000568726494,2788.405148434578,275.3093920663819,5879.2236328125,1221.4682298062328,0.03171366825699806,0.04091458395123482,-42.18071746826172,68.28636932373047,2.2273123264312744,27.20196533203125,11.835604667663574,9.342355728149414,5.04896879196167,11.202744483947754,5.922733306884766,13.572859764099121,-5.4023637771606445,3.0379443168640137,1.822098970413208,0.5091760158538818,0.3470710515975952,0.35524797439575195,0.3764822781085968,0.3999384343624115,0.560566782951355,0.41880175471305847,0.4790080785751343,0.5555189251899719,0.5645826458930969,0.6389991044998169,0.48529526591300964,1.6258732080459595,1.593957781791687
Bia Soull,Black Music,ytsearch1:Bia Soull official audio,176.75,10,16.774,22050,129.19921875,0.36048460006713867,0.05673293396830559,0.11900758017807746,0.04781526332489098,3031.134612007132,619.4894471569895,2925.942989836568,371.91569163310857,6452.857660950467,1177.983133781965,0.03608369082212448,0.02498514950275421,10.880334854125977,61.39729690551758,15.903467178344727,33.56759262084961,6.413804531097412,12.548933029174805,2.6274399757385254,6.801769733428955,7.010672092437744,8.412424087524414,9.183506965637207,-0.38435086607933044,2.02093505859375,0.397335410118103,0.38018789887428284,0.36494702100753784,0.3859454393386841,0.4414576590061188,0.3596361577510834,0.34770721197128296,0.43075209856033325,0.621017575263977,0.6959750056266785,0.4966481328010559,0.4514996409416199,1.7291373014450073,1.471016764640808
Alicia Keys,Black Music,ytsearch1:Alicia Keys official audio,126.23,10,16.174,22050,95.703125,0.23652957379817963,0.07579414546489716,0.09088826555774748,0.04086398274504073,1980.9593986915788,515.1515163032599,2296.3128814304937,275.73093026451363,4174.66093525825,1064.4830783124758,0.015337839722633362,0.01961532235145569,-45.29167175292969,110.58242797851562,-0.22306659817695618,12.02850341796875,-11.90356731414795,1.557261347770691,12.220683097839355,2.220637559890747,-13.484048843383789,11.041072845458984,-5.819619178771973,2.1684534549713135,4.250615119934082,0.2739914059638977,0.28849664330482483,0.44780516624450684,0.4017159640789032,0.5610952973365784,0.4686198830604553,0.47190093994140625,0.4295160472393036,0.29350581765174866,0.3640437722206116,0.370845228433609,0.4396374225616455,1.2374244928359985,1.0991652011871338
SoulFusi,Black Music,ytsearch1:SoulFusi official audio,58.88,10,18.874,22050,107.666015625,0.5227161645889282,0.25074610114097595,0.027250658248769988,0.023780465219331987,1091.3573879746443,576.3173445529877,1642.811309775511,539.5281202980941,2176.085119493773,1380.312318054026,0.0033151432871818542,0.005721637047827244,-78.43438720703125,148.76539611816406,-10.53321647644043,19.315793991088867,13.8201265335083,9.68618106842041,5.113150119781494,9.25614070892334,5.9029622077941895,6.814423084259033,5.4668707847595215,10.738770484924316,10.825675010681152,0.6314610838890076,0.5518757700920105,0.7207847833633423,0.7175182700157166,0.5401334166526794,0.501075804233551,0.49738219380378723,0.6742684841156006,0.5290541052818298,0.4873313307762146,0.5366544723510742,0.5917696356773376,1.6823028326034546,2.546499013900757
Adele,Black Music,ytsearch1:Adele official audio,105.74,10,15.674,22050,107.666015625,0.3079613447189331,0.05957229062914848,0.09200345552884616,0.029606166542542348,2425.644310013005,521.7791621268902,2596.555187356169,345.1788530399269,5275.141030937963,1197.8812934413024,0.02002093940973282,0.014301271177828312,-9.115350723266602,81.96354675292969,-6.7009148597717285,25.65736198425293,12.663559913635254,13.496428489685059,3.992816686630249,8.939871788024902,5.558594703674316,6.682343482971191,-0.6596188545227051,9.12071418762207,-8.279019355773926,0.3324006497859955,0.3988017737865448,0.6400530934333801,0.3794707655906677,0.4037250280380249,0.3308519124984741,0.1909482777118683,0.2529875934123993,0.2298981249332428,0.37379494309425354,0.22937652468681335,0.25583741068840027,1.2335516214370728,1.1011909246444702
Julliany Souza,Black Music,ytsearch1:Julliany Souza official audio,672.66,10,12.674,22050,123.046875,0.3033851385116577,0.0783049613237381,0.07981431003891941,0.03160078321590245,2511.7942556807698,512.8868252642831,2941.456342010374,371.44852381403757,6290.199631911058,1352.1070214948807,0.02201644517481327,0.014927076175808907,-12.750778198242188,87.81539154052734,18.208295822143555,16.317750930786133,12.681577682495117,9.647624969482422,2.930464744567871,9.211153984069824,5.52547550201416,8.21617603302002,0.17383505403995514,2.677432060241699,-0.7552014589309692,0.31104031205177307,0.284593790769577,0.25464293360710144,0.42682868242263794,0.4680497646331787,0.34324172139167786,0.34044963121414185,0.3765113055706024,0.7678397297859192,0.45474880933761597,0.3245658278465271,0.42101553082466125,1.102460503578186,0.6055755615234375
Black Music Gospel BR,Black Music,ytsearch1:Black Music Gospel BR official audio,1803.69,10,13.674,22050,184.5703125,0.07399460673332214,0.04598448798060417,0.04197312049023769,0.03409026409372403,1343.6080144652833,688.6651646111146,2031.6444148132175,802.0223340447893,2653.5194384019524,2070.651897742538,0.005315442569553852,0.021750809624791145,-318.3016357421875,113.73859405517578,50.00556945800781,14.005499839782715,-5.790041446685791,-2.019559383392334,10.850329399108887,-13.850682258605957,-19.52285385131836,-7.046072483062744,-9.619391441345215,-0.5570696592330933,-12.798270225524902,0.4040851593017578,0.20731541514396667,0.17091816663742065,0.15058587491512299,0.32844096422195435,0.23917768895626068,0.12142802029848099,0.22511343657970428,0.16086196899414062,0.21457481384277344,0.10913632810115814,0.18376530706882477,0.9390713572502136,0.9368495345115662
James Brown,Black Music,ytsearch1:James Brown official audio,90.31,10,10.274,22050,117.45383522727273,0.1183452382683754,0.05449433624744415,0.12781836378386005,0.047383792625883714,2651.027278021331,597.886779176171,2635.4315196792804,403.3399247987512,5592.143686953302,1483.1570042901199,0.04979844018816948,0.04179903864860535,-82.25416564941406,79.89332580566406,-11.289145469665527,14.988693237304688,9.833184242248535,9.727947235107422,-1.7446357011795044,3.035161256790161,0.7723304033279419,3.4291226863861084,1.7747206687927246,3.731628894805908,-1.5016783475875854,0.3816511929035187,0.27461060881614685,0.43340960144996643,0.40076297521591187,0.5025163292884827,0.5330633521080017,0.46654942631721497,0.6404507756233215,0.42114904522895813,0.3180174231529236,0.3219124972820282,0.3903055787086487,1.704999327659607,1.9582600593566895
Neo Soul Gospel,Black Music,ytsearch1:Neo Soul Gospel official audio,88.33,10,18.274,22050,135.99917763157896,0.32179778814315796,0.06292365491390228,0.08983196176143583,0.052832015943568254,2414.0833548534792,915.7891433226727,2748.382904872458,480.9906694233349,5443.508930521362,1931.509665822516,0.020324887707829475,0.023989493027329445,-29.46175193786621,87.4358901977539,33.31576156616211,30.4696044921875,3.1098217964172363,8.863170623779297,-1.846192479133606,1.2029907703399658,-3.9506568908691406,-3.6905758380889893,-5.323914527893066,-0.015604021959006786,-0.08210422843694687,0.3584444224834442,0.3024894893169403,0.4602160155773163,0.33490025997161865,0.3687776029109955,0.23581330478191376,0.32745975255966187,0.36552271246910095,0.2761051654815674,0.4016945958137512,0.31455591320991516,0.4336622357368469,1.3507729768753052,1.179628849029541
SZA,Black Music,ytsearch1:SZA official audio,37.11,10,17.074,22050,129.19921875,0.27866119146347046,0.11479506641626358,0.06571761421535326,0.05169133361951422,1971.4111684741251,850.7740117004233,2533.588613237972,516.2446303567897,4430.222486413043,2072.9941739101814,0.01451870147138834,0.029601914808154106,-84.11705780029297,101.05550384521484,19.67660903930664,22.084596633911133,12.860188484191895,14.068075180053711,7.039348602294922,-0.5560981631278992,7.090018272399902,2.3334407806396484,-3.523322105407715,3.438612461090088,-0.7096750736236572,0.2936260998249054,0.3107433617115021,0.2665761411190033,0.41684624552726746,0.3907279670238495,0.6122233867645264,0.4518280029296875,0.37586236000061035,0.33759626746177673,0.2546316981315613,0.2954820692539215,0.209535613656044,1.9416182041168213,2.563093662261963
Soulidified,Black Music,ytsearch1:Soulidified official audio,35.58,10,15.574,22050,117.45383522727273,0.2559337913990021,0.11272524297237396,0.1103770317157228,0.06377876216788271,2725.587231038422,940.1387106630874,2807.4200923348867,430.4341865029134,6032.088810427534,1832.4428740704616,0.04238133877515793,0.05623037368059158,-34.16197967529297,74.76266479492188,6.939665794372559,18.237520217895508,13.134538650512695,14.020718574523926,-1.529237151145935,3.2313802242279053,-0.887423038482666,6.770290851593018,1.159072995185852,3.368978261947632,-4.208143711090088,0.38488468527793884,0.330586701631546,0.27844300866127014,0.34474772214889526,0.4364144802093506,0.32255470752716064,0.4230457544326782,0.28957730531692505,0.3724406361579895,0.4144706428050995,0.4192882478237152,0.6230354905128479,1.526228904724121,1.4694411754608154
Amy Winehouse,Black Music,ytsearch1:Amy Winehouse official audio,66.43,10,16.374,22050,123.046875,0.2599916458129883,0.08416306972503662,0.09010725588703966,0.04866000580465685,1882.2432018286488,760.2554076545154,2079.7485503406756,429.9877958462642,3818.437769730436,1649.4924299243744,0.015232373960316181,0.029170604422688484,-46.31447219848633,120.38066864013672,-11.375059127807617,24.704044342041016,-6.325264930725098,17.17959976196289,-5.571776866912842,16.750486373901367,-2.862117290496826,7.524346351623535,-8.40202808380127,-1.962201476097107,0.33787843585014343,0.31841298937797546,0.5259070992469788,0.5718591213226318,0.3118782043457031,0.23332899808883667,0.2656955122947693,0.20097392797470093,0.23794353008270264,0.3114490509033203,0.570442795753479,0.4030572474002838,0.28558024764060974,1.2925448417663574,1.424420714378357
Legião Urbana,Black Music,ytsearch1:Legião Urbana official audio,72.82,10,12.774,22050,95.703125,0.118222676217556,0.024491170421242714,0.12460565307395645,0.0549419974655119,2861.6153911863894,758.9793170182022,2762.862728903672,302.3394895610285,6148.237535092446,1219.7545773339698,0.04675065726041794,0.038200121372938156,-86.20545196533203,66.90594482421875,11.581015586853027,38.645790100097656,5.854673862457275,14.03167724609375,-1.07065749168396,15.550095558166504,-4.810985565185547,3.863138198852539,3.182899236679077,5.15134859085083,-0.20042571425437927,0.4233531057834625,0.3528575003147125,0.5881395936012268,0.44368332624435425,0.49197736382484436,0.4568616449832916,0.4664731025695801,0.3949298560619354,0.31636038422584534,0.41804996132850647,0.35965436697006226,0.4352022409439087,1.2290534973144531,1.3243082761764526
GIVĒON,Black Music,ytsearch1:GIVĒON official audio,52.11,10,12.074,22050,66.25600961538461,0.24220439791679382,0.13017500936985016,0.08191105769230769,0.0459263817578969,1990.4183843268502,765.6968517333844,2302.6217349419353,458.3789719858603,4222.681837815505,1807.9553583072718,0.012837739661335945,0.028055930510163307,-88.63813018798828,102.3001480102539,-3.8940062522888184,12.015803337097168,4.648473262786865,7.581492900848389,-0.22352388501167297,9.564643859863281,-8.06042194366455,0.2930229902267456,4.116828441619873,7.120364189147949,-8.939520835876465,0.4173611104488373,0.29667922854423523,0.45388898253440857,0.3084374666213989,0.4585703909397125,0.28122904896736145,0.25071147084236145,0.3350680470466614,0.2618907690048218,0.32380205392837524,0.22508206963539124,0.3173096776008606,1.5139169692993164,1.5289335250854492
Ne-Yo,Black Music,ytsearch1:Ne-Yo official audio,96.61,10,16.574,22050,112.34714673913044,0.24665230512619019,0.0857752114534378,0.10088683911064426,0.07896025748131688,2599.260486399474,1053.7917002694508,2800.5159225871953,459.1062507026334,5709.26944508272,2016.6296208356882,0.03437681868672371,0.04926633834838867,-57.07830047607422,81.63214874267578,28.971933364868164,25.544668197631836,2.0204062461853027,4.402624607086182,3.7202603816986084,2.195629835128784,-5.901816368103027,7.122988224029541,-3.6402769088745117,-1.7311023473739624,0.684190571308136,0.4591403305530548,0.32958802580833435,0.3205520808696747,0.44272175431251526,0.2978408932685852,0.26841384172439575,0.23399823904037476,0.3442937731742859,0.2817619740962982,0.2691403031349182,0.3745282292366028,0.30125075578689575,1.7596726417541504,2.2137205600738525
Ben Harper,Blues,ytsearch1:Ben Harper official audio,118.61,10,18.574,22050,99.38401442307692,0.1759040504693985,0.079652339220047,0.0490087890625,0.05191723287874723,1699.3884954338778,984.8543618982553,2393.7352121081994,699.6208975387378,3913.350128173828,2488.7665963917966,0.013500894419848919,0.03183542937040329,-170.38742065429688,106.67279052734375,36.09944152832031,28.941015243530273,16.168737411499023,19.094863891601562,6.816216468811035,10.3671236038208,4.219517707824707,4.181903839111328,2.1942620277404785,4.762392044067383,1.0782194137573242,0.4597792327404022,0.4874296188354492,0.49444785714149475,0.44265854358673096,0.4706604778766632,0.46234744787216187,0.44996175169944763,0.5341074466705322,0.5016212463378906,0.4681965708732605,0.4379025995731354,0.44399452209472656,2.3666741847991943,3.6563286781311035
B.B. King,Blues,ytsearch1:B.B. King official audio,3901.33,10,11.274,22050,172.265625,0.219812273979187,0.055816177278757095,0.05854552469135803,0.008205236357484675,845.7752087338216,96.00263129110587,818.6633992181938,141.21688307861845,1560.1381655092594,195.00590923297813,0.00012607293319888413,0.00033865266595967114,-140.76730346679688,236.42529296875,-50.21336364746094,5.4459309577941895,15.93777847290039,-10.209179878234863,-3.526642084121704,-1.5815484523773193,-2.089085817337036,-2.0094597339630127,-7.688507556915283,-8.202116012573242,-7.822352886199951,0.29192957282066345,0.204872265458107,0.3540152907371521,0.2049473226070404,0.38195663690567017,0.1597083956003189,0.31266680359840393,0.5805249810218811,0.2526671886444092,0.458896666765213,0.3032667338848114,0.474423885345459,0.7814376354217529,0.8588477969169617
Stevie Ray Vaughan,Blues,ytsearch1:Stevie Ray Vaughan official audio,181.19,10,11.174,22050,129.19921875,0.13105490803718567,0.026134714484214783,0.11177993711099585,0.03097638617708839,2368.4760338061724,363.49925648207085,2415.341465887805,279.27860210162095,4780.2817443594395,850.6579314522457,0.024093758314847946,0.020389413461089134,-76.10285186767578,80.82202911376953,-13.268028259277344,42.3594856262207,11.364100456237793,13.597695350646973,6.8350090980529785,9.054505348205566,4.694308280944824,11.284701347351074,0.19155971705913544,5.538019180297852,0.3621924817562103,0.4374186396598816,0.4572277069091797,0.5150590538978577,0.5021330714225769,0.531374454498291,0.3754521310329437,0.39303702116012573,0.3860437572002411,0.43476784229278564,0.4333413541316986,0.5116130113601685,0.6419965028762817,1.1762107610702515,0.9723289608955383
Eric Clapton,Blues,ytsearch1:Eric Clapton official audio,109.68,10,19.674,22050,75.99954044117646,0.15717460215091705,0.0532340444624424,0.049337135170990566,0.0191849029455911,1251.104108994668,458.67054074497884,1868.2908468538512,515.5900192739169,2449.998589281766,1302.767466439716,0.002494596876204014,0.006086960434913635,-163.79507446289062,141.98487854003906,15.77113151550293,20.879804611206055,9.559540748596191,21.924423217773438,-1.1432507038116455,3.6139440536499023,-4.443233489990234,-5.613467693328857,-7.939927577972412,-0.4129573106765747,-0.8842329978942871,0.18231575191020966,0.3343495726585388,0.2836243212223053,0.20892687141895294,0.35894209146499634,0.2587031126022339,0.24109458923339844,0.24047048389911652,0.30973145365715027,0.4654087424278259,0.25407707691192627,0.23808227479457855,1.1498535871505737,1.1743457317352295
Blues do Reino,Blues,ytsearch1:Blues do Reino official audio,110.07,10,10.074,22050,161.4990234375,0.19155339896678925,0.05282524973154068,0.08926433791762672,0.03666645767675164,2513.385203677459,600.1737568693057,2806.28200134204,251.94306103693373,5839.095183341734,1227.274686847964,0.02943229489028454,0.02680673636496067,-58.892669677734375,82.34009552001953,17.152603149414062,25.476022720336914,9.49736213684082,7.46320104598999,0.46698758006095886,6.124953746795654,-0.42700377106666565,3.5965969562530518,2.3165688514709473,10.694023132324219,-7.206408500671387,0.5437211990356445,0.3224486708641052,0.25450366735458374,0.38211894035339355,0.34198883175849915,0.43524202704429626,0.32778212428092957,0.264297753572464,0.27356061339378357,0.25879916548728943,0.30797991156578064,0.39708372950553894,1.242934226989746,1.0155740976333618
Joe Cocker,Blues,ytsearch1:Joe Cocker official audio,86.1,10,16.074,22050,172.265625,0.029891548678278923,0.007673528976738453,0.08343056682900434,0.042242376864346995,2274.0190760463556,634.2868998985555,2647.489880532575,334.2524495919712,5268.845436789773,1287.4462818669058,0.022323111072182655,0.02820480614900589,-246.89146423339844,87.8824234008789,19.502952575683594,41.13683319091797,11.04684829711914,10.932966232299805,-4.817720890045166,5.661114692687988,2.633910655975342,2.0395619869232178,-5.454370021820068,-1.3127195835113525,-4.082058906555176,0.4509434700012207,0.3880177140235901,0.3691292405128479,0.20301227271556854,0.2243790179491043,0.3751619756221771,0.31337589025497437,0.47396811842918396,0.3431927263736725,0.3861299753189087,0.4306081235408783,0.35147368907928467,1.2377527952194214,1.2665424346923828
Blues Etílicos,Blues,ytsearch1:Blues Etílicos official audio,88.09,10,18.074,22050,95.703125,0.206815704703331,0.0666787251830101,0.07623079468870346,0.034194936316165526,1882.8860805544246,617.5619389391024,2280.115042082417,461.7006683098959,4072.0973278040756,1497.598744537525,0.013290501199662685,0.01826559007167816,-70.43641662597656,110.9417953491211,-1.5457210540771484,25.32514190673828,7.700808525085449,10.58442211151123,1.0000065565109253,2.1066370010375977,-5.060318946838379,-3.0207767486572266,-3.423049211502075,0.6563809514045715,-6.15792989730835,0.3406808376312256,0.33067962527275085,0.4257563352584839,0.31515705585479736,0.383882075548172,0.22750267386436462,0.25066831707954407,0.3653793931007385,0.3784821033477783,0.5268230438232422,0.31862640380859375,0.2930586636066437,1.371280550956726,1.5817385911941528
The Blues Brothers,Blues,ytsearch1:The Blues Brothers official audio,110.72,10,10.674,22050,95.703125,0.18901106715202332,0.047420892864465714,0.16698794157608696,0.03044613721162233,2668.6440535476927,293.0579372779574,2349.2391360586007,233.77955637601437,4976.206213909647,754.152890835506,0.04908157140016556,0.030626513063907623,-4.603551387786865,74.3612060546875,-31.538671493530273,24.390687942504883,-1.3290784358978271,1.146443486213684,1.223151445388794,1.4832631349563599,-0.20079272985458374,7.131126403808594,-2.224932909011841,-1.6723259687423706,-2.942619800567627,0.5258136987686157,0.33392301201820374,0.3012726604938507,0.2430860698223114,0.42376795411109924,0.431444376707077,0.5606741309165955,0.6450759172439575,0.29244884848594666,0.3116121292114258,0.3790762424468994,0.38068443536758423,1.2948955297470093,1.179348349571228
Fleetwood Mac,Blues,ytsearch1:Fleetwood Mac official audio,109.01,10,18.974,22050,151.99908088235293,0.04075217619538307,0.020104708150029182,0.11031276264517115,0.06644884559089996,2240.4609995860114,895.0276961340406,2367.878824149358,522.6590679468925,4519.313911120874,1886.8338552722632,0.020539002493023872,0.032528106123209,-216.06179809570312,100.18518829345703,-11.133979797363281,10.511212348937988,-9.525351524353027,-9.12738037109375,-5.051584720611572,-7.780783176422119,-4.3785719871521,-1.7902419567108154,-7.938754558563232,-5.267220497131348,-6.594305038452148,0.23775608837604523,0.16888894140720367,0.313625305891037,0.3632272183895111,0.6639155149459839,0.263548880815506,0.2824324667453766,0.33270296454429626,0.3671623468399048,0.28892025351524353,0.2603336274623871,0.5791447758674622,1.3036142587661743,1.6141555309295654
Rag'n'Bone Man,Blues,ytsearch1:Rag'n'Bone Man official audio,199.18,10,19.174,22050,172.265625,0.24411602318286896,0.0908479318022728,0.10752887125453996,0.05600414055445774,2485.1952599906613,600.0716571997781,2547.265700512532,325.4755082096183,5340.064924854343,1206.5937919525395,0.042425960302352905,0.043872907757759094,-13.21298599243164,84.92778778076172,-14.67906665802002,17.086917877197266,2.7140424251556396,13.915142059326172,0.132163867354393,8.147833824157715,4.660797119140625,8.78893756866455,6.65858268737793,8.132919311523438,5.680244445800781,0.6638717651367188,0.4559394121170044,0.4917060136795044,0.3986916244029999,0.5230281949043274,0.5561022162437439,0.4044210910797119,0.43425893783569336,0.40283381938934326,0.4971380829811096,0.3937467336654663,0.4206627905368805,1.260703206062317,1.0520151853561401
Blues Traveler,Blues,ytsearch1:Blues Traveler official audio,208.53,10,18.474,22050,83.35433467741936,0.12741613388061523,0.04289345443248749,0.14490850247330403,0.0782822714635084,2762.3741765436043,849.382484276234,2620.305470868728,421.9801847528326,5652.046517990342,1488.6194370990988,0.03788827732205391,0.042532049119472504,-96.15776824951172,71.11289978027344,-1.2591227293014526,36.3134651184082,10.69918441772461,8.461519241333008,-0.7346706390380859,5.857978820800781,1.3473206758499146,4.500228404998779,-5.25006628036499,0.13501159846782684,-0.6720345616340637,0.3300532102584839,0.4635895788669586,0.4628167152404785,0.3395366668701172,0.3536260426044464,0.26271122694015503,0.2788691222667694,0.28711122274398804,0.4454815983772278,0.5126232504844666,0.3850073516368866,0.4116465449333191,1.6178487539291382,1.8613215684890747
IABatida,Blues,ytsearch1:IABatida official audio,61.61,10,11.574,22050,117.45383522727273,0.08586670458316803,0.03639429435133934,0.08019946142284569,0.07482584986622536,2795.5666387432357,1110.4889690291386,3116.2121484382747,685.4650112642861,6895.522832774925,2380.1834034013837,0.02168976329267025,0.046560004353523254,-235.3687744140625,46.38529586791992,34.566925048828125,51.7388916015625,40.30720138549805,-2.545381546020508,0.12423381954431534,1.344424843788147,3.190844774246216,-3.0664243698120117,-0.975354015827179,1.2891790866851807,-1.2408499717712402,0.28022876381874084,0.34272223711013794,0.29826968908309937,0.35400867462158203,0.27054861187934875,0.30405303835868835,0.20953769981861115,0.2213934361934662,0.34131312370300293,0.37850162386894226,0.4907519519329071,0.3225167393684387,1.6837197542190552,2.199739694595337
Alabama Shakes,Blues,ytsearch1:Alabama Shakes official audio,95.58,10,15.574,22050,117.45383522727273,0.1972920000553131,0.1234242394566536,0.06226713859910581,0.04989597693689752,1589.9893444086479,785.8634985430475,1978.533117837958,525.7503841404936,3163.0221553069114,1802.0499034478603,0.010223095305263996,0.026530593633651733,-161.4717559814453,119.86796569824219,-2.8995165824890137,22.755542755126953,10.475146293640137,11.683757781982422,1.911877989768982,2.219557285308838,2.693138360977173,3.465282440185547,3.391867160797119,1.781154990196228,6.18267822265625,0.3306671380996704,0.4935111403465271,0.4808262884616852,0.34032967686653137,0.24482713639736176,0.18189911544322968,0.28051522374153137,0.27524617314338684,0.28105446696281433,0.2983280122280121,0.29799017310142517,0.27889877557754517,1.388350248336792,1.7321478128433228
Santana,Blues,ytsearch1:Santana official audio,272.02,10,11.974,22050,73.828125,0.1625702679157257,0.028161803260445595,0.046868376029554265,0.02901944360717407,1221.671496900498,458.58103498150734,1872.8457867365105,281.2842272178873,2407.503917605378,1201.3298456405344,0.004316838923841715,0.010419083759188652,-143.6082305908203,139.4089813232422,21.376604080200195,36.55134963989258,1.2957628965377808,21.527236938476562,4.798344612121582,9.287955284118652,-5.215274333953857,-2.3784637451171875,-0.23926609754562378,3.126802921295166,1.7735741138458252,0.5291882753372192,0.4250538945198059,0.5986195206642151,0.4706468880176544,0.42358747124671936,0.2788546681404114,0.19622869789600372,0.19396625459194183,0.34278106689453125,0.6806773543357849,0.4363783299922943,0.3145180642604828,1.4837852716445923,1.565014362335205
The Rolling Stones,Blues,ytsearch1:The Rolling Stones official audio,100.67,10,10.674,22050,117.45383522727273,0.20338815450668335,0.03298666700720787,0.0712158203125,0.02625812722596061,1753.3902360911993,407.50627906997164,2057.444787919175,343.5354886779021,3680.773395040761,1036.0591523002101,0.01141553744673729,0.014551403932273388,-56.0088996887207,121.88688659667969,-14.232269287109375,31.99881935119629,-0.301217645406723,9.486761093139648,-0.8276793360710144,8.75114631652832,-2.8073313236236572,5.59809684753418,-3.872703790664673,0.8367035984992981,-5.118557929992676,0.4850907623767853,0.7765299081802368,0.48072177171707153,0.2829350531101227,0.2613150477409363,0.2630503177642822,0.35039961338043213,0.3348822295665741,0.4208967685699463,0.24616988003253937,0.24893055856227875,0.3905523419380188,1.3465074300765991,1.3389792442321777
Gary Moore,Blues,ytsearch1:Gary Moore official audio,266.07,10,16.074,22050,151.99908088235293,0.23768819868564606,0.03359507396817207,0.1038249402507215,0.02100326872404886,2395.4765405521584,326.4518495429654,2432.1358800876333,254.17233879716534,4959.736772017045,721.878135057191,0.026758696883916855,0.02231869101524353,-14.752915382385254,84.50067138671875,-8.695006370544434,44.011871337890625,-4.694538116455078,8.677854537963867,4.668992042541504,6.699276447296143,4.9595417976379395,6.431557655334473,1.555807113647461,6.4987406730651855,-3.725476026535034,0.29847127199172974,0.28597497940063477,0.4598311185836792,0.4640888571739197,0.6557141542434692,0.30299052596092224,0.1969873309135437,0.24825437366962433,0.24347448348999023,0.3048546016216278,0.20835202932357788,0.24827498197555542,1.2425802946090698,0.9074875116348267
ZZ Top,Blues,ytsearch1:ZZ Top official audio,82.07,10,12.074,22050,80.74951171875,0.12241996824741364,0.019327593967318535,0.07462252103365384,0.02534996635434601,1895.9210723029194,415.7073882254041,2254.722889286295,378.14608808791644,4095.8636944110576,1094.5836320680924,0.012910527177155018,0.013123019598424435,-111.8873519897461,105.81049346923828,-0.0768451988697052,51.26655960083008,9.713534355163574,-7.454671382904053,-2.0955679416656494,5.9431304931640625,3.668095827102661,10.143915176391602,-4.770657062530518,-0.05857911333441734,-4.9006667137146,0.6154538989067078,0.4395301938056946,0.25208941102027893,0.2713572084903717,0.34117501974105835,0.42334219813346863,0.3760301470756531,0.510671079158783,0.30474889278411865,0.20142754912376404,0.30791160464286804,0.3473292291164398,1.3336601257324219,1.2946264743804932
Black Pumas,Blues,ytsearch1:Black Pumas official audio,112.14,10,12.074,22050,89.10290948275862,0.139459490776062,0.07037542015314102,0.08502009465144231,0.03875786982592478,1823.7984542105787,645.6970114490094,2065.123119342318,401.31162329913934,3886.846689077524,1379.7240959972005,0.012480002827942371,0.021390272304415703,-125.75853729248047,116.64366149902344,-8.28994083404541,37.24690628051758,-8.025619506835938,15.515868186950684,-0.44697874784469604,8.584217071533203,6.823666572570801,0.9040707945823669,-0.30888238549232483,-0.907599925994873,-5.826085567474365,0.2241564691066742,0.30196815729141235,0.1826808750629425,0.22101187705993652,0.5006704330444336,0.36773207783699036,0.35003897547721863,0.29968389868736267,0.43206462264060974,0.5652262568473816,0.3174087107181549,0.28453725576400757,1.5731984376907349,1.8508790731430054
Soul Blues Syndicat,Blues,ytsearch1:Soul Blues Syndicat official audio,117.5,10,17.474,22050,151.99908088235293,0.13439248502254486,0.046996232122182846,0.13231060134462153,0.10521543767208255,3128.0268987679688,1082.3390726763928,2936.8432555236122,441.8135543832626,6656.219069036355,1861.8729425906429,0.055183541029691696,0.07154860347509384,-111.00130462646484,47.86206817626953,2.750333309173584,26.038719177246094,13.9443941116333,3.7710516452789307,6.099545955657959,1.9858994483947754,5.68919038772583,-0.914879560470581,2.4708642959594727,3.989921808242798,-3.3840582370758057,0.3773699104785919,0.32677513360977173,0.3000759780406952,0.3976579010486603,0.3988264799118042,0.5658811926841736,0.4611762762069702,0.3412056863307953,0.3780330717563629,0.3585040867328644,0.4314850866794586,0.3550303280353546,1.6618250608444214,1.8718599081039429
Antônio Carlos Jobim,Bossa Nova,ytsearch1:Antônio Carlos Jobim official audio,759.54,10,19.474,22050,143.5546875,0.12569919228553772,0.036308951675891876,0.07337778884833135,0.058477817142403646,2365.0549018126817,1048.476256849681,2923.435933500894,439.44076305364246,5757.898953134311,2219.185443978273,0.01948857493698597,0.037338320165872574,-172.08338928222656,77.71688842773438,61.08686065673828,38.24797439575195,9.650045394897461,10.947976112365723,0.21352964639663696,7.659250259399414,0.9543878436088562,7.582726001739502,-2.129394292831421,1.1972215175628662,-1.739571452140808,0.49184778332710266,0.35357028245925903,0.4015108644962311,0.3227398693561554,0.2710983455181122,0.30245447158813477,0.24103468656539917,0.4192467927932739,0.29020437598228455,0.23067113757133484,0.36370572447776794,0.3581627309322357,1.8111413717269897,2.1666691303253174
João Gilberto,Bossa Nova,ytsearch1:João Gilberto official audio,1015.73,10,15.674,22050,129.19921875,0.18612977862358093,0.0604674257338047,0.05563372549926036,0.060646353718146286,1439.491710387017,760.8274026801575,1842.7562087823846,376.6770379168306,2815.8963355792343,1434.3812761563452,0.002007266040891409,0.0052640074864029884,-133.65451049804688,134.67831420898438,2.8494465351104736,35.59822082519531,-1.7251520156860352,17.106182098388672,-8.428740501403809,14.769083023071289,-12.96928882598877,7.457759380340576,-14.052322387695312,1.8457547426223755,-7.065280914306641,0.1541532427072525,0.1634063422679901,0.22654889523983002,0.20486056804656982,0.3545282483100891,0.28328701853752136,0.5260829329490662,0.49756869673728943,0.25122252106666565,0.22398315370082855,0.15607386827468872,0.2002098262310028,1.3915945291519165,1.369285225868225
Vinícius de Moraes,Bossa Nova,ytsearch1:Vinícius de Moraes official audio,187.35,10,17.274,22050,123.046875,0.26365405321121216,0.10749022662639618,0.05734417002688172,0.08122246806229046,1899.92000962243,1110.6682465970407,2483.861351510317,472.10441758535245,4338.462878811744,1996.037326136578,0.010783243924379349,0.027425872161984444,-119.8652572631836,91.34801483154297,36.49097442626953,47.052669525146484,12.8765230178833,21.500097274780273,6.52698278427124,5.200433731079102,-1.6904090642929077,-1.6642804145812988,-5.089457988739014,4.931940078735352,-4.809669494628906,0.48922672867774963,0.3098927438259125,0.33064502477645874,0.30270788073539734,0.3733002543449402,0.3525199592113495,0.326948344707489,0.2968147099018097,0.27410760521888733,0.37572839856147766,0.45116573572158813,0.6205368041992188,1.2625212669372559,1.0569183826446533
Djavan,Bossa Nova,ytsearch1:Djavan official audio,201.5,10,11.474,22050,172.265625,0.19985036551952362,0.07631973177194595,0.13933278093434343,0.07208339660861299,2612.8867209172167,826.6301346867685,2418.4429425249523,415.94019149010654,5170.274325284091,1549.4920376818368,0.03723534941673279,0.049766503274440765,-39.133766174316406,81.81517028808594,-19.78577995300293,20.45226287841797,-1.6925959587097168,2.570340394973755,-4.291041374206543,7.433166027069092,-5.613636493682861,3.2065823078155518,-1.3790639638900757,-3.3677587509155273,-1.66242253780365,0.2336144894361496,0.3044968247413635,0.2765071392059326,0.5047134160995483,0.36702626943588257,0.24665211141109467,0.29398927092552185,0.28462889790534973,0.4758841097354889,0.31017518043518066,0.3614030182361603,0.37497931718826294,1.4396940469741821,1.3808144330978394
Bossa Bros,Bossa Nova,ytsearch1:Bossa Bros official audio,124.51,10,14.474,22050,129.19921875,0.1392202079296112,0.04625251516699791,0.11291895157251602,0.07363784073376124,2931.8674034080336,1100.8210800306115,2812.7761772919075,429.4984438449169,6236.657480093149,1837.5867713740024,0.05091005936264992,0.06954748183488846,-99.23542785644531,65.78480529785156,9.389266967773438,23.20041275024414,10.434163093566895,7.387271404266357,-6.328610897064209,-0.5763154625892639,-9.0343017578125,-0.14512820541858673,-8.804201126098633,-2.4840753078460693,-13.449907302856445,0.2143755704164505,0.18557749688625336,0.29393455386161804,0.388060599565506,0.2973615229129791,0.17448517680168152,0.14547313749790192,0.3136981427669525,0.39267587661743164,0.37389564514160156,0.5718061923980713,0.3697817921638489,1.7079503536224365,1.8598015308380127
Laufey,Bossa Nova,ytsearch1:Laufey official audio,95.3,10,15.274,22050,107.666015625,0.3006809651851654,0.09280382096767426,0.04937651382028875,0.0554781209258107,1489.4739176212393,851.3373143949185,2118.493661010653,498.1163386557353,2966.4441697140956,1835.949485527683,0.0054038395173847675,0.014219516888260841,-111.45118713378906,123.20027923583984,23.412574768066406,21.443124771118164,12.173393249511719,12.090024948120117,4.5110273361206055,0.8541009426116943,-12.87662410736084,7.361989974975586,-7.523348331451416,-2.3940746784210205,-9.418027877807617,0.34143415093421936,0.35292184352874756,0.2445586919784546,0.26933741569519043,0.2190382033586502,0.33055761456489563,0.31410127878189087,0.24262075126171112,0.31806376576423645,0.2616730034351349,0.24699446558952332,0.2029520571231842,1.6767191886901855,2.152392864227295
Caetano Veloso,Bossa Nova,ytsearch1:Caetano Veloso official audio,39.59,10,19.574,22050,99.38401442307692,0.06655088067054749,0.04801061004400253,0.08298001000889679,0.07827366932622146,2084.825298063635,978.8746607090728,2286.348607682383,385.602898636112,4345.224140207963,1701.231072166518,0.015187997370958328,0.03028861992061138,-233.86627197265625,89.63897705078125,5.206038951873779,41.99491500854492,2.4165878295898438,13.221476554870605,2.6980011463165283,2.216897964477539,-8.340835571289062,-6.966823577880859,-6.3365325927734375,-2.7419633865356445,-0.8110048770904541,0.3226637542247772,0.2236095666885376,0.27940648794174194,0.22649802267551422,0.3092859387397766,0.30115893483161926,0.42050933837890625,0.45149654150009155,0.3138637840747833,0.327761173248291,0.33740466833114624,0.4580651521682739,1.341516375541687,1.8696345090866089
Elis Regina,Bossa Nova,ytsearch1:Elis Regina official audio,104.34,10,14.274,22050,184.5703125,0.1385011225938797,0.0590733140707016,0.07402026168699187,0.034945531711880626,1854.800271850855,686.9835293964098,2381.567364657168,542.393467743178,4179.979873285061,1886.2341096460857,0.009823148138821125,0.019280031323432922,-159.6780548095703,110.16526794433594,24.117643356323242,29.775026321411133,1.0284554958343506,1.2656346559524536,8.684150695800781,-4.240014553070068,-2.871581792831421,2.8814449310302734,-12.563794136047363,4.853480339050293,-10.947155952453613,0.3108883500099182,0.3525686264038086,0.2948261499404907,0.42580774426460266,0.4485715925693512,0.31345871090888977,0.2908051311969757,0.22088253498077393,0.33787205815315247,0.2594934403896332,0.2621854841709137,0.3285151422023773,1.5078874826431274,1.7683496475219727
Bossacucanova,Bossa Nova,ytsearch1:Bossacucanova official audio,49.0,10,10.002,22050,172.265625,0.1935780942440033,0.05707782134413719,0.08774334759280743,0.04070539027614513,2255.2778474837105,645.7416560677556,2485.319227148505,389.2602433688725,4934.475885023927,1486.4380795346653,0.027014756575226784,0.033252425491809845,-50.55622100830078,99.58390808105469,-5.243077278137207,9.003157615661621,4.300518989562988,22.451244354248047,-9.666183471679688,7.338818550109863,7.67648458480835,-0.8568375110626221,-5.760435104370117,2.572082042694092,-1.900820016860962,0.7482206225395203,0.4341531991958618,0.36099866032600403,0.346805214881897,0.19067949056625366,0.16291412711143494,0.16968375444412231,0.22533167898654938,0.17197833955287933,0.3349972665309906,0.656170129776001,0.5740406513214111,1.577909231185913,1.805968999862671
Arthur Verocai,Bossa Nova,ytsearch1:Arthur Verocai official audio,83.57,10,13.574,22050,143.5546875,0.2794673442840576,0.06913536041975021,0.07823768028846154,0.022776689238384322,1611.700138634079,399.812063559085,1847.320667580801,350.0118667799549,3141.2342247596152,1028.4325583901716,0.006907634437084198,0.007057804614305496,-32.6638298034668,135.30078125,-21.3498477935791,22.482603073120117,-5.712532997131348,6.1039228439331055,-15.76956844329834,0.9453696608543396,-9.5874605178833,1.6360310316085815,-6.876598358154297,0.1274031400680542,-2.4523377418518066,0.22850696742534637,0.2888166308403015,0.48927170038223267,0.2999940812587738,0.31130796670913696,0.2631854712963104,0.4151875376701355,0.34091031551361084,0.34674105048179626,0.40556463599205017,0.2611016631126404,0.40008148550987244,1.1819381713867188,1.007031798362732
Chico Buarque,Bossa Nova,ytsearch1:Chico Buarque official audio,190.4,10,10.374,22050,129.19921875,0.21523775160312653,0.041592396795749664,0.12232155341163312,0.04750272053090448,2637.2303471007926,717.5755697319224,2579.4870011065664,423.0044255277946,5602.558888684983,1469.6241566988008,0.03759182617068291,0.03735065087676048,-17.236963272094727,80.50335693359375,-6.007380962371826,28.04328155517578,2.2233383655548096,10.911134719848633,0.36976730823516846,10.456369400024414,-8.100292205810547,4.616180896759033,-6.707030296325684,-3.939199686050415,-3.3442294597625732,0.37746620178222656,0.28588834404945374,0.15260574221611023,0.283672571182251,0.4545537233352661,0.5014106631278992,0.8375455737113953,0.37337228655815125,0.23092447221279144,0.3410069942474365,0.3256054222583771,0.39661601185798645,1.222364902496338,1.087884783744812
Evinha,Bossa Nova,ytsearch1:Evinha official audio,56.64,10,16.574,22050,184.5703125,0.1208815723657608,0.0531996451318264,0.08164896818102241,0.06787227784246583,1987.4534516484086,896.5450399747051,2189.223036131969,522.1415893246759,4075.0078986672793,1813.870746463631,0.02342948503792286,0.051031969487667084,-157.23760986328125,96.91231536865234,-17.89299201965332,29.13796043395996,16.841045379638672,18.491065979003906,5.950497627258301,12.094867706298828,3.7420616149902344,6.139217376708984,4.457233905792236,9.702736854553223,0.3018472194671631,0.33063146471977234,0.4678441286087036,0.3571286201477051,0.4123803973197937,0.49318552017211914,0.4762392044067383,0.4437137842178345,0.365584135055542,0.3662799298763275,0.2803225815296173,0.23846149444580078,0.3378220498561859,1.392689824104309,1.7370558977127075
Marisa Monte,Bossa Nova,ytsearch1:Marisa Monte official audio,192.48,10,12.474,22050,135.99917763157896,0.10957645624876022,0.054868485778570175,0.045911143703531596,0.013094511305620282,1472.0808645830946,323.7448211536589,2313.566630427054,308.5370710861622,3035.9214811076904,1131.0404801834034,0.005301898345351219,0.005829596891999245,-169.55271911621094,129.40234375,27.240407943725586,19.153541564941406,10.825767517089844,0.982426643371582,1.3160078525543213,-4.5149617195129395,-3.4902992248535156,3.6845059394836426,-3.729069709777832,-0.5518693923950195,-1.8318710327148438,0.368186891078949,0.273802250623703,0.23356948792934418,0.3387211859226227,0.31898584961891174,0.6110600829124451,0.5150231122970581,0.26151877641677856,0.2999259829521179,0.31356504559516907,0.3024194538593292,0.194314107298851,1.0908859968185425,1.0496721267700195
Milton Nascimento,Bossa Nova,ytsearch1:Milton Nascimento official audio,65.03,10,14.974,22050,129.19921875,0.23103143274784088,0.05242710933089256,0.15696765988372094,0.05287970813358351,2970.492244682305,669.0648520925009,2652.6099362688433,347.4971847562039,5991.371729651163,1255.6216988053866,0.052511122077703476,0.04456207901239395,-3.066161632537842,64.50053405761719,-7.467077732086182,24.794437408447266,-3.77783203125,10.603361129760742,2.3223719596862793,0.13112924993038177,-8.412148475646973,2.541085720062256,-1.619863748550415,-1.6575714349746704,-5.095890522003174,0.32369697093963623,0.316285640001297,0.24931366741657257,0.42841753363609314,0.32724279165267944,0.3373061418533325,0.2723958194255829,0.4149062931537628,0.6242252588272095,0.4191126227378845,0.3451439142227173,0.25078850984573364,1.2864313125610352,1.0917385816574097
Djavan,Brasilidades,ytsearch1:Djavan official audio,97.65,10,17.574,22050,86.1328125,0.22732017934322357,0.07912931591272354,0.13775529949636725,0.05078076491250431,2703.1890505767246,707.5553874853259,2526.5427205603582,399.65381007012485,5525.428455508999,1394.8980494785094,0.03409889340400696,0.042056504637002945,-25.033220291137695,76.7749252319336,-15.282655715942383,14.677966117858887,-1.9792091846466064,5.899593830108643,-3.5381689071655273,7.910711765289307,-4.832991123199463,2.431877374649048,1.224926233291626,-3.78487491607666,-1.9443024396896362,0.23423629999160767,0.28765663504600525,0.21918663382530212,0.4771689772605896,0.41130301356315613,0.24275292456150055,0.22982752323150635,0.24515552818775177,0.3536593019962311,0.23575450479984283,0.3848460912704468,0.42733824253082275,1.3543628454208374,1.1535835266113281
Música Aos Orixás,Brasilidades,ytsearch1:Música Aos Orixás official audio,38.1,10,18.074,22050,89.10290948275862,0.14747203886508942,0.07652890682220459,0.11523500180519897,0.10981633047095253,2670.4763300008344,1234.113153454685,2868.7244535132386,568.7936454886777,5990.141827212372,2256.4557947602207,0.044488951563835144,0.08255497366189957,-125.1932373046875,83.219482421875,24.037736892700195,9.042574882507324,-0.5318160057067871,-4.773319244384766,-4.760708808898926,-15.941564559936523,-2.5680980682373047,-6.891257286071777,-4.302703380584717,0.7350927591323853,-6.364826202392578,0.39356905221939087,0.3755079507827759,0.3619849383831024,0.42570996284484863,0.33730068802833557,0.3945640027523041,0.26551011204719543,0.2675318121910095,0.34190240502357483,0.3571263253688812,0.4789438247680664,0.30708664655685425,1.6881979703903198,1.756396770477295
G.R.E.S. Salgueiro,Brasilidades,ytsearch1:G.R.E.S. Salgueiro official audio,154.98,10,14.974,22050,143.5546875,0.14712850749492645,0.03307976946234703,0.13242717417635658,0.034041691577367666,2700.282748430781,403.7297205149126,2584.4783711065493,247.2034402905201,5841.006540697675,802.9815807533362,0.039610639214515686,0.025430109351873398,-36.96851348876953,76.06529998779297,-8.158238410949707,27.904726028442383,-3.259334087371826,14.752167701721191,-4.720989227294922,12.610368728637695,-3.5750529766082764,8.898457527160645,1.152304768562317,5.241936683654785,3.03607439994812,0.5322739481925964,0.5274009704589844,0.5235419869422913,0.45390090346336365,0.44978633522987366,0.44515523314476013,0.520787239074707,0.510639488697052,0.5156975388526917,0.5476922392845154,0.5389081835746765,0.5371409058570862,1.3225698471069336,1.0173507928848267
Bibhuti Patnaik,Brasilidades,ytsearch1:Bibhuti Patnaik official audio,194.71,10,14.674,22050,95.703125,0.05002638325095177,0.038402192294597626,0.07098079633109178,0.0712897110013629,1910.577365899231,1104.2833026273306,2260.5707509430026,639.2983032571126,3977.1178812920293,2392.6351736176907,0.03097769059240818,0.07460667937994003,-329.7498474121094,107.97381591796875,13.33639907836914,30.886310577392578,14.127838134765625,2.196441173553467,5.178099632263184,-0.17922993004322052,-5.8228912353515625,0.24563951790332794,-2.3857545852661133,2.9529459476470947,-6.852354526519775,0.3796658217906952,0.3750993311405182,0.3747781217098236,0.39440542459487915,0.3811839520931244,0.3605676591396332,0.4335741102695465,0.5221131443977356,0.5380098223686218,0.5696171522140503,0.5069839954376221,0.43778547644615173,1.9867055416107178,2.720311164855957
Alok,Brasilidades,ytsearch1:Alok official audio,104.25,10,14.174,22050,129.19921875,0.271274209022522,0.10721632838249207,0.14724516673486088,0.050836302743868376,3086.6525405785824,543.0553898916223,2890.7546425749283,288.03102704740434,6751.381652132774,1007.9027808271296,0.0726982057094574,0.04471739009022713,21.46319580078125,68.77128601074219,-2.496300220489502,10.3616361618042,-0.8971830606460571,7.223634243011475,-1.9367492198944092,5.357209205627441,-8.52769660949707,5.370190143585205,-2.3173584938049316,0.9140641093254089,-0.4045669734477997,0.46649369597435,0.37430110573768616,0.5463332533836365,0.375924676656723,0.5667832493782043,0.44494298100471497,0.4118407964706421,0.5311906337738037,0.3893274664878845,0.5070934891700745,0.3105771243572235,0.4471898078918457,1.3071843385696411,1.1497526168823242
Charlie Brown Jr.,Brasilidades,ytsearch1:Charlie Brown Jr. official audio,69.73,10,19.674,22050,161.4990234375,0.24236205220222473,0.06683792173862457,0.12038378445607312,0.048596107158574715,2645.889908842567,683.5998233363816,2553.316838008916,432.23993589096796,5550.513213535525,1385.0545874185673,0.04431704804301262,0.04683205112814903,-14.161188125610352,75.20860290527344,-6.179164886474609,44.73694610595703,3.0730979442596436,13.428598403930664,10.093623161315918,13.922929763793945,0.42705461382865906,4.860779762268066,-2.216078519821167,5.176292419433594,-2.8696048259735107,0.5254079699516296,0.47271886467933655,0.5107756853103638,0.5944138765335083,0.5087453722953796,0.5176346898078918,0.3941645622253418,0.3799247145652771,0.3854493796825409,0.4341038465499878,0.5447274446487427,0.46027252078056335,1.5710270404815674,1.7690805196762085
Forró Boys,Brasilidades,ytsearch1:Forró Boys official audio,109.24,10,19.174,22050,92.28515625,0.2680465579032898,0.07445386797189713,0.16051920967009686,0.0641067169096226,3356.1415042571766,598.927509182586,3041.1487598552276,287.00633711125465,7188.479252184851,915.2054577309996,0.05362820252776146,0.04461362957954407,-5.441763401031494,48.08834457397461,11.031134605407715,23.4148006439209,1.8447333574295044,9.523540496826172,6.133849143981934,10.435944557189941,-4.306192398071289,1.159167766571045,-0.47986993193626404,1.4979511499404907,4.323723793029785,0.5446930527687073,0.35119369626045227,0.4057210683822632,0.31800416111946106,0.34042495489120483,0.38188326358795166,0.33123359084129333,0.5280324220657349,0.33805519342422485,0.3941943049430847,0.424673467874527,0.409536749124527,1.441810131072998,1.3337639570236206
Laufey,Brasilidades,ytsearch1:Laufey official audio,49.17,10,19.174,22050,107.666015625,0.31620562076568604,0.08526929467916489,0.05931080224727603,0.04170506578151754,1775.8058246728847,867.4955032796023,2268.7051850710645,518.3257687700869,3692.8921974311443,1920.7827399159053,0.010385535657405853,0.026848459616303444,-78.60629272460938,110.37295532226562,15.755971908569336,27.23784637451172,10.2327880859375,10.023453712463379,4.370142459869385,5.430235862731934,-12.167628288269043,5.876941204071045,-8.675747871398926,-2.670696496963501,-6.465220928192139,0.26266366243362427,0.3003847301006317,0.29144325852394104,0.3955666422843933,0.2838919758796692,0.3709014058113098,0.32697951793670654,0.2309628576040268,0.30862146615982056,0.2645854353904724,0.30435284972190857,0.21846100687980652,1.656665563583374,1.9278314113616943
Samba De Dom,Brasilidades,ytsearch1:Samba De Dom official audio,214.44,10,14.374,22050,129.19921875,0.2056962549686432,0.06034828722476959,0.06743400327620967,0.0325043028065846,1808.19701295387,530.3762745336712,2422.976721238153,359.048342297663,4061.0231854838707,1360.2789020578457,0.008411752060055733,0.0075542679987847805,-88.78782653808594,110.79828643798828,19.903255462646484,27.782541275024414,8.068737030029297,7.6971049308776855,3.016171455383301,-1.3282499313354492,-6.741487503051758,2.0641565322875977,-5.558598518371582,-4.100322723388672,-5.356139183044434,0.4190371632575989,0.3023950457572937,0.3983924090862274,0.295350044965744,0.3568360507488251,0.32889240980148315,0.2962224781513214,0.4140046536922455,0.38901570439338684,0.5622585415840149,0.4862418472766876,0.4540889263153076,1.5522602796554565,1.636608600616455
ANAVITÓRIA,Brasilidades,ytsearch1:ANAVITÓRIA official audio,58.88,10,18.874,22050,89.10290948275862,0.16223368048667908,0.041882701218128204,0.06387055081488315,0.03548458640172949,1770.1829037673049,939.5735239189082,2400.62558611755,689.6785515795154,3652.605998472094,2312.525143087638,0.005548745859414339,0.01339407917112112,-154.62660217285156,129.74057006835938,35.8463249206543,18.698345184326172,8.719576835632324,-7.264197826385498,12.450506210327148,-16.81816291809082,4.617734432220459,2.125699520111084,-12.69788932800293,4.979123592376709,-9.521272659301758,0.4145887792110443,0.25017285346984863,0.34635552763938904,0.283221572637558,0.5246762633323669,0.2930622398853302,0.16488830745220184,0.28026363253593445,0.1849232316017151,0.28655576705932617,0.16913573443889618,0.3250736892223358,1.385584831237793,1.1891396045684814
Anitta,Brasilidades,ytsearch1:Anitta official audio,73.18,10,13.174,22050,143.5546875,0.3469524383544922,0.10083939135074615,0.08131172287632042,0.06648670371403398,2156.8950188748154,1087.6359313336768,2499.1748790654674,560.1401442380566,4577.701192506602,2190.177445010748,0.025824571028351784,0.04155527427792549,-28.71161460876465,104.1666488647461,13.958137512207031,20.29037857055664,11.664328575134277,9.888899803161621,8.605327606201172,4.119002342224121,-3.1158816814422607,3.828340768814087,-2.609236478805542,5.382828712463379,-3.7887518405914307,0.43973851203918457,0.41387492418289185,0.4791366755962372,0.35158491134643555,0.36945784091949463,0.2946503460407257,0.26884934306144714,0.25053927302360535,0.29545867443084717,0.4491322934627533,0.34077340364456177,0.3996913433074951,2.193089008331299,2.638542652130127
Forró Hits,Brasilidades,ytsearch1:Forró Hits official audio,2720.04,10,19.974,22050,107.666015625,0.3046222925186157,0.09532063454389572,0.11874988657810685,0.06833473297381104,2818.3596300584245,845.2822991256029,2893.434982095011,394.7829965251053,6295.2857040777435,1551.310193529613,0.039320509880781174,0.04296005889773369,-10.221446990966797,74.91210174560547,16.578214645385742,19.506759643554688,2.8666317462921143,8.387060165405273,4.47763729095459,3.0983712673187256,-0.7786059975624084,2.349699020385742,-4.1940131187438965,1.963808536529541,-7.346431255340576,0.3901553750038147,0.3863416910171509,0.4087608754634857,0.3721979260444641,0.4570237994194031,0.3920707702636719,0.2692655622959137,0.3185536861419678,0.2415786236524582,0.3217589259147644,0.25495409965515137,0.2704352140426636,1.4452359676361084,1.367010474205017
Grupo Menos É Mais,Brasilidades,ytsearch1:Grupo Menos É Mais official audio,63.72,10,13.674,22050,117.45383522727273,0.288143128156662,0.07211828976869583,0.09396056610780985,0.06273827352821765,2629.0496954426167,909.6435769223887,2894.30912750617,475.98667402940424,6006.027123235887,1984.8845892471375,0.034472689032554626,0.04667653143405914,-32.987884521484375,80.17512512207031,20.311866760253906,20.671586990356445,4.7483015060424805,-1.690727710723877,0.33829766511917114,-2.175812244415283,-4.333797931671143,1.7037867307662964,-4.763606548309326,2.5888216495513916,-4.318821430206299,0.264756977558136,0.33316683769226074,0.4260210394859314,0.29100164771080017,0.3493759036064148,0.33332034945487976,0.49242013692855835,0.43818455934524536,0.377162903547287,0.44748571515083313,0.2680067718029022,0.32750990986824036,1.6891652345657349,1.8753502368927002
Antônio Carlos Jobim,Brasilidades,ytsearch1:Antônio Carlos Jobim official audio,1638.53,10,18.474,22050,95.703125,0.13436853885650635,0.047066714614629745,0.018719083699748743,0.006476436402673906,695.7641130986151,355.25583300158104,1613.0766520233558,493.5030173020841,825.9173675997173,1146.1594962700105,0.00041014488670043647,0.0013588014990091324,-303.6904296875,152.50421142578125,75.58988189697266,30.596817016601562,19.486337661743164,17.440692901611328,8.110042572021484,4.936619758605957,-2.4450767040252686,0.5825777053833008,-5.446918487548828,1.432646632194519,-2.5851800441741943,0.2694801688194275,0.36329182982444763,0.3241974711418152,0.32576388120651245,0.3422911763191223,0.4186115264892578,0.311276912689209,0.24887247383594513,0.4337337613105774,0.30512920022010803,0.2510982155799866,0.23900562524795532,1.1746809482574463,1.2229903936386108
Forró de Qualidade,Brasilidades,ytsearch1:Forró de Qualidade official audio,95.76,10,15.774,22050,151.99908088235293,0.28923654556274414,0.11404278129339218,0.10116254021139706,0.056718359761712536,2575.519294416908,808.2493382028017,2728.980465500446,449.626572898051,5721.11873851103,1667.0729877506164,0.023975810036063194,0.02592293545603752,-37.86793899536133,82.3769302368164,10.242783546447754,11.209839820861816,-3.811305522918701,-0.24625073373317719,-5.001683712005615,0.8073469996452332,-8.742325782775879,-1.8079755306243896,-5.378976821899414,-3.138456344604492,-7.557352066040039,0.3864912986755371,0.4283587634563446,0.48354819416999817,0.31281837821006775,0.2626575529575348,0.2565913498401642,0.2906799912452698,0.4025956094264984,0.27436304092407227,0.262551873922348,0.2967209815979004,0.3105670213699341,2.1283888816833496,2.5233588218688965
Marina Sena,Brasilidades,ytsearch1:Marina Sena official audio,39.86,10,19.874,22050,184.5703125,0.17623592913150787,0.06248754262924194,0.13051198798919392,0.0615023367049146,2306.0236134580578,778.9197756616624,2033.886069567485,458.37987664901493,4470.718098578052,1440.1760993051987,0.024989739060401917,0.04079180210828781,-65.85186004638672,92.87104034423828,-48.57808303833008,8.873554229736328,-31.722414016723633,-3.4781572818756104,-27.423870086669922,-13.085745811462402,-7.199675559997559,-3.0256145000457764,-9.38092041015625,-12.443551063537598,-10.179086685180664,0.32410600781440735,0.2366897612810135,0.25685080885887146,0.4365301728248596,0.26642873883247375,0.42245790362358093,0.28191885352134705,0.49594077467918396,0.6317435503005981,0.31207162141799927,0.3222641050815582,0.2277015745639801,1.7246378660202026,1.9561766386032104
Samba da Ladeira,Brasilidades,ytsearch1:Samba da Ladeira official audio,77.19,10,17.174,22050,89.10290948275862,0.2223299741744995,0.07845674455165863,0.08285275021114864,0.04389662739488035,2132.233028658233,557.0571706847708,2485.9384096912218,358.0560469760401,4697.948393950591,1209.640666574072,0.021249443292617798,0.020336121320724487,-48.9464111328125,98.02630615234375,2.8801920413970947,26.411983489990234,1.3914514780044556,8.003725051879883,3.643603563308716,2.6358885765075684,0.2729472517967224,1.4569711685180664,0.3955540060997009,0.9851343631744385,-3.7566604614257812,0.3832384943962097,0.34327206015586853,0.4547345042228699,0.5358010530471802,0.45601558685302734,0.47607967257499695,0.46512269973754883,0.5583954453468323,0.4994780123233795,0.38479843735694885,0.392351895570755,0.35802051424980164,1.3175936937332153,1.1038939952850342
Ivete Sangalo,Carnaval,ytsearch1:Ivete Sangalo official audio,54.86,10,14.874,22050,151.99908088235293,0.11328037828207016,0.06189074367284775,0.10304334048361935,0.06418820832110107,2096.928408176093,956.080769540673,2068.21827298805,568.0062359906502,3909.5193133897233,1751.3743415960557,0.014616384170949459,0.029032370075583458,-143.02061462402344,108.62107849121094,-30.247142791748047,12.795988082885742,-0.3705507218837738,-11.235698699951172,-6.399573802947998,-7.066967487335205,-16.357505798339844,-2.262695789337158,-16.934247970581055,-4.153066158294678,-7.423155307769775,0.4081050157546997,0.27530184388160706,0.4279857873916626,0.18191827833652496,0.20185154676437378,0.20867358148097992,0.19919243454933167,0.34283655881881714,0.20350432395935059,0.40996456146240234,0.23244701325893402,0.3269343376159668,1.2236353158950806,1.1723127365112305
Rio Carnaval,Carnaval,ytsearch1:Rio Carnaval official audio,214.61,10,14.574,22050,143.5546875,0.2760744094848633,0.04989473894238472,0.06000805508558917,0.01738078332509125,2032.9581162871802,309.741574568738,2572.9130097953957,220.21126765982444,4891.260232135748,820.8495379709602,0.013673226349055767,0.008402115665376186,-30.87358856201172,102.98885345458984,11.839098930358887,17.82081413269043,-2.5356643199920654,9.423697471618652,-0.3243653476238251,3.4878084659576416,-4.130861759185791,0.10824579745531082,2.3376107215881348,1.0741713047027588,1.1199029684066772,0.26363280415534973,0.3057069182395935,0.4944549798965454,0.4401657283306122,0.5343276262283325,0.6119042634963989,0.46023303270339966,0.44087326526641846,0.3025333881378174,0.2776916027069092,0.20744681358337402,0.23397988080978394,1.272540807723999,0.9508930444717407
Anitta,Carnaval,ytsearch1:Anitta official audio,115.16,10,15.174,22050,143.5546875,0.24190162122249603,0.1189420148730278,0.07288605576261468,0.033748668344153764,1576.9097943843574,638.6820577890294,1745.2396242178188,620.8952269389371,3111.0210453698396,1567.2285809977254,0.009739336557686329,0.022694017738103867,-86.90950775146484,135.61949157714844,-29.25550651550293,16.68145179748535,-2.8703272342681885,-4.227950096130371,-10.467428207397461,-7.508021354675293,-9.457825660705566,-6.078493595123291,-7.56049919128418,-3.860767364501953,-3.2523152828216553,0.44536757469177246,0.28971797227859497,0.2835792005062103,0.2939479351043701,0.4598493278026581,0.2927645146846771,0.15498238801956177,0.18061697483062744,0.3187270164489746,0.46999141573905945,0.29068395495414734,0.4194854497909546,1.4229419231414795,1.248383641242981
G.R.E.S. Salgueiro,Carnaval,ytsearch1:G.R.E.S. Salgueiro official audio,147.42,10,17.374,22050,143.5546875,0.15238253772258759,0.03321452438831329,0.13736870514853136,0.03612564907407103,2699.3456798886014,413.61263858609556,2529.7911988355636,238.77032423716244,5736.241192683995,769.9747235112538,0.03844918683171272,0.02583553083240986,-32.44255447387695,75.93444061279297,-10.933974266052246,30.22626304626465,-3.8870835304260254,15.331401824951172,-6.966996192932129,11.858402252197266,-4.732217311859131,9.359143257141113,1.7596355676651,5.483420372009277,3.7032341957092285,0.5260579586029053,0.5199145674705505,0.5443635582923889,0.4730246961116791,0.4603947103023529,0.43840861320495605,0.4916081130504608,0.5132981538772583,0.49077627062797546,0.4885275959968567,0.46824631094932556,0.504876434803009,1.3095757961273193,0.9876046776771545
Zeca Pagodinho,Carnaval,ytsearch1:Zeca Pagodinho official audio,54.92,10,14.874,22050,92.28515625,0.24190932512283325,0.08710325509309769,0.06878062231864275,0.04706189046224505,2007.0178509351176,813.1476529383156,2492.1240059955257,439.65610423403564,4475.966850197446,1683.8614659051466,0.014777863398194313,0.023298997431993484,-71.82579803466797,104.01852416992188,16.001049041748047,21.323354721069336,5.603209972381592,6.973172664642334,-4.339045524597168,-0.6687372326850891,-5.994964122772217,-1.2151436805725098,-4.483060836791992,2.586555242538452,-1.2709804773330688,0.4099614918231964,0.34646090865135193,0.4073988199234009,0.3415638506412506,0.23014596104621887,0.26561689376831055,0.28132474422454834,0.42026257514953613,0.44610947370529175,0.34430593252182007,0.410003662109375,0.35593298077583313,1.6333129405975342,1.66355299949646
Banda Los Pequeños Tierra Blanca,Carnaval,ytsearch1:Banda Los Pequeños Tierra Blanca official audio,53.19,10,13.174,22050,112.34714673913044,0.21359218657016754,0.05191999673843384,0.08939157405369719,0.05019325437507535,2390.2515163116395,984.8001337731843,2526.2714234561745,575.0838256605258,5122.191738074934,2122.1986315284876,0.024755747988820076,0.027923639863729477,-53.46287536621094,93.5307846069336,1.7601240873336792,14.451666831970215,-8.81190299987793,-6.934750080108643,-1.3689359426498413,-5.664316177368164,-5.493532657623291,8.194087982177734,-8.800609588623047,-2.950260639190674,-6.012172698974609,0.3693782091140747,0.26710349321365356,0.3299846351146698,0.31752949953079224,0.5229440331459045,0.3885290026664734,0.28543126583099365,0.4334522485733032,0.29280704259872437,0.440170556306839,0.28082889318466187,0.34357935190200806,1.6664798259735107,1.5973445177078247
Marina Sena,Carnaval,ytsearch1:Marina Sena official audio,76.7,10,16.674,22050,184.5703125,0.3262872099876404,0.1020226925611496,0.06211290638038943,0.030753153865307206,1811.9344703815457,650.1769635292678,2294.0900780915713,530.6898748233688,3846.2673309283728,1526.381125645619,0.0055922395549714565,0.00878065824508667,-63.691165924072266,111.20996856689453,2.7393057346343994,22.734268188476562,-0.2439916431903839,-1.7719895839691162,-0.8033457398414612,-1.9204338788986206,13.162886619567871,-3.2796707153320312,5.90234899520874,-1.1498337984085083,0.3117101788520813,0.2851833403110504,0.25737664103507996,0.33320412039756775,0.49994513392448425,0.31439536809921265,0.28231942653656006,0.2864301800727844,0.4271298944950104,0.4357076585292816,0.3153078556060791,0.4377022981643677,0.3027682900428772,1.7061854600906372,1.9800806045532227
Jupiter Apple,Carnaval,ytsearch1:Jupiter Apple official audio,81.41,10,11.374,22050,123.046875,0.2397533506155014,0.03340573608875275,0.11179348692602041,0.03320099947539827,2431.4502437150854,475.1692925221775,2558.4244302134753,248.2232057394515,5253.5302734375,918.7481343775901,0.03329414874315262,0.0249814223498106,-4.776500701904297,85.05686950683594,-2.6202008724212646,31.711801528930664,4.049052715301514,16.436050415039062,1.487031102180481,4.815864086151123,4.802963733673096,9.874645233154297,-0.5192319750785828,2.428117036819458,-2.117769479751587,0.4216578006744385,0.3007485568523407,0.3377971649169922,0.35456058382987976,0.3331770896911621,0.49851083755493164,0.38744327425956726,0.4585154056549072,0.3830466568470001,0.3792109191417694,0.512495219707489,0.42108154296875,1.0746557712554932,0.7350626587867737
Martinho Da Vila,Carnaval,ytsearch1:Martinho Da Vila official audio,51.19,10,11.174,22050,95.703125,0.15402968227863312,0.05456524342298508,0.07216938699429461,0.028962987369237067,1977.3616436949194,606.8329973658333,2269.263223536158,354.7936913310423,4279.0093259692685,1332.9606912376132,0.016531843692064285,0.024158945307135582,-108.6255111694336,100.26317596435547,-0.24759367108345032,37.68254089355469,3.7147083282470703,14.815855026245117,-8.54704761505127,-0.6547573208808899,-5.587615966796875,-3.91296124458313,-6.500422477722168,3.5504817962646484,-6.536062717437744,0.33070695400238037,0.34047451615333557,0.3896145522594452,0.3176703453063965,0.369579941034317,0.31741273403167725,0.27185407280921936,0.3013794720172882,0.4214039742946625,0.4876294732093811,0.40182140469551086,0.41596049070358276,1.9486349821090698,2.302719831466675
Tiee,Carnaval,ytsearch1:Tiee official audio,451.04,10,10.974,22050,107.666015625,0.28644806146621704,0.05230776220560074,0.07273532472251586,0.03826867613995027,2254.1928739212394,616.4080964316939,2865.419852945861,288.6906342093399,5585.248538253171,1429.3844063200456,0.018163777887821198,0.023108134046196938,-37.99535369873047,94.90141296386719,30.21266746520996,19.064510345458984,12.224523544311523,7.283851623535156,0.5236291289329529,1.6479097604751587,-5.03447961807251,0.22291293740272522,0.9003812074661255,1.887426733970642,-3.309950828552246,0.2114391326904297,0.23628899455070496,0.4536570906639099,0.4145364463329315,0.21382644772529602,0.24273432791233063,0.24195604026317596,0.4733944833278656,0.3933511972427368,0.3284272253513336,0.4172094166278839,0.2611679434776306,1.2379026412963867,1.1501315832138062
Alok,Carnaval,ytsearch1:Alok official audio,47.28,10,17.274,22050,129.19921875,0.39334920048713684,0.1167745441198349,0.10167406964045698,0.06170716233628944,2896.111031389049,839.8535121497688,2941.3526744335923,459.5448470724879,6581.027320123488,1746.8302183537967,0.049797918647527695,0.048132892698049545,18.06969451904297,70.60835266113281,1.5856611728668213,11.585338592529297,8.673807144165039,11.61088752746582,6.124930381774902,12.359580993652344,4.251973628997803,11.62120246887207,1.1871556043624878,9.6436185836792,4.213776111602783,0.5429244637489319,0.42397069931030273,0.4424390196800232,0.3990330994129181,0.6140387654304504,0.4626351296901703,0.4006013870239258,0.488941490650177,0.5718977451324463,0.6736909747123718,0.4928133487701416,0.5597108602523804,1.5295292139053345,1.6086629629135132
Cheiro de Amor,Carnaval,ytsearch1:Cheiro de Amor official audio,170.49,10,10.474,22050,161.4990234375,0.22666394710540771,0.08867575228214264,0.07219864836836283,0.028650730396984715,2026.6775130255398,574.2675702979285,2499.785816262767,433.2614394110443,4695.191077848452,1576.2179844111674,0.015493612736463547,0.0157589390873909,-53.83704376220703,106.72320556640625,12.988967895507812,18.83735466003418,-1.8204811811447144,8.391879081726074,-0.024882392957806587,7.340875625610352,-1.8759838342666626,10.446442604064941,-0.14281713962554932,4.370923042297363,-2.981088638305664,0.30492228269577026,0.3925784230232239,0.4198765158653259,0.29613569378852844,0.33778631687164307,0.28621983528137207,0.38239172101020813,0.44062235951423645,0.43712708353996277,0.47373130917549133,0.3156585097312927,0.32776957750320435,1.2130388021469116,1.0172606706619263
Choro Das 3,Chorinho,ytsearch1:Choro Das 3 official audio,175.41,10,15.374,22050,161.4990234375,0.0986594408750534,0.032726556062698364,0.0965265012254902,0.04107101042513511,2245.0292390032328,613.9341973641758,2607.9356228527718,498.61916587622216,5043.44642604638,1726.4396339606246,0.010233034379780293,0.010344122536480427,-171.34825134277344,92.24494171142578,10.516053199768066,15.572300910949707,11.221000671386719,12.020275115966797,2.438486099243164,-1.7892978191375732,-0.08928393572568893,7.1809844970703125,9.501025199890137,-2.3189797401428223,-8.551403999328613,0.3576678931713104,0.2145702838897705,0.20318497717380524,0.1426224559545517,0.2538238763809204,0.26596131920814514,0.19076843559741974,0.3073147237300873,0.3100423216819763,0.2796018719673157,0.247577965259552,0.38226616382598877,1.908596396446228,2.1041042804718018
Mc Choros,Chorinho,ytsearch1:Mc Choros official audio,63.45,10,13.374,22050,129.19921875,0.455154150724411,0.13518941402435303,0.1406741672092014,0.07345565251324387,2617.374938523519,883.0799479539143,2227.093292636032,431.0813268852542,4870.93391418457,1470.876833375822,0.0217842236161232,0.02703753113746643,12.9312105178833,66.32169342041016,-36.61410140991211,31.74993133544922,-6.1007795333862305,7.787143230438232,-2.284698724746704,1.9858436584472656,-3.86902117729187,6.149283409118652,-1.2660200595855713,10.923351287841797,3.337946653366089,0.4480430781841278,0.3678816854953766,0.5681405663490295,0.46378293633461,0.4289787709712982,0.4408196210861206,0.42860424518585205,0.47219550609588623,0.2716018259525299,0.3180989921092987,0.31580737233161926,0.322834849357605,1.8201764822006226,2.1488237380981445
Chorão,Chorinho,ytsearch1:Chorão official audio,6653.68,10,13.674,22050,184.5703125,0.3391244411468506,0.06069266423583031,0.09122652270797962,0.03676805895273764,2280.5291928204665,503.71680937879887,2438.722106548088,351.4812341894995,4972.57960891076,1057.7029051324835,0.027488702908158302,0.031380731612443924,14.894356727600098,91.3160171508789,-8.941326141357422,40.9953498840332,3.5924007892608643,13.358589172363281,-0.6333370208740234,7.242067337036133,0.23256435990333557,3.553464651107788,-2.1796133518218994,0.29739251732826233,1.0771090984344482,0.5695580840110779,0.4480193853378296,0.3316400647163391,0.34159618616104126,0.3326455354690552,0.3565857708454132,0.33642417192459106,0.4240458309650421,0.5477107167243958,0.45665663480758667,0.41644197702407837,0.4033108949661255,1.2274209260940552,0.9969174861907959
Chrono Rapper,Chorinho,ytsearch1:Chrono Rapper official audio,160.59,10,10.574,22050,86.1328125,0.353669673204422,0.12818163633346558,0.11126173588267543,0.06790219186895097,2722.7832707665443,790.6408912874128,2736.230310586562,328.8975225633208,5981.626329923931,1419.2290542782866,0.051017411053180695,0.06194247677922249,16.554094314575195,78.13094329833984,0.6333429217338562,12.886777877807617,2.111595630645752,10.767245292663574,-1.563554048538208,9.877565383911133,-4.301365375518799,10.006677627563477,-0.8243021368980408,4.029629707336426,0.7492946982383728,0.48268017172813416,0.3657134175300598,0.3326514959335327,0.3607035279273987,0.6899189352989197,0.3658066987991333,0.38306528329849243,0.3805602788925171,0.3628036379814148,0.408220499753952,0.4295996427536011,0.6590315103530884,1.488221526145935,1.279617190361023
Jacob Do Bandolim,Chorinho,ytsearch1:Jacob Do Bandolim official audio,56.07,10,16.074,22050,103.359375,0.12406465411186218,0.0378088541328907,0.12137135867604618,0.03714250375423901,2505.4608381568733,569.3382802489187,2633.845943293267,310.17626438105424,5697.132457386364,1241.680805400793,0.020351069048047066,0.01708858460187912,-93.05452728271484,87.720703125,5.36496114730835,6.81409215927124,-8.502528190612793,16.21358871459961,-11.628534317016602,0.7246613502502441,-17.688953399658203,-8.502089500427246,-8.376215934753418,-0.14624515175819397,-8.325235366821289,0.22559018433094025,0.23277242481708527,0.22990943491458893,0.2387544959783554,0.36207202076911926,0.3088809847831726,0.3199945390224457,0.424394428730011,0.2722470760345459,0.3514783978462219,0.22648662328720093,0.37948039174079895,1.5705170631408691,1.7705575227737427
Os Chorões Da Pisadinha,Chorinho,ytsearch1:Os Chorões Da Pisadinha official audio,121.05,10,10.974,22050,129.19921875,0.4128859341144562,0.12182753533124924,0.10365808337737843,0.04335386795371211,2570.5801004552486,666.1033584089195,2625.425735876892,435.43111795523964,5438.476768961416,1573.2135544635594,0.03605560213327408,0.03682549297809601,33.208492279052734,82.3329086303711,-12.958978652954102,10.709512710571289,-0.9117249250411987,1.2739583253860474,-3.098539352416992,-3.6258108615875244,-6.187373161315918,2.2442128658294678,-1.07273530960083,2.070218086242676,1.7227226495742798,0.5291469693183899,0.38041773438453674,0.514125406742096,0.49301227927207947,0.3618437647819519,0.3915887773036957,0.38552048802375793,0.5409000515937805,0.35403862595558167,0.34109893441200256,0.35725393891334534,0.41304123401641846,1.598098874092102,1.7479438781738281
Pixinguinha,Chorinho,ytsearch1:Pixinguinha official audio,77.41,10,17.374,22050,78.30255681818181,0.16908884048461914,0.06081061065196991,0.06273533982810414,0.01834767473073051,926.0438446814934,172.82504714846598,956.3315320690335,139.3961139709806,1560.1797513872664,337.46641504484217,0.00016302392759826034,0.0005048364982940257,-206.12567138671875,193.77882385253906,-41.12968444824219,15.777591705322266,-1.0184251070022583,-6.749663829803467,1.1180505752563477,1.1645258665084839,0.12378043681383133,-2.580261468887329,-6.6922526359558105,-16.977060317993164,-13.025565147399902,0.21663346886634827,0.1852439045906067,0.1909976452589035,0.07705552130937576,0.13094495236873627,0.18656660616397858,0.10352054238319397,0.2427535057067871,0.30467697978019714,0.5538325905799866,0.3129805028438568,0.17734429240226746,1.0085031986236572,0.7152448296546936
Belchior,Chorinho,ytsearch1:Belchior official audio,46.39,10,16.374,22050,123.046875,0.15648503601551056,0.04929431900382042,0.09662435817988668,0.05815653565678505,2371.268229782152,813.0281664298867,2728.3895615508854,482.4308026815483,5445.475617751859,1902.31172187451,0.01917862333357334,0.03401823714375496,-100.21771240234375,88.53501892089844,21.12739372253418,18.075424194335938,6.387965202331543,9.432817459106445,2.0138700008392334,8.906217575073242,-1.7357909679412842,-2.2275538444519043,-0.4533075988292694,0.424049973487854,-6.4127068519592285,0.4437859356403351,0.26149848103523254,0.23140792548656464,0.19568979740142822,0.2972906529903412,0.2619835138320923,0.22115296125411987,0.35597872734069824,0.3090593218803406,0.46366265416145325,0.36942145228385925,0.32395386695861816,1.3760184049606323,1.3384627103805542
Chorinho no Mangue,Chorinho,ytsearch1:Chorinho no Mangue official audio,141.33,10,11.274,22050,103.359375,0.17525239288806915,0.041330307722091675,0.0788795251414609,0.05110138793787177,2188.858848134899,922.6986669051466,2651.129245820761,518.4942238970093,5002.19410083912,2137.352477170421,0.015304269269108772,0.02254774421453476,-101.03791046142578,97.87136840820312,27.38041114807129,29.168310165405273,17.104196548461914,-0.07313752919435501,-4.093968391418457,5.809691905975342,-7.831576347351074,5.701798439025879,-10.48853588104248,-3.502652406692505,-6.985304355621338,0.33943426609039307,0.27960404753685,0.36734145879745483,0.22941115498542786,0.2246095985174179,0.2594318091869354,0.3629056215286255,0.473888099193573,0.390587717294693,0.3930726945400238,0.3295127749443054,0.33634036779403687,1.4725866317749023,1.307535171508789
Choro da Quitanda,Chorinho,ytsearch1:Choro da Quitanda official audio,67.79,10,17.774,22050,78.30255681818181,0.07939957082271576,0.043897323310375214,0.09695570026925587,0.0659252593625732,2204.3843294616754,848.850293897715,2475.598826675857,492.4822516963227,4928.278336886015,1933.0706294819574,0.009219340048730373,0.012465449050068855,-208.1877899169922,85.91914367675781,7.626395225524902,24.701520919799805,-3.1342453956604004,2.51552152633667,-5.777675151824951,-2.5431761741638184,-14.105337142944336,-2.734753370285034,-12.219076156616211,-1.4258147478103638,-13.028105735778809,0.36413270235061646,0.24445468187332153,0.2520531117916107,0.19786834716796875,0.33990564942359924,0.33877524733543396,0.32524874806404114,0.42147722840309143,0.28556808829307556,0.28039517998695374,0.19693194329738617,0.254071980714798,1.7035616636276245,2.182764768600464
Chico Buarque,Chorinho,ytsearch1:Chico Buarque official audio,309.14,10,19.074,22050,135.99917763157896,0.2860020101070404,0.04191621392965317,0.13927480136100973,0.04212401683121274,2794.4407873720384,475.2017985731305,2671.090563678399,270.4901569362663,5961.972870095803,966.5345053700752,0.04191902279853821,0.027844348922371864,19.96704864501953,71.47238159179688,-3.25223708152771,30.09082794189453,2.808663845062256,1.9164997339248657,-0.844408392906189,10.248441696166992,-5.545754909515381,7.672976493835449,-4.084435939788818,-0.7565243244171143,-1.082930326461792,0.45230376720428467,0.22177952527999878,0.1378016620874405,0.1961221694946289,0.3111480176448822,0.3074917495250702,0.2722192108631134,0.2664128243923187,0.31408512592315674,0.3932676613330841,0.441386342048645,0.5706619024276733,1.1622973680496216,0.8510794639587402
Chiquinha Gonzaga,Chorinho,ytsearch1:Chiquinha Gonzaga official audio,93.91,10,13.874,22050,161.4990234375,0.1466912180185318,0.07021313160657883,0.06808175689799331,0.017340942854503036,963.0926234271011,204.5221151998763,652.2357941612646,167.64585186202376,1487.1773506088002,448.95667785300196,2.8943464712938294e-05,0.0002677874581422657,-241.92015075683594,183.70753479003906,-63.69460678100586,-46.310546875,-21.118261337280273,-45.852378845214844,-28.326723098754883,-15.058130264282227,-21.56037139892578,-20.924715042114258,-14.896463394165039,-17.094873428344727,-23.97519874572754,0.24643796682357788,0.16889432072639465,0.2456200122833252,0.3155801594257355,0.22992004454135895,0.3223317265510559,0.29565873742103577,0.40563642978668213,0.3506413400173187,0.17072156071662903,0.10993466526269913,0.12558363378047943,1.2111355066299438,1.1699912548065186
Choronas,Chorinho,ytsearch1:Choronas official audio,96.47,10,16.474,22050,89.10290948275862,0.07763200998306274,0.030064405873417854,0.058082773987676056,0.01794235305329342,1620.066117361759,540.1454806062859,2290.867904223316,575.0840056601197,3430.3454074053698,1926.3287713245418,0.006524736061692238,0.011561251245439053,-213.593505859375,130.33169555664062,14.830513000488281,0.9122267961502075,12.754770278930664,-2.1295723915100098,-9.651300430297852,-0.3414287269115448,-9.420766830444336,-4.476970195770264,-8.142806053161621,-3.436267614364624,3.8467650413513184,0.35186564922332764,0.3015592694282532,0.49411770701408386,0.34062230587005615,0.43404531478881836,0.2205900102853775,0.20675373077392578,0.14811818301677704,0.12796974182128906,0.20282377302646637,0.21932248771190643,0.42456579208374023,1.8148080110549927,2.191371202468872
Altamiro Carrilho,Chorinho,ytsearch1:Altamiro Carrilho official audio,109.03,10,10.002,22050,112.34714673913044,0.20127031207084656,0.0484006330370903,0.0922692956061485,0.023726724573927545,2244.252975250107,449.9384079878672,2809.95127809107,408.4974885577536,5017.860840976653,1931.5082961046112,0.01095301192253828,0.008634054102003574,-76.87821197509766,103.8399429321289,-5.313779830932617,-1.9945294857025146,27.835290908813477,0.42703184485435486,16.200777053833008,-1.1421411037445068,-6.823329448699951,-13.353304862976074,-3.6460866928100586,-7.92626953125,-2.6047704219818115,0.08864036202430725,0.11915749311447144,0.48211270570755005,0.2555178999900818,0.31643998622894287,0.30272066593170166,0.20425519347190857,0.34210070967674255,0.33283236622810364,0.42117464542388916,0.4095621109008789,0.19801804423332214,1.5413402318954468,1.4247111082077026
Lenine,Chorinho,ytsearch1:Lenine official audio,200.9,10,10.874,22050,95.703125,0.33410316705703735,0.08949597179889679,0.06555149753464819,0.031036262648386003,1750.99999107417,512.0067462079019,2177.7305565858996,386.6487624047003,3677.4486940298507,1270.0086767126804,0.01229103934019804,0.016373397782444954,-30.962791442871094,116.97501373291016,-5.672872543334961,25.34653091430664,7.0687737464904785,7.872812271118164,-1.2516794204711914,3.5210511684417725,3.973888874053955,3.2461435794830322,2.3748619556427,5.177553653717041,3.615659713745117,0.38137251138687134,0.38142427802085876,0.404243528842926,0.3277028799057007,0.41218331456184387,0.3696001470088959,0.4264689087867737,0.4798869490623474,0.535173773765564,0.6372645497322083,0.5113931894302368,0.4860808551311493,1.5494053363800049,1.8286592960357666
Chorinho do Capibaribe,Chorinho,ytsearch1:Chorinho do Capibaribe official audio,33.96,10,13.974,22050,172.265625,0.1310703456401825,0.05146423727273941,0.05902200996677741,0.025034479776728343,1586.303246625757,575.2365948322897,2262.369939668227,550.2357526326715,3421.6688998909885,1857.6614421122192,0.0059414212591946125,0.007720414083451033,-155.46963500976562,127.44658660888672,20.31571388244629,16.382884979248047,6.059577465057373,0.6222732067108154,-5.847036361694336,-1.6250362396240234,-1.571625828742981,-3.858290195465088,-5.377917766571045,-6.420184135437012,0.37848103046417236,0.23146510124206543,0.2065909206867218,0.45817574858665466,0.4848599433898926,0.36247435212135315,0.31900542974472046,0.2471318542957306,0.3858795762062073,0.3181699812412262,0.32927265763282776,0.31209537386894226,0.20143546164035797,1.7529925107955933,2.368319272994995
Adoniran Barbosa,Chorinho,ytsearch1:Adoniran Barbosa official audio,144.13,10,14.074,22050,95.703125,0.17636054754257202,0.07013612240552902,0.1269893237747117,0.06199128402162591,3005.5618956911667,773.5382298196376,2873.802054761285,362.5619252649017,6472.146531031199,1352.3327425075593,0.05447093024849892,0.05792290344834328,-52.61922073364258,64.26146697998047,7.982112407684326,26.401195526123047,-0.1852210909128189,2.10744047164917,1.6773971319198608,3.9581332206726074,-10.649832725524902,-0.21332643926143646,1.508663535118103,0.4232240617275238,0.49968084692955017,0.2695571482181549,0.3211578130722046,0.4372217655181885,0.3564617931842804,0.5319374799728394,0.5989834666252136,0.490709125995636,0.4680280387401581,0.32387575507164,0.3446914553642273,0.3200657069683075,0.24539320170879364,1.4625519514083862,1.5345958471298218
Chitãozinho & Xororó,Chorinho,ytsearch1:Chitãozinho & Xororó official audio,232.85,10,12.874,22050,99.38401442307692,0.2959138751029968,0.0638144239783287,0.08857861768018017,0.03458367418428416,2258.822925317586,632.4133363552801,2500.8675454422114,442.72196366281355,4997.410261824324,1463.5377257162745,0.019816158339381218,0.024028809741139412,-22.571378707885742,90.13191223144531,8.482442855834961,37.75826644897461,3.883376359939575,9.593897819519043,-0.28069984912872314,8.03626823425293,-2.807302236557007,8.621633529663086,-1.554753065109253,-2.336120367050171,-1.4867159128189087,0.3382519483566284,0.2512694299221039,0.2115594893693924,0.3526098132133484,0.3494437634944916,0.34217020869255066,0.46354737877845764,0.3253300189971924,0.4321749806404114,0.3303981125354767,0.30817997455596924,0.3866898715496063,1.4346301555633545,1.3038395643234253
Alan Jackson,Country,ytsearch1:Alan Jackson official audio,100.28,10,10.274,22050,112.34714673913044,0.11081644147634506,0.0409758985042572,0.0943540138261851,0.04499288845335101,2203.291324424969,721.1352437569805,2461.413464649492,437.39840316246654,4639.724765889531,1653.5994351427642,0.02697647549211979,0.04354675114154816,-123.13291931152344,97.20758056640625,-1.60378897190094,18.927715301513672,4.620307922363281,1.1905748844146729,-1.534886121749878,3.5793468952178955,-7.620797634124756,4.007885456085205,0.42629337310791016,1.3678396940231323,-0.40325093269348145,0.24445055425167084,0.40111327171325684,0.2686569392681122,0.321802020072937,0.238705113530159,0.3494836390018463,0.523042619228363,0.351616770029068,0.42604777216911316,0.3260805904865265,0.4266980290412903,0.32124924659729004,1.5246747732162476,2.2467308044433594
Luke Combs,Country,ytsearch1:Luke Combs official audio,128.23,10,18.174,22050,99.38401442307692,0.18886202573776245,0.05220683664083481,0.060009952705938695,0.022683157481326245,1604.293635830123,499.23937239822646,2030.8856003287476,419.47641906845354,3314.5182291666665,1300.6195660035555,0.008373970165848732,0.00986895989626646,-82.48187255859375,128.66519165039062,-8.64001178741455,25.154693603515625,6.071374893188477,5.909875392913818,-2.496856927871704,7.027708053588867,-3.890712261199951,1.962881088256836,-7.5987701416015625,-1.3633897304534912,-4.246750831604004,0.32119664549827576,0.27341988682746887,0.3251740336418152,0.5626305937767029,0.3047582507133484,0.3009048104286194,0.22358004748821259,0.39430972933769226,0.6368696093559265,0.3116312325000763,0.31929925084114075,0.2163960486650467,1.0755759477615356,1.0274845361709595
Country Gospel,Country,ytsearch1:Country Gospel official audio,4489.75,10,19.674,22050,161.4990234375,0.33417388796806335,0.03350898623466492,0.06104436910377359,0.029270758825348124,2452.960818314954,824.7498947904177,2844.29448175741,457.1049518483236,5752.552046865787,1784.7170849600152,0.012959089130163193,0.012142148800194263,-45.429161071777344,78.88480377197266,25.188720703125,36.11328887939453,18.71124839782715,9.670467376708984,5.301801681518555,8.612056732177734,3.4771671295166016,7.951903820037842,-2.7960925102233887,3.287428617477417,0.33074280619621277,0.3118305504322052,0.4032035768032074,0.6420578956604004,0.5033025145530701,0.43416833877563477,0.33708593249320984,0.4471477270126343,0.34519627690315247,0.2730100154876709,0.3696410059928894,0.3092201054096222,0.3294287919998169,1.1409939527511597,1.0469385385513306
CountryBeat,Country,ytsearch1:CountryBeat official audio,40.41,10,10.374,22050,80.74951171875,0.31890028715133667,0.15265634655952454,0.08121089380592841,0.06658605687881859,1973.3322880228907,935.8098828799316,2320.4749998765956,464.4804326541343,3988.4839358745803,1928.4567940901766,0.01915816403925419,0.03615867346525192,-46.12406921386719,110.98932647705078,-0.04273826256394386,2.9526164531707764,-0.07967859506607056,5.857727527618408,-5.189460754394531,0.34643125534057617,-4.043029308319092,3.098445415496826,-1.0239793062210083,0.43173927068710327,-3.1899800300598145,0.3460978865623474,0.34367308020591736,0.5250166058540344,0.3470483422279358,0.28291893005371094,0.281460165977478,0.4424581229686737,0.37331435084342957,0.28717106580734253,0.28668466210365295,0.3108566999435425,0.5200856924057007,1.646202564239502,1.879493236541748
Teddy Swims,Country,ytsearch1:Teddy Swims official audio,221.62,10,11.574,22050,129.19921875,0.22345411777496338,0.06819529086351395,0.0680413561497996,0.040844126456876836,2198.134817522356,858.5737252703261,2673.6115042761917,499.8043703612691,5061.769926571894,2112.250906209606,0.020453957840800285,0.024015452712774277,-75.46051788330078,96.70487976074219,19.67052459716797,14.261813163757324,10.643789291381836,17.940486907958984,-0.589952826499939,12.038169860839844,4.928513050079346,1.324755311012268,1.5638833045959473,5.621554374694824,1.0224802494049072,0.3231463134288788,0.43273890018463135,0.4258206784725189,0.4943481981754303,0.4509938657283783,0.36828091740608215,0.4002295732498169,0.40474435687065125,0.4768231511116028,0.41375529766082764,0.3799307644367218,0.35094037652015686,1.628138542175293,1.914868950843811
Shania Twain,Country,ytsearch1:Shania Twain official audio,124.19,10,14.174,22050,123.046875,0.21114887297153473,0.06331601738929749,0.15533417297463176,0.04937188654903933,3052.2266246674967,581.7953994916255,2746.664316259797,256.53166823424425,6191.395021928703,1025.7400742201046,0.058255646377801895,0.04309505596756935,-11.952225685119629,60.77870559692383,-5.097686767578125,30.224180221557617,2.874053478240967,1.1985344886779785,0.7892680764198303,2.6915531158447266,-1.553464651107788,6.035375595092773,-2.8602468967437744,2.292459726333618,0.4826010465621948,0.3018992245197296,0.3875594437122345,0.5409198999404907,0.3981519043445587,0.561233639717102,0.35258814692497253,0.3655664920806885,0.30324307084083557,0.3769646883010864,0.5761312246322632,0.3308068513870239,0.3195621073246002,1.3447211980819702,1.530676007270813
Chris Stapleton,Country,ytsearch1:Chris Stapleton official audio,225.49,10,15.474,22050,151.99908088235293,0.11422725021839142,0.03549327701330185,0.08634964744190404,0.044640416080121426,2027.4244112049353,605.518546429758,2237.807612557465,357.4982861103743,4231.032286591079,1275.3049223045193,0.015350520610809326,0.023041993379592896,-131.95028686523438,98.41972351074219,-10.765466690063477,27.40285301208496,1.2297605276107788,17.745929718017578,5.6815924644470215,2.6210806369781494,-0.23812948167324066,2.997377395629883,-0.4073210060596466,6.157280921936035,-3.644973039627075,0.3263454735279083,0.38255029916763306,0.281393438577652,0.2890809178352356,0.4187309145927429,0.3413355052471161,0.4583805799484253,0.29503315687179565,0.3782484233379364,0.46091580390930176,0.36043837666511536,0.3846196234226227,1.2084338665008545,1.4127081632614136
Country Boy,Country,ytsearch1:Country Boy official audio,125.55,10,15.474,22050,107.666015625,0.1425897479057312,0.04815439507365227,0.09626241566716642,0.02018408437802061,1871.534677515226,382.2333983959811,1976.5566148277605,319.8763412242562,3662.968954975637,855.4750757925863,0.013194168917834759,0.01865474320948124,-82.413818359375,117.87832641601562,-30.33980941772461,16.380977630615234,-13.420592308044434,0.3349769413471222,-0.14080528914928436,-2.9261577129364014,-10.401134490966797,5.435776233673096,-4.367593765258789,-2.746506929397583,-10.034658432006836,0.22660455107688904,0.33260518312454224,0.22418418526649475,0.22832529246807098,0.48810017108917236,0.27626776695251465,0.34575629234313965,0.2786981761455536,0.38543087244033813,0.6173923015594482,0.2968616783618927,0.32174330949783325,1.5441224575042725,1.5725408792495728
Ella Langley,Country,ytsearch1:Ella Langley official audio,109.04,10,18.974,22050,112.34714673913044,0.2874605357646942,0.08199670165777206,0.0918314964089242,0.03995581428199711,2189.455770093866,761.7903338612987,2394.6943510186456,478.5368402638516,4570.475011699648,1570.1751118667023,0.018442735075950623,0.02744767814874649,-30.033153533935547,99.46028137207031,-3.5772500038146973,28.543394088745117,2.4716880321502686,11.71789264678955,12.062003135681152,-0.38379278779029846,11.912758827209473,5.686030387878418,0.7991111874580383,3.4378223419189453,-1.7486244440078735,0.37423792481422424,0.5184602737426758,0.3383878171443939,0.38290807604789734,0.2860167622566223,0.4086529016494751,0.40281397104263306,0.34957200288772583,0.4403582811355591,0.3279808461666107,0.4457966089248657,0.2716357707977295,1.422731637954712,1.2543336153030396
Robert Nilo,Country,ytsearch1:Robert Nilo official audio,86.07,10,16.074,22050,151.99908088235293,0.3078141510486603,0.05180840194225311,0.1276344640602453,0.076107530596695,2961.217288951066,862.6547917810348,3001.1989431542065,270.5339957129035,6859.770063920455,1373.257847643107,0.04252103343605995,0.04493327438831329,-8.110849380493164,67.69880676269531,19.839584350585938,27.931060791015625,18.94490623474121,-5.592561721801758,1.8714452981948853,2.6447231769561768,-8.715524673461914,7.5421295166015625,-5.33718204498291,4.277392864227295,-2.754563093185425,0.36427175998687744,0.3666873574256897,0.27703726291656494,0.3558175563812256,0.47251665592193604,0.33891233801841736,0.35691964626312256,0.2993043065071106,0.4051351547241211,0.30919790267944336,0.34612762928009033,0.5487433671951294,1.3470373153686523,0.9947507381439209
Zach Bryan,Country,ytsearch1:Zach Bryan official audio,140.78,10,10.774,22050,112.34714673913044,0.2018580287694931,0.0910487249493599,0.053602547481142244,0.049076653466917274,1717.0829482138229,993.8407974195508,2267.16812780062,718.257721105704,3861.7293785358297,2297.5313197648707,0.007911325432360172,0.02044437639415264,-134.93984985351562,115.7092056274414,18.063276290893555,28.354084014892578,16.057903289794922,4.494455337524414,7.31946325302124,13.214282989501953,-2.9657557010650635,5.41350793838501,-0.5126815438270569,1.5155119895935059,-2.2116682529449463,0.3044663071632385,0.22649459540843964,0.33805814385414124,0.2792373597621918,0.35570016503334045,0.27351877093315125,0.36590373516082764,0.49586647748947144,0.3403795063495636,0.3329639434814453,0.3551819920539856,0.5233874917030334,1.3694581985473633,1.58299720287323
Brad Paisley,Country,ytsearch1:Brad Paisley official audio,155.89,10,15.874,22050,99.38401442307692,0.2757059633731842,0.0661710798740387,0.12522843567251463,0.053345123652259886,2657.445509992255,785.2045089940578,2683.8988102041244,412.38127969860733,5824.999036287007,1492.0513055784238,0.043198153376579285,0.03797317296266556,11.827449798583984,87.92259216308594,0.3636590540409088,17.49732780456543,4.054880142211914,11.274463653564453,-5.82602596282959,5.266968250274658,-2.7829551696777344,6.382957458496094,-1.9081865549087524,7.108892917633057,1.6256024837493896,0.26425671577453613,0.40926507115364075,0.5885422825813293,0.34796348214149475,0.3986234664916992,0.2879239022731781,0.4524041712284088,0.3005863130092621,0.344477117061615,0.585999608039856,0.3713073432445526,0.37319231033325195,1.2118436098098755,0.8791159391403198
Josh Turner,Country,ytsearch1:Josh Turner official audio,60.35,10,10.274,22050,151.99908088235293,0.27728071808815,0.08696730434894562,0.0867729789785553,0.029008521972192662,2145.3999518973637,497.1407187326219,2405.4189585577224,327.9743098654644,4610.0497760299095,1200.3257518769146,0.01657460816204548,0.02051817812025547,-26.21105194091797,95.26124572753906,-2.019022226333618,34.745506286621094,5.28087854385376,-0.766655445098877,-7.528858661651611,8.625344276428223,-7.5954413414001465,4.790839672088623,-2.6037001609802246,-4.700067520141602,4.414534568786621,0.3242732286453247,0.19294646382331848,0.32749423384666443,0.45282426476478577,0.283532977104187,0.2891848087310791,0.28295794129371643,0.5146694183349609,0.36614805459976196,0.29257962107658386,0.4923778474330902,0.2868649363517761,1.2899906635284424,1.3984568119049072
Morgan Wallen,Country,ytsearch1:Morgan Wallen official audio,63.66,10,13.674,22050,103.359375,0.21817633509635925,0.058006010949611664,0.0917678599851443,0.04970067311126643,2180.4331110433664,825.8877141001747,2444.1466755535134,437.08620171809065,4462.363339280029,1723.4076269810344,0.020657632499933243,0.031217316165566444,-47.2733039855957,99.57476043701172,-8.727083206176758,14.422561645507812,12.828446388244629,10.474987030029297,-2.1020009517669678,-1.5936213731765747,0.9451339244842529,-1.740272045135498,-7.7875471115112305,-3.3483893871307373,-5.504663944244385,0.36274275183677673,0.4034489095211029,0.3007824420928955,0.32846078276634216,0.2722371220588684,0.3918810784816742,0.6619037985801697,0.3858203589916229,0.3808872103691101,0.32979825139045715,0.5650296211242676,0.39980506896972656,1.3163286447525024,1.5935121774673462
Zach Williams,Country,ytsearch1:Zach Williams official audio,142.27,10,12.274,22050,129.19921875,0.2681370675563812,0.0811365619301796,0.09996935550567108,0.0360202929285761,2288.327746458634,504.0426695598864,2408.333731569987,319.96614359403793,4780.025097102433,1212.517823442847,0.02637796476483345,0.02651793137192726,-16.64438819885254,90.24230194091797,-14.849382400512695,21.155790328979492,0.8926910161972046,6.843696594238281,-0.7275396585464478,5.4547624588012695,-4.268515586853027,9.762688636779785,-0.2613917589187622,6.845787048339844,-2.175384283065796,0.3069140911102295,0.5811432600021362,0.39459943771362305,0.4849143922328949,0.2791665494441986,0.3307346999645233,0.36474454402923584,0.22191163897514343,0.29080626368522644,0.2623961269855499,0.3449951112270355,0.2566758990287781,1.229622721672058,1.1673932075500488
BigXthaPlug,Country,ytsearch1:BigXthaPlug official audio,49.24,10,19.174,22050,129.19921875,0.3735426068305969,0.12296213954687119,0.10536352716404358,0.07729981832251696,2957.748208271175,891.104389309862,2789.363237332372,353.61762530496486,6306.608555680615,1317.6282071939395,0.04086756333708763,0.05280900374054909,-14.098030090332031,55.566078186035156,8.706504821777344,26.920541763305664,5.035310745239258,21.502365112304688,1.8965764045715332,17.364009857177734,-3.4714674949645996,3.310884714126587,1.932255744934082,7.503607273101807,1.0883405208587646,0.35019269585609436,0.3675493896007538,0.42604929208755493,0.42702290415763855,0.4959222376346588,0.5900349617004395,0.4754449129104614,0.44664639234542847,0.4654237627983093,0.5338883399963379,0.6453332901000977,0.4543440639972687,2.164959192276001,2.3468077182769775
Randy Travis,Country,ytsearch1:Randy Travis official audio,82.12,10,12.074,22050,89.10290948275862,0.18442121148109436,0.04573683440685272,0.07438401442307692,0.028704002982326608,1698.672822320444,571.5346748738539,2053.229838974396,444.69775356608335,3395.0200477013223,1409.7559825668877,0.008712561801075935,0.01568216271698475,-89.01362609863281,123.5969467163086,-7.130487442016602,23.32216453552246,4.7314300537109375,4.6024932861328125,0.43710580468177795,11.7639799118042,-2.3662142753601074,0.9267286658287048,1.3991552591323853,1.4108911752700806,-1.8946577310562134,0.18180598318576813,0.4083387553691864,0.4590030312538147,0.28203123807907104,0.33353254199028015,0.20370112359523773,0.2766202390193939,0.20012998580932617,0.37592813372612,0.8126413822174072,0.3374451994895935,0.15600410103797913,1.11994206905365,1.0961247682571411
Ana Castela,Country,ytsearch1:Ana Castela official audio,113.1,10,13.074,22050,107.666015625,0.297628253698349,0.08540277928113937,0.1250960979055851,0.06985148492052162,2723.234154337668,812.8975522687497,2741.161136653144,425.69412265419083,5908.248966298205,1686.9440709088108,0.036330386996269226,0.04840239882469177,-9.89490032196045,78.65194702148438,-0.20800694823265076,16.955595016479492,2.706300735473633,-0.7330169677734375,5.099128246307373,4.152022361755371,-0.29999417066574097,8.322772979736328,-6.704118251800537,7.153841495513916,-6.0400800704956055,0.3071339428424835,0.2841719090938568,0.39154067635536194,0.3104212284088135,0.3537324070930481,0.4604947865009308,0.3424035608768463,0.5336483120918274,0.3292473554611206,0.40384674072265625,0.38856613636016846,0.2623870074748993,1.3974946737289429,1.061479926109314
Panda,Country,ytsearch1:Panda official audio,36.7,10,16.674,22050,143.5546875,0.17336370050907135,0.18243065476417542,0.08844545918810848,0.07006659151527805,2244.844804690446,1027.1744558570813,2274.7380302836414,465.7090812616088,4488.265256921505,1838.1359582620591,0.026268811896443367,0.04646632447838783,-160.3905792236328,68.18437957763672,-2.3467135429382324,42.18965530395508,20.63461685180664,13.04319953918457,0.8658309578895569,7.9369988441467285,1.3170000314712524,6.97359561920166,2.0728211402893066,9.988347053527832,4.362366676330566,0.38550865650177,0.4180697202682495,0.5568198561668396,0.6863205432891846,0.6456769704818726,0.503012478351593,0.43796655535697937,0.42043909430503845,0.3648073971271515,0.3684501349925995,0.45842334628105164,0.4141291081905365,1.4665690660476685,1.813995122909546
Ben Fuller,Country,ytsearch1:Ben Fuller official audio,123.43,10,13.374,22050,135.99917763157896,0.2815178632736206,0.06764189153909683,0.09558275010850695,0.038327124485515916,2358.870783533633,596.2450235631684,2630.890920213149,367.26591773273094,5218.100738525391,1482.171050852724,0.02825097180902958,0.030687961727380753,-4.8345184326171875,95.69794464111328,-0.97206711769104,14.80185317993164,13.512653350830078,10.589675903320312,0.08735916018486023,9.334575653076172,-3.0577383041381836,-1.3950064182281494,3.3337793350219727,-1.7682290077209473,-1.2320659160614014,0.47722476720809937,0.3288881778717041,0.3406361937522888,0.5513474345207214,0.318238228559494,0.30400869250297546,0.20018310844898224,0.32402265071868896,0.4145052433013916,0.2951532006263733,0.44688284397125244,0.3170917332172394,1.1705498695373535,0.9223536252975464
Banda Go Home,Cover/Tributo,ytsearch1:Banda Go Home official audio,199.74,10,19.674,22050,129.19921875,0.22158703207969666,0.05519748479127884,0.1581691526017099,0.07295309513531091,2945.4193353942674,697.1693390151764,2616.742118869553,328.24656492667344,5914.571625331662,1132.7841537635388,0.05944543331861496,0.04435069486498833,0.11101085692644119,68.8171615600586,-3.179157257080078,33.11794662475586,-10.950356483459473,6.548035621643066,2.3381528854370117,7.5239338874816895,-3.8476240634918213,3.705423355102539,-6.497220516204834,0.6963303685188293,-4.195131301879883,0.31924936175346375,0.3242487609386444,0.47424033284187317,0.3799808919429779,0.5738210678100586,0.3689069151878357,0.4103558361530304,0.5424067378044128,0.5052188038825989,0.5591128468513489,0.3850165009498596,0.38670220971107483,1.134154200553894,1.2332336902618408
Adhemar De Campos,Cover/Tributo,ytsearch1:Adhemar De Campos official audio,216.04,10,15.974,22050,117.45383522727273,0.25880759954452515,0.0526883527636528,0.08891686727834303,0.02327250934673294,2196.136655833047,368.4892989061026,2460.410388800939,255.69810213092208,5172.053172976472,847.6135847158744,0.018172409385442734,0.013862146064639091,-15.021291732788086,95.58538055419922,-4.8082990646362305,24.797502517700195,5.4843430519104,29.738670349121094,-10.715025901794434,13.056402206420898,4.662752151489258,8.111259460449219,-1.086682915687561,6.6551713943481445,6.395849227905273,0.4067115783691406,0.6178256869316101,0.5127727389335632,0.33806654810905457,0.38614824414253235,0.24185502529144287,0.27630913257598877,0.2739376127719879,0.5106371641159058,0.5989443063735962,0.3489452302455902,0.43471819162368774,1.078077793121338,0.8492610454559326
Boyce Avenue,Cover/Tributo,ytsearch1:Boyce Avenue official audio,2877.39,10,17.374,22050,143.5546875,0.2057955116033554,0.07458025962114334,0.051952733853471295,0.0434241179409191,1463.9269177495864,813.221701951767,2097.0579333128358,519.3682131586281,2837.73980541764,1835.7480768500427,0.005605035461485386,0.017374174669384956,-153.94444274902344,123.4716796875,25.65719223022461,31.586380004882812,19.841880798339844,7.449154376983643,3.978907346725464,-0.8166109323501587,0.796775758266449,0.6896002292633057,-1.5917733907699585,-9.600275993347168,-4.490353584289551,0.2177949696779251,0.34301477670669556,0.3195890188217163,0.2607489824295044,0.255092591047287,0.15850059688091278,0.15963788330554962,0.12826161086559296,0.33288097381591797,0.4621557891368866,0.2559036612510681,0.2666766047477722,1.2095136642456055,1.0852681398391724
The Rolling Stones Tribute Band,Cover/Tributo,ytsearch1:The Rolling Stones Tribute Band official audio,62.96,10,12.974,22050,99.38401442307692,0.227436825633049,0.04255867376923561,0.05717956870527728,0.018680000802841986,1682.978658711313,471.2946229423445,2214.9260527718193,478.7073720221135,3699.6084578348614,1393.7338748674558,0.008221969939768314,0.012049935758113861,-73.83272552490234,116.33216094970703,-4.1937031745910645,29.479087829589844,19.379405975341797,7.108031749725342,6.190534591674805,7.748836517333984,-2.5181429386138916,7.544656276702881,-5.720481872558594,-2.0540032386779785,-4.523820400238037,0.3712550699710846,0.2781636714935303,0.33854934573173523,0.27772077918052673,0.3751533031463623,0.4071476459503174,0.4260454773902893,0.7062627673149109,0.4505816698074341,0.29531747102737427,0.18554238975048065,0.235503688454628,1.294651746749878,1.4309569597244263
The Beatles Tribute Band,Cover/Tributo,ytsearch1:The Beatles Tribute Band official audio,108.94,10,18.874,22050,112.34714673913044,0.07455705106258392,0.035652097314596176,0.11910338829950799,0.10130599079923527,3167.2906727028376,1206.5715837007544,3030.022681335643,419.12633855780297,6998.092369839714,1685.4601254142597,0.03661159425973892,0.051293615251779556,-200.64694213867188,52.87884521484375,24.949146270751953,22.94819450378418,14.717103958129883,10.906490325927734,-3.573356866836548,8.09733772277832,-9.064350128173828,2.5799336433410645,-2.118441104888916,-1.8245292901992798,-6.813161849975586,0.3522941768169403,0.4077267050743103,0.26850056648254395,0.18650634586811066,0.2108163982629776,0.19808097183704376,0.25414538383483887,0.21885763108730316,0.2741730809211731,0.35276609659194946,0.3467256426811218,0.447561651468277,1.7273907661437988,2.1682419776916504
Tribo da Periferia,Cover/Tributo,ytsearch1:Tribo da Periferia official audio,168.5,10,18.474,22050,129.19921875,0.1928204745054245,0.11302709579467773,0.053153339941896985,0.05522778593138412,1642.1369895843216,1031.6029708116798,2101.874063960187,587.5959122053656,3219.22739306886,2150.675629711466,0.008675951510667801,0.018997669219970703,-163.56011962890625,109.62093353271484,0.5291464328765869,14.823159217834473,11.837949752807617,17.17683219909668,8.953222274780273,5.2696685791015625,4.638622283935547,3.925816297531128,4.809810638427734,12.123135566711426,3.144900321960449,0.4410817623138428,0.4407535791397095,0.5878250002861023,0.489347904920578,0.4752361476421356,0.45171087980270386,0.25934529304504395,0.1883251667022705,0.20981018245220184,0.3696739971637726,0.3207243084907532,0.34379562735557556,1.8135606050491333,2.033499002456665
Covers by David fils de Momone,Cover/Tributo,ytsearch1:Covers by David fils de Momone official audio,228.3,10,18.274,22050,161.4990234375,0.1816193163394928,0.07479645311832428,0.1619896313135324,0.07510171314213496,3185.0997090269398,977.9689124255129,2780.3261705305467,471.05744203178665,6711.2454832433295,1777.7851806702583,0.03833005949854851,0.036653537303209305,-64.4273681640625,56.47245407104492,3.6705634593963623,28.14180564880371,2.5483028888702393,12.813138008117676,3.876495599746704,0.12098319828510284,0.7310782670974731,7.756304740905762,-2.9108293056488037,1.3854438066482544,-7.098734378814697,0.2822997272014618,0.270184725522995,0.2901797890663147,0.2209806591272354,0.23798026144504547,0.4062002897262573,0.3736262917518616,0.5153443813323975,0.2982601523399353,0.17540816962718964,0.18310950696468353,0.23037366569042206,1.302128791809082,0.9219226241111755
Pink Floyd Tribute Band,Cover/Tributo,ytsearch1:Pink Floyd Tribute Band official audio,91.39,10,11.374,22050,86.1328125,0.1347799152135849,0.04906979948282242,0.09340919961734694,0.05331227104885321,2116.253196813391,705.164776432623,2318.330076846979,461.87972852731303,4470.93017578125,1481.4105734346115,0.024886341765522957,0.03972289711236954,-90.75439453125,103.93560028076172,-9.126338958740234,24.884347915649414,5.4457292556762695,12.064990997314453,-2.2314858436584473,7.279847145080566,3.5244619846343994,7.521283149719238,1.1472088098526,3.5189850330352783,-2.0972511768341064,0.29442983865737915,0.3220943808555603,0.666420578956604,0.4616580307483673,0.33077272772789,0.35389649868011475,0.4756525456905365,0.6141032576560974,0.4333529472351074,0.3789491057395935,0.2985009551048279,0.3722691833972931,1.339639663696289,1.4799975156784058
Shevchenko e Elloco,Cover/Tributo,ytsearch1:Shevchenko e Elloco official audio,32.22,10,12.174,22050,172.265625,0.24420282244682312,0.11094595491886139,0.10576729910714286,0.0702842719727206,2310.115685142708,891.3555020457911,2416.685804692701,412.30729476103784,4595.2060546875,1712.7215216667112,0.032023727893829346,0.05345453321933746,-60.89055633544922,89.32527160644531,-0.7463620901107788,29.026670455932617,4.601060390472412,-2.17865252494812,7.7520599365234375,15.615357398986816,-1.5057389736175537,5.312553882598877,-3.6035449504852295,2.7354753017425537,2.7506468296051025,0.5119354128837585,0.42773404717445374,0.4509434998035431,0.4576692581176758,0.4464443624019623,0.40235432982444763,0.29720649123191833,0.2933586835861206,0.3588483929634094,0.46927762031555176,0.42932620644569397,0.46731433272361755,1.9980427026748657,2.0970897674560547
The Covey Band,Cover/Tributo,ytsearch1:The Covey Band official audio,69.47,10,19.474,22050,103.359375,0.19599108397960663,0.04812996834516525,0.0671657339466627,0.03218742779636455,1703.1833232813499,505.69761229490285,2115.0503724706414,382.4534176805501,3606.169890448078,1249.5713969780732,0.009128035977482796,0.012991514056921005,-82.1322250366211,121.33142852783203,-4.160088062286377,30.453155517578125,2.2924015522003174,10.84803581237793,5.043929100036621,-1.2083141803741455,-1.6240062713623047,1.0841182470321655,-5.406811714172363,4.189749240875244,-6.099142551422119,0.3050650358200073,0.33081498742103577,0.3578920066356659,0.47185370326042175,0.3513842225074768,0.4468012750148773,0.31026381254196167,0.2327798306941986,0.2485910952091217,0.300189733505249,0.32465553283691406,0.25182589888572693,1.5017156600952148,1.4730210304260254
Músicas Legais,Cover/Tributo,ytsearch1:Músicas Legais official audio,63.64,10,13.574,22050,172.265625,0.27061113715171814,0.10284885764122009,0.08860677083333333,0.05290711428928174,2324.994826936308,837.6053649761541,2674.8012848143267,411.35007962378273,5293.634314903846,1729.9592399315625,0.026708168908953667,0.04226052388548851,-55.9334716796875,89.05525970458984,19.481616973876953,21.903146743774414,3.7113490104675293,14.725973129272461,-1.4320762157440186,5.243555545806885,1.898826241493225,-3.1909096240997314,-0.3040474057197571,-1.285529375076294,-3.3702335357666016,0.3167175054550171,0.31923532485961914,0.3218110501766205,0.4509522616863251,0.3781690299510956,0.3003150522708893,0.3140951693058014,0.3009404242038727,0.4329817295074463,0.33855149149894714,0.39259815216064453,0.5048328638076782,2.0779335498809814,2.9839372634887695
Tributo Ao Tempo,Cover/Tributo,ytsearch1:Tributo Ao Tempo official audio,76.08,10,16.074,22050,80.74951171875,0.05378899723291397,0.052292175590991974,0.07611128021284272,0.06362208693089498,1627.4167392351412,782.4201288519681,1882.4602606559222,491.5506673601174,3031.878107244318,1650.2536379754815,0.019176533445715904,0.04431659355759621,-302.3990173339844,122.68122100830078,-11.391631126403809,11.469913482666016,4.123709201812744,-12.36614990234375,-5.83853006362915,-9.047090530395508,-12.032951354980469,-3.096312999725342,-16.4405460357666,-6.774057388305664,-10.924825668334961,0.33733004331588745,0.38635051250457764,0.4763948917388916,0.4314132332801819,0.3278551995754242,0.3264164924621582,0.3788903057575226,0.4853023290634155,0.5213158130645752,0.4361738860607147,0.44887182116508484,0.3577515780925751,1.7924963235855103,2.3970048427581787
Banda Do Sul,Cover/Tributo,ytsearch1:Banda Do Sul official audio,8800.66,10,10.674,22050,107.666015625,0.168632373213768,0.021315639838576317,0.08425611413043478,0.04556215891352232,2523.834823274762,732.119956777297,2976.383567791641,346.75813794076447,6249.707933508832,1465.5958525631715,0.016213148832321167,0.01695621944963932,-99.8327407836914,78.62020874023438,29.477760314941406,23.04068946838379,17.91438865661621,16.083038330078125,11.566459655761719,6.254061222076416,3.4284446239471436,4.263909816741943,-13.30945110321045,3.690358877182007,-6.159367561340332,0.40153738856315613,0.2561159133911133,0.25635284185409546,0.42367932200431824,0.1920023113489151,0.2913578450679779,0.19125252962112427,0.3190017342567444,0.3951055705547333,0.2599678933620453,0.2944501042366028,0.2638676166534424,1.1475926637649536,1.1337954998016357
Chill Covers,Cover/Tributo,ytsearch1:Chill Covers official audio,63.76,10,13.774,22050,135.99917763157896,0.13322415947914124,0.044111285358667374,0.05398960306186869,0.03419074502512312,1694.1778470551942,674.22664209038,2315.3975326866002,499.68609193943894,3397.986579663826,1856.4419934943944,0.006910764146596193,0.019223663955926895,-183.8575897216797,114.19131469726562,8.44458293914795,-0.3452887237071991,5.843605041503906,6.281838893890381,5.845993518829346,0.4257950186729431,-3.1524410247802734,-6.41365909576416,2.9972825050354004,-3.4885215759277344,-12.642776489257812,0.2462470531463623,0.31968483328819275,0.21116232872009277,0.26780375838279724,0.2163683921098709,0.3258194923400879,0.4926627278327942,0.29793092608451843,0.2841769754886627,0.23413969576358795,0.29180213809013367,0.26604917645454407,1.4836257696151733,1.8462482690811157
Wilson Simoninha,Cover/Tributo,ytsearch1:Wilson Simoninha official audio,206.47,10,16.474,22050,107.666015625,0.23033016920089722,0.06367649883031845,0.0901429082306338,0.03688699354639813,2043.9234734906347,496.7191981741163,2261.7221970134315,320.68591264911885,4184.234980193662,1037.2240500737532,0.012810582295060158,0.017788980156183243,-54.18851089477539,98.4245376586914,-4.962343692779541,39.05940628051758,3.4789764881134033,2.463809013366699,2.0385231971740723,0.816060483455658,-13.036627769470215,9.438657760620117,-9.511493682861328,-0.8892268538475037,-4.357064723968506,0.3573944866657257,0.27083009481430054,0.4438844621181488,0.326924204826355,0.27266961336135864,0.3663630187511444,0.31337469816207886,0.4251074492931366,0.30884891748428345,0.41895297169685364,0.5532290935516357,0.30700838565826416,1.4181013107299805,1.3207361698150635
#1 Tribute Band,Cover/Tributo,ytsearch1:#1 Tribute Band official audio,1048.65,10,18.574,22050,99.38401442307692,0.0779692754149437,0.06709182262420654,0.0979144287109375,0.041967877608120596,1262.4713244595844,405.24077764833095,932.4771224108404,306.07230076629577,2161.3279724121094,705.1658073858754,0.000946810410823673,0.002276822691783309,-296.1031188964844,150.8002471923828,-56.38658142089844,-20.455204010009766,8.566566467285156,-34.9531364440918,-22.512556076049805,-8.453207969665527,-28.800983428955078,-11.774704933166504,2.0647666454315186,-16.702308654785156,-9.593910217285156,0.31890246272087097,0.37915557622909546,0.3783385455608368,0.3979049623012543,0.4197938144207001,0.4290185570716858,0.42640221118927,0.442484587430954,0.4361388683319092,0.3818383812904358,0.3335539996623993,0.31444892287254333,1.634374976158142,1.7122843265533447
Jão,Cover/Tributo,ytsearch1:Jão official audio,55.96,10,15.974,22050,112.34714673913044,0.18792185187339783,0.05620000883936882,0.08305678256722383,0.07830026192159617,2003.343649284107,1386.2391454098374,2169.3229141607385,832.3902809031296,3923.0491460755816,2634.593951825497,0.015863902866840363,0.03967757150530815,-156.3013916015625,108.92887115478516,15.521109580993652,18.497695922851562,12.854532241821289,6.744718551635742,-9.431463241577148,-8.195141792297363,-7.782886505126953,4.196321487426758,-9.910494804382324,2.3566648960113525,-3.591102123260498,0.43497759103775024,0.2944425344467163,0.150473490357399,0.31032538414001465,0.2422410398721695,0.2543661594390869,0.18158818781375885,0.20873545110225677,0.2633441984653473,0.18209415674209595,0.19588373601436615,0.22067783772945404,1.7796757221221924,2.22609543800354
Tributo a Cazuza,Cover/Tributo,ytsearch1:Tributo a Cazuza official audio,62.69,10,10.002,22050,143.5546875,0.07171767950057983,0.015342408791184425,0.07313342879930394,0.03044288611102605,1960.3357409941846,520.2947164041582,2341.754439593911,382.3136144088077,4490.272383900087,1356.1381723975003,0.014959546737372875,0.016277845948934555,-153.20120239257812,110.7647933959961,1.3121525049209595,28.755767822265625,0.028567640110850334,14.746761322021484,-9.122713088989258,11.662426948547363,-6.943070411682129,2.171048641204834,-2.874541759490967,5.77396821975708,-3.452561378479004,0.40654683113098145,0.3527079224586487,0.27750465273857117,0.34742993116378784,0.3618631362915039,0.2667374014854431,0.2754669487476349,0.28762170672416687,0.39973658323287964,0.4293537139892578,0.40595558285713196,0.5271961092948914,1.199341058731079,0.8631381392478943
Ultra Band,Cover/Tributo,ytsearch1:Ultra Band official audio,123.45,10,13.474,22050,117.45383522727273,0.27441248297691345,0.07384277880191803,0.12762629760111877,0.08864192629793995,2948.3674295982787,925.3970238334678,2935.9156539579644,255.0403194316567,6617.031014683735,1206.0776493677513,0.05612478777766228,0.06016434356570244,-8.166186332702637,70.31442260742188,17.007465362548828,23.02142906188965,11.081182479858398,10.96132755279541,1.0800292491912842,8.970734596252441,-2.2078163623809814,9.398172378540039,-1.4557886123657227,1.151640772819519,-1.5306414365768433,0.40116745233535767,0.3003203272819519,0.3764761686325073,0.2877884805202484,0.3567347228527069,0.3003956377506256,0.42987003922462463,0.5439698696136475,0.4268307089805603,0.48003363609313965,0.3773566782474518,0.49412664771080017,1.5408494472503662,1.6693148612976074
Vintage Culture,DJ,ytsearch1:Vintage Culture official audio,65.77,10,15.774,22050,123.046875,0.37334656715393066,0.17590196430683136,0.048049029181985295,0.059117205119518526,1891.121004611792,1283.7728111862527,2374.5516719941993,740.3947482388803,4083.566140567555,2862.133488082432,0.025085769593715668,0.06068728119134903,-106.14730834960938,101.34917449951172,29.426191329956055,30.33928871154785,12.449613571166992,12.488556861877441,3.4363174438476562,8.189431190490723,-0.2109859734773636,2.9914793968200684,0.1664387434720993,1.904823899269104,-2.5709011554718018,0.5716807842254639,0.46266236901283264,0.3789312541484833,0.361700177192688,0.39733895659446716,0.420852929353714,0.5270406603813171,0.44404950737953186,0.483357697725296,0.5791416168212891,0.5124997496604919,0.6187934875488281,2.1750376224517822,3.288801431655884
Alok,DJ,ytsearch1:Alok official audio,49.73,10,19.674,22050,129.19921875,0.3774811029434204,0.12160731852054596,0.11145883236291274,0.06806202553144843,2997.608890853549,875.5907264190067,2955.6761952038614,440.2320441436281,6712.303161621094,1713.1924442469908,0.054939765483140945,0.050855569541454315,17.670940399169922,66.64285278320312,-0.18706382811069489,8.66239070892334,6.021025657653809,9.929566383361816,4.533371925354004,10.20201587677002,2.6157147884368896,10.310157775878906,0.12233482301235199,8.137655258178711,2.7018487453460693,0.518136203289032,0.40344035625457764,0.42316606640815735,0.393959105014801,0.6249733567237854,0.45890286564826965,0.3736608624458313,0.46264371275901794,0.534112811088562,0.6438490748405457,0.45874497294425964,0.5216138958930969,1.5097143650054932,1.5622531175613403
David Guetta,DJ,ytsearch1:David Guetta official audio,45.08,10,15.074,22050,129.19921875,0.185774564743042,0.05023358389735222,0.12477163461538461,0.06083456165942991,2915.1566485929,550.8810749420904,2748.130783446393,304.88712407141344,6254.285719651442,1093.3425548689934,0.06060309708118439,0.051834579557180405,-30.050065994262695,65.95223999023438,-11.850690841674805,12.539031982421875,1.1669232845306396,5.625246524810791,1.7232340574264526,9.692730903625488,-8.015471458435059,3.939110517501831,2.9984729290008545,4.669818878173828,0.7860335111618042,0.4326993525028229,0.3609466254711151,0.44963425397872925,0.5352697372436523,0.4686816930770874,0.5077720284461975,0.43436330556869507,0.42118534445762634,0.41767236590385437,0.456907719373703,0.5672140717506409,0.49164047837257385,1.4634697437286377,1.2707619667053223
Calvin Harris,DJ,ytsearch1:Calvin Harris official audio,132.54,10,12.474,22050,129.19921875,0.3315732181072235,0.04389413818717003,0.13286060205622677,0.03500277106382676,3152.361664752245,361.47155260041563,2900.0727664260057,171.10091302099863,6789.563033660548,680.2079622007171,0.07769253849983215,0.03341738134622574,52.10673904418945,62.09499740600586,-2.1125640869140625,17.039196014404297,2.1437106132507324,13.016438484191895,0.6168602108955383,7.6955246925354,0.7915105223655701,6.188692569732666,-1.5841069221496582,3.3221445083618164,-2.8528804779052734,0.3777654469013214,0.38115474581718445,0.49711522459983826,0.32845425605773926,0.38714200258255005,0.2957598567008972,0.46687957644462585,0.5682659149169922,0.4013111889362335,0.4514469504356384,0.3682383894920349,0.4670395255088806,1.0871855020523071,0.8886932134628296
Andy Lyon,DJ,ytsearch1:Andy Lyon official audio,630.45,10,10.374,22050,123.046875,0.38917234539985657,0.08657798171043396,0.15704523210290827,0.04995190717005868,2522.9864412624497,342.20943415997345,2128.9067443014906,184.456389993733,4733.426784028943,580.8982656668562,0.02430431731045246,0.013213474303483963,41.79560089111328,85.16234588623047,-25.92955207824707,58.89087677001953,-16.522113800048828,5.297238826751709,-6.965662956237793,13.291423797607422,-11.192184448242188,-0.36035341024398804,-2.893793821334839,0.12414819002151489,-9.29456615447998,0.3228856325149536,0.42803797125816345,0.5189096331596375,0.5602805614471436,0.6352473497390747,0.38494163751602173,0.32997700572013855,0.33928653597831726,0.3745444416999817,0.4102291762828827,0.33765682578086853,0.38079431653022766,1.1372853517532349,0.6545330286026001
Gente De Zona,DJ,ytsearch1:Gente De Zona official audio,31.16,10,11.174,22050,95.703125,0.32525888085365295,0.05593131482601166,0.12967311495072614,0.03579831977524252,2955.9811757610514,483.2344428671439,2897.4891495826664,248.6987318190057,6657.825162895488,905.86139444586,0.06336301565170288,0.03829548880457878,39.394813537597656,71.97470092773438,1.6884454488754272,13.618978500366211,10.675939559936523,7.841038703918457,-11.533628463745117,1.8802313804626465,-1.6461650133132935,5.411863327026367,1.2923258543014526,6.060216426849365,-0.7674921154975891,0.480439692735672,0.3445274531841278,0.3927583694458008,0.3681866228580475,0.6194427013397217,0.464621365070343,0.3876395523548126,0.3909875452518463,0.41154077649116516,0.4226311445236206,0.2714895009994507,0.40790435671806335,1.4819755554199219,1.4533195495605469
Gorillaz,DJ,ytsearch1:Gorillaz official audio,149.27,10,19.274,22050,117.45383522727273,0.1900627166032791,0.07662717998027802,0.15201176575661854,0.08972283552626538,3425.6304605865466,1001.6465182672794,2921.997317588412,326.61042714001195,6908.11586896435,1432.8776931780455,0.08737383037805557,0.08384347707033157,-49.942543029785156,43.36180877685547,3.81331467628479,23.067428588867188,4.7061591148376465,10.486896514892578,2.573674440383911,6.698060989379883,-2.628711223602295,3.663034200668335,-2.122997760772705,0.9836853742599487,-4.421738147735596,0.41599005460739136,0.4644779860973358,0.6335407495498657,0.5036187171936035,0.4675884246826172,0.49704864621162415,0.4488103687763214,0.5543303489685059,0.5047412514686584,0.548369288444519,0.49733296036720276,0.4691876769065857,1.7438265085220337,2.1403629779815674
Stereonova,DJ,ytsearch1:Stereonova official audio,77.76,10,17.774,22050,92.28515625,0.08085528016090393,0.02626435086131096,0.04048399763381201,0.013747973817349985,858.7895460935108,204.7260038518708,1203.0702196022476,264.7530266118732,1439.7869857110802,450.83449053999726,0.00023721378238406032,0.0005121616995893419,-261.7283630371094,174.435546875,-8.695611953735352,14.84385871887207,1.8533954620361328,3.2628371715545654,-6.673501968383789,-5.247331619262695,-5.404122829437256,-7.354093074798584,-17.368541717529297,-4.630894660949707,-17.314069747924805,0.2080572098493576,0.20674937963485718,0.5956639647483826,0.3322892189025879,0.08372220396995544,0.19101367890834808,0.1982862502336502,0.37919262051582336,0.19456113874912262,0.3481944799423218,0.41790342330932617,0.19745784997940063,0.9682899117469788,0.976901113986969
Gene Deer,DJ,ytsearch1:Gene Deer official audio,121.15,10,11.074,22050,117.45383522727273,0.16939222812652588,0.04094040393829346,0.03420323145964361,0.0228389538053686,1183.359140408836,602.7778193697482,1776.2207396090078,524.6514119119458,2406.956165241745,1624.0477289133694,0.0024722679518163204,0.006030784919857979,-181.01889038085938,140.7869110107422,13.109880447387695,38.974456787109375,1.708406686782837,19.541851043701172,3.64359450340271,9.972991943359375,3.6603245735168457,2.57499623298645,4.267097473144531,0.7337126731872559,7.458409309387207,0.3979124128818512,0.5658389329910278,0.5630286931991577,0.6128250956535339,0.3716348707675934,0.27749741077423096,0.1307486593723297,0.11993218213319778,0.22095610201358795,0.24345070123672485,0.36205703020095825,0.32113656401634216,1.270933747291565,1.4128367900848389
PinkPantheress,DJ,ytsearch1:PinkPantheress official audio,132.96,10,12.974,22050,143.5546875,0.37323126196861267,0.10278906673192978,0.09367400631708409,0.05315286932274918,2646.7448182030603,887.1926563801217,2926.0305420545246,396.208342421331,6106.5891327286445,1734.893387258768,0.03584234416484833,0.046365395188331604,3.478830099105835,85.23773956298828,23.463354110717773,11.23591136932373,1.3065638542175293,7.3692731857299805,0.38809826970100403,-3.2381343841552734,5.530939102172852,7.67124605178833,-7.270776271820068,3.3314096927642822,-0.7957373857498169,0.43962016701698303,0.3553597331047058,0.4740346074104309,0.6041773557662964,0.4123138189315796,0.4868246912956238,0.3863973021507263,0.4647930860519409,0.39821264147758484,0.41394540667533875,0.5307291150093079,0.39547672867774963,1.5329344272613525,1.4447364807128906
Charlotte de Witte,DJ,ytsearch1:Charlotte de Witte official audio,2833.68,10,13.674,22050,107.666015625,0.17100413143634796,0.045027777552604675,0.0854459027483022,0.03153567073110738,2575.3809913101413,530.002689387832,2794.8647379411373,368.56529787233774,5974.878924488009,1446.674268339923,0.04213539510965347,0.029523583129048347,-42.69573211669922,86.77944946289062,-1.5608900785446167,8.683300018310547,5.1180949211120605,11.524023056030273,4.9581522941589355,9.762979507446289,2.3369252681732178,4.954468727111816,-2.083010196685791,2.6631903648376465,-2.6742522716522217,0.6369936466217041,0.4828108847141266,0.47244149446487427,0.5104027390480042,0.4786154627799988,0.7218629717826843,0.5622128844261169,0.44389837980270386,0.44217997789382935,0.5352816581726074,0.4823126494884491,0.4684147834777832,1.1841025352478027,0.8960846066474915
Djavan,DJ,ytsearch1:Djavan official audio,91.42,10,11.374,22050,86.1328125,0.2204941362142563,0.07558513432741165,0.13634506536989796,0.05247367381495558,2606.1799818422046,701.9684382004284,2481.1971223525484,396.22139420383314,5328.30322265625,1402.5880862370846,0.034462522715330124,0.04366018995642662,-22.941802978515625,82.6082763671875,-16.265193939208984,16.487096786499023,-2.091670274734497,4.0545501708984375,-2.5670325756073,6.273638725280762,-4.668780326843262,2.695955753326416,0.5377441048622131,-2.4929511547088623,-0.5826389789581299,0.27071571350097656,0.32975122332572937,0.2110859751701355,0.46305766701698303,0.42857375741004944,0.2710559070110321,0.25466832518577576,0.2024758756160736,0.3912951946258545,0.23369978368282318,0.26485562324523926,0.4841294288635254,1.326229214668274,1.0549566745758057
EDM87,DJ,ytsearch1:EDM87 official audio,59.5,10,19.474,22050,143.5546875,0.23334769904613495,0.0468490868806839,0.07353143157777116,0.019142507666124943,2101.3781433297786,363.6321336636211,2598.8860030728974,260.2103394891779,4742.424918755587,948.2545711838933,0.014060841873288155,0.009399544447660446,-49.529144287109375,97.83132934570312,9.130738258361816,25.80507469177246,6.606419563293457,7.210630416870117,13.884507179260254,6.14732551574707,6.185554027557373,3.4369797706604004,-4.63021183013916,7.5063796043396,0.9517028331756592,0.4233330190181732,0.3089151382446289,0.47123679518699646,0.2900635004043579,0.2834969758987427,0.3840181827545166,0.23951342701911926,0.22473472356796265,0.21488283574581146,0.368307888507843,0.49709680676460266,0.31638380885124207,1.078322410583496,0.7069101333618164
Sabrina Carpenter,DJ,ytsearch1:Sabrina Carpenter official audio,59.71,10,19.674,22050,103.359375,0.3078891932964325,0.09420899301767349,0.11133215562352594,0.05543122610672963,3060.07871478013,745.2849316250786,3151.29774183558,345.55253883205364,7080.881514639224,1505.7849481224653,0.042917490005493164,0.04415934532880783,-14.02645206451416,64.87329864501953,16.434999465942383,20.983440399169922,11.297298431396484,2.3386924266815186,2.603649616241455,-4.188872814178467,4.55894660949707,-1.4095990657806396,-3.362760543823242,0.22190749645233154,-0.6596090197563171,0.4368685185909271,0.42672857642173767,0.560582160949707,0.4318724274635315,0.4288415014743805,0.2709152400493622,0.23601126670837402,0.32612738013267517,0.2910784184932709,0.3715474605560303,0.32574135065078735,0.39662307500839233,1.5612882375717163,1.5996605157852173
Avicii,DJ,ytsearch1:Avicii official audio,151.35,10,11.374,22050,123.046875,0.295138418674469,0.06457854807376862,0.11120057397959184,0.06688859044895754,2530.608399775619,800.738397805821,2688.1364340234036,338.1252003396366,5631.96533203125,1459.312114792231,0.030166007578372955,0.03549329563975334,-16.088443756103516,82.06367492675781,3.2991549968719482,31.933378219604492,17.163257598876953,11.244999885559082,2.46535062789917,16.6765193939209,-1.8320300579071045,14.994519233703613,6.407013416290283,-0.027679910883307457,8.089770317077637,0.35455089807510376,0.4829612672328949,0.5335404276847839,0.37460246682167053,0.3730953335762024,0.3673413395881653,0.5359238982200623,0.49956265091896057,0.49946868419647217,0.5974869132041931,0.38515937328338623,0.3904494643211365,1.4499988555908203,1.2132518291473389
Gene Dunlap,DJ,ytsearch1:Gene Dunlap official audio,47.43,10,17.374,22050,123.046875,0.10980864614248276,0.03453604131937027,0.11144807660213618,0.08121746015046384,2359.803192793586,937.6198493248077,2386.429925738389,453.2496892568757,4670.405136536215,1743.6265252765563,0.030305182561278343,0.05027296394109726,-122.73416900634766,90.55903625488281,-8.873793601989746,26.348342895507812,1.8381977081298828,1.4074077606201172,6.683953762054443,5.711817741394043,-4.275820732116699,0.6178188323974609,-7.720919609069824,2.7347452640533447,-3.508800745010376,0.3327847719192505,0.3533704876899719,0.3199895918369293,0.3308781087398529,0.4601503610610962,0.3096766471862793,0.450257271528244,0.36892011761665344,0.25052282214164734,0.1928291618824005,0.25833630561828613,0.4455401301383972,1.5565011501312256,1.708251953125
DJ Japa NK,DJ,ytsearch1:DJ Japa NK official audio,101.26,10,11.274,22050,129.19921875,0.27193862199783325,0.13423217833042145,0.08195991673096707,0.07519926145531208,2569.947365833175,1140.8278155851215,2856.6536067903066,562.3703339396865,5939.841037326389,2364.43528105216,0.02334708906710148,0.04888990521430969,-96.86203002929688,80.2026138305664,20.904848098754883,3.536004066467285,1.8705601692199707,-3.357243537902832,-1.736196517944336,-2.096132278442383,-11.383058547973633,5.277539253234863,-0.9982761144638062,5.469012260437012,0.9987657070159912,0.3036158084869385,0.3272157609462738,0.30227798223495483,0.4994164705276489,0.38439756631851196,0.31552860140800476,0.38336265087127686,0.3853326141834259,0.5883148312568665,0.3597993552684784,0.2671300768852234,0.27368736267089844,1.9151439666748047,2.259812355041504
Edimilson Batista,DJ,ytsearch1:Edimilson Batista official audio,103.91,10,13.874,22050,95.703125,0.3065643906593323,0.05631646886467934,0.15015220004180602,0.08142820653168427,3194.292246268623,843.2465291272342,3071.4115940033494,337.20039738709426,7099.745530348558,1486.8635808965541,0.04506397619843483,0.045584987848997116,0.1449703425168991,60.50716018676758,23.406492233276367,27.12980079650879,5.127218723297119,6.242443561553955,1.066725254058838,1.0839225053787231,0.73835688829422,-3.3171775341033936,-1.5474077463150024,-1.9784135818481445,-4.997253894805908,0.3353152275085449,0.3119359314441681,0.3438149094581604,0.24483032524585724,0.28967908024787903,0.25401434302330017,0.3964025676250458,0.3351704180240631,0.3367334008216858,0.5109397172927856,0.30174025893211365,0.3365538716316223,1.7244889736175537,2.0272321701049805
Housefires,DJ,ytsearch1:Housefires official audio,378.66,10,18.674,22050,103.359375,0.1651817411184311,0.042659904807806015,0.0869917022515528,0.05607074332918698,1903.9847994317688,876.3738295281696,2209.8419191234034,437.1707600706704,3851.393936820652,1725.6711617751994,0.015228492207825184,0.02590634673833847,-95.08932495117188,117.17254638671875,10.082418441772461,17.842124938964844,-3.159534215927124,16.064865112304688,-6.977263450622559,0.65260910987854,-9.365386009216309,2.391629457473755,-1.972736120223999,-8.955698013305664,-9.431686401367188,0.277818888425827,0.18105238676071167,0.20000934600830078,0.27755504846572876,0.4732478857040405,0.2703258991241455,0.37089675664901733,0.2816260755062103,0.4261718690395355,0.37439480423927307,0.32507795095443726,0.5902853012084961,1.1225675344467163,0.6962341070175171
Technotronic,DJ,ytsearch1:Technotronic official audio,241.98,10,11.974,22050,123.046875,0.15368685126304626,0.046653006225824356,0.1434742535731589,0.06898829043552966,3609.244357843304,795.2912290942355,3293.2769325900854,319.4707171176969,7722.553625772166,1166.1742110767411,0.0741114616394043,0.06160525605082512,-68.84942626953125,52.634918212890625,33.62058639526367,18.539169311523438,11.490386009216309,11.118494033813477,5.327433109283447,15.423545837402344,2.8506805896759033,11.688570976257324,-0.9169142842292786,7.3790082931518555,3.0494813919067383,0.6035240888595581,0.5365036129951477,0.48769745230674744,0.45043253898620605,0.4405386745929718,0.4283275306224823,0.5158484578132629,0.5672173500061035,0.6565977334976196,0.6974735856056213,0.6363409161567688,0.6019861698150635,1.9578856229782104,2.0668675899505615
Alok,Eletrônica,ytsearch1:Alok official audio,43.85,10,13.774,22050,129.19921875,0.39031413197517395,0.11980874091386795,0.10093200889099327,0.06389412521687413,2859.229235061261,869.8904811527732,2903.716363800659,481.0375635312574,6446.983013731061,1825.2854271198544,0.049294862896203995,0.04931551218032837,15.207971572875977,71.2014389038086,-0.522983729839325,12.033121109008789,8.780669212341309,12.610926628112793,7.002163410186768,13.185368537902832,4.9446306228637695,11.882213592529297,1.2604799270629883,9.195598602294922,4.130296230316162,0.5613190531730652,0.44615429639816284,0.45305609703063965,0.4014993906021118,0.6113282442092896,0.48544949293136597,0.4119178354740143,0.4944010078907013,0.579823911190033,0.6896604299545288,0.521725058555603,0.5649901628494263,1.5316729545593262,1.6235607862472534
David Guetta,Eletrônica,ytsearch1:David Guetta official audio,89.3,10,19.274,22050,123.046875,0.14338147640228271,0.04479631036520004,0.11741019385529483,0.07183649564633302,3086.2596800900233,827.4767118036315,3061.334090747981,360.7108295301108,6897.517697991877,1739.688781698193,0.05439034104347229,0.0607672855257988,-86.90135955810547,66.12281036376953,1.8024675846099854,11.415315628051758,8.54603385925293,4.837648391723633,11.336655616760254,0.052620384842157364,8.220396041870117,5.469602108001709,-0.8976404666900635,1.9956324100494385,-0.7418318390846252,0.46900537610054016,0.3354315161705017,0.45805424451828003,0.4214836061000824,0.29079097509384155,0.3233637511730194,0.34508782625198364,0.5168784260749817,0.44369393587112427,0.49784594774246216,0.5333067774772644,0.396249920129776,1.5031238794326782,1.1810901165008545
Calvin Harris,Eletrônica,ytsearch1:Calvin Harris official audio,125.39,10,15.374,22050,129.19921875,0.3154696226119995,0.05625741183757782,0.1386704020550528,0.03675082187584496,3155.0179864513857,308.9471972101634,2903.9590918079853,120.45206870713524,6810.533176611991,506.9240708214834,0.0813661441206932,0.03433351218700409,48.557437896728516,61.85914993286133,-2.3202385902404785,15.584744453430176,0.43091538548469543,12.131327629089355,-0.6416318416595459,5.787907600402832,-1.0177760124206543,5.315581321716309,-2.938316583633423,1.3968143463134766,-4.951927661895752,0.3814097046852112,0.35262706875801086,0.4561607539653778,0.32145610451698303,0.39781051874160767,0.3182985484600067,0.48548418283462524,0.5962845683097839,0.4092027544975281,0.4533912241458893,0.36944589018821716,0.46838024258613586,1.1064754724502563,1.0076439380645752
Avicii,Eletrônica,ytsearch1:Avicii official audio,69.06,10,19.074,22050,123.046875,0.05610530823469162,0.023536890745162964,0.12282352493917274,0.058987664443986516,2525.736952506873,793.0420624420408,2498.4900910841006,487.6631795632726,5431.121781620666,1568.9759167022087,0.03606664761900902,0.04172758758068085,-164.19406127929688,89.21344757080078,-16.218402862548828,19.05035972595215,1.8347669839859009,15.783721923828125,0.3283832371234894,4.01263427734375,-2.6359403133392334,2.935941696166992,3.8492162227630615,0.6043410897254944,2.0093631744384766,0.30677494406700134,0.3155294954776764,0.5449567437171936,0.36705562472343445,0.26225942373275757,0.2689336836338043,0.5988238453865051,0.4429105222225189,0.3124324083328247,0.45769086480140686,0.3451397120952606,0.38413411378860474,1.235496997833252,0.821860671043396
Alan Walker,Eletrônica,ytsearch1:Alan Walker official audio,91.89,10,11.874,22050,89.10290948275862,0.27859634160995483,0.0638304278254509,0.11278152465820312,0.0543132635413727,2762.8812732721535,734.7255853208327,2796.7504445175628,421.91593975102836,6038.6335372924805,1696.041926937398,0.03728505223989487,0.040497492998838425,-8.495575904846191,76.64786529541016,-1.56657075881958,15.301238059997559,1.5802011489868164,3.8222296237945557,11.629659652709961,6.926169395446777,5.758103847503662,2.6458940505981445,-2.8198604583740234,5.178802490234375,4.773338317871094,0.2748516798019409,0.4871722459793091,0.21792998909950256,0.2185603380203247,0.17139436304569244,0.33048510551452637,0.4440188407897949,0.2291325330734253,0.257881224155426,0.22628532350063324,0.3864378333091736,0.32600200176239014,1.174810528755188,0.8677968978881836
KVSH,Eletrônica,ytsearch1:KVSH official audio,2064.61,10,14.574,22050,123.046875,0.0814729779958725,0.03774483501911163,0.17774215017914013,0.08956181199979898,3309.588358956875,1119.2687430918943,2849.431794520904,398.70204467816455,6687.756853042894,1781.8976477516537,0.10709799081087112,0.10079803317785263,-117.47576904296875,62.99565887451172,11.349799156188965,2.15307879447937,-21.720130920410156,-5.026515007019043,-12.974691390991211,-6.747586727142334,-10.372194290161133,1.3341293334960938,-9.977563858032227,-4.203144073486328,-8.684856414794922,0.5354825854301453,0.3629782497882843,0.44896483421325684,0.31502529978752136,0.3912235498428345,0.36935150623321533,0.4542074501514435,0.46921107172966003,0.3842058479785919,0.5711240172386169,0.3042236268520355,0.36402955651283264,1.8769515752792358,2.6587154865264893
Andy Lyon,Eletrônica,ytsearch1:Andy Lyon official audio,160.17,10,10.174,22050,143.5546875,0.3588634729385376,0.08708016574382782,0.09883190667710706,0.03351434191900511,2079.0036457919587,326.74518666426354,2163.626742029107,189.22151507110422,4603.985220316059,766.5681750995541,0.010107341222465038,0.0072237905114889145,-1.4611068964004517,105.2423324584961,-15.150108337402344,57.22224807739258,-4.772815227508545,25.250585556030273,-18.055858612060547,15.160188674926758,-9.622032165527344,-0.07328599691390991,-0.19976741075515747,-0.4061378836631775,-10.694244384765625,0.3356937766075134,0.4793909788131714,0.6241855621337891,0.40017610788345337,0.4134066104888916,0.4296317398548126,0.5434686541557312,0.3915461003780365,0.26255378127098083,0.3207685947418213,0.23375974595546722,0.2933284044265747,1.1679295301437378,0.6923345327377319
Gorillaz,Eletrônica,ytsearch1:Gorillaz official audio,137.95,10,17.874,22050,117.45383522727273,0.18964886665344238,0.07456289976835251,0.15198483157467532,0.08968926812340305,3423.198330104287,997.5238714219737,2917.9533032018376,313.24249459259175,6913.514515269886,1378.5398701279644,0.08608453720808029,0.08261378109455109,-51.66547393798828,42.333221435546875,4.954967021942139,24.7627010345459,4.670999526977539,10.565757751464844,2.1172702312469482,6.537374496459961,-2.293937921524048,3.914846897125244,-2.3368537425994873,2.1308140754699707,-3.610077381134033,0.4333169460296631,0.4665968716144562,0.6283721327781677,0.5083611011505127,0.4802992343902588,0.5193078517913818,0.4451148808002472,0.5280292630195618,0.4855770766735077,0.5189934968948364,0.48110753297805786,0.47238072752952576,1.7682623863220215,2.208404779434204
Pornrabbit,Eletrônica,ytsearch1:Pornrabbit official audio,219.14,10,19.074,22050,107.666015625,0.051521509885787964,0.012001325376331806,0.08604679896593674,0.0374515096674887,1773.8748323330158,502.38880004917246,1876.2961519566202,464.2346041097416,3750.3007206603556,1128.9547155062871,0.004193388391286135,0.0063463361002504826,-228.65963745117188,124.53893280029297,-35.20063018798828,69.88046264648438,-0.6005504131317139,8.9334135055542,8.922281265258789,-6.220894813537598,1.817845344543457,-0.897872805595398,-3.068857192993164,0.11565085500478745,-11.634882926940918,0.2785060405731201,0.3728613257408142,0.35509005188941956,0.3266982138156891,0.1529892235994339,0.210536926984787,0.29193559288978577,0.2586952745914459,0.45949557423591614,0.3233742117881775,0.3919958770275116,0.4540695548057556,1.2587330341339111,1.214847207069397
Stereonova,Eletrônica,ytsearch1:Stereonova official audio,52.9,10,12.874,22050,172.265625,0.08591127395629883,0.019527466967701912,0.04157076998873874,0.024830880148409114,1017.9242951576153,610.1318468941794,1348.4259906583384,501.8777291842703,1911.857448268581,1368.592582427367,0.003156134160235524,0.012847717851400375,-232.27728271484375,169.42247009277344,-14.137922286987305,23.27692413330078,-1.387671947479248,5.347448825836182,-1.9555848836898804,-6.284682750701904,-0.9798682928085327,-5.338873386383057,-21.075000762939453,-6.449332237243652,-15.449982643127441,0.2881372272968292,0.23457752168178558,0.46721795201301575,0.1820375919342041,0.07104875892400742,0.19869674742221832,0.27958962321281433,0.622606098651886,0.3394058644771576,0.3819369375705719,0.3575535714626312,0.19663092494010925,0.9325225949287415,0.895849347114563
PinkPantheress,Eletrônica,ytsearch1:PinkPantheress official audio,104.2,10,14.174,22050,143.5546875,0.2971133589744568,0.09367720782756805,0.08478272683101473,0.04579948099447007,2643.436115857469,931.8985556384986,2966.3025944078995,483.41093501548266,6211.254203534166,1910.8121640173604,0.03274418041110039,0.03833726793527603,-30.774709701538086,84.48700714111328,30.110820770263672,19.302295684814453,8.486356735229492,8.60529899597168,4.5568156242370605,2.0607571601867676,7.0121612548828125,8.289647102355957,-3.350712299346924,1.746631145477295,-1.0947378873825073,0.5662716031074524,0.451280415058136,0.4923017919063568,0.5520101189613342,0.4289996325969696,0.4712211787700653,0.4000764489173889,0.4897144138813019,0.4660841226577759,0.4667581021785736,0.5835153460502625,0.5024112462997437,1.9355193376541138,2.185711145401001
Charlotte de Witte,Eletrônica,ytsearch1:Charlotte de Witte official audio,2621.6,10,11.574,22050,143.5546875,0.1799483299255371,0.028476187959313393,0.11129387681613226,0.058359499343118244,3226.681192461919,657.8921243019008,3203.0868589717693,191.98374848688792,7385.17665213239,753.2749944960751,0.06606926769018173,0.055209822952747345,-43.767669677734375,65.88694763183594,27.82744598388672,13.364615440368652,5.273828983306885,18.388099670410156,2.7649500370025635,10.165971755981445,0.21175190806388855,9.06779956817627,3.491741180419922,9.023818969726562,2.1333885192871094,0.5469621419906616,0.5393288731575012,0.6112821102142334,0.6140362024307251,0.5146040320396423,0.5241444110870361,0.5809819102287292,0.7847682237625122,0.739564836025238,0.6675159335136414,0.5969197154045105,0.6452442407608032,1.56118905544281,1.708583116531372
EDM87,Eletrônica,ytsearch1:EDM87 official audio,39.4,10,19.374,22050,73.828125,0.1565588265657425,0.07000687718391418,0.06609690774700598,0.03468713256340814,2106.967118990257,804.6033545818018,2755.951136618224,621.2735029110719,5212.389040278817,2407.5132015389813,0.012417844496667385,0.01762673258781433,-126.40886688232422,112.4602279663086,29.607032775878906,16.62519645690918,11.376471519470215,-2.3129701614379883,14.22298812866211,-4.771701812744141,6.912281513214111,6.3379597663879395,-5.6052165031433105,6.760212421417236,-3.5401742458343506,0.37807172536849976,0.31838488578796387,0.5424210429191589,0.37211209535598755,0.2441154420375824,0.3973422348499298,0.2831111550331116,0.3208419680595398,0.25712865591049194,0.3692303001880646,0.44298991560935974,0.2848536968231201,1.0449273586273193,0.6938637495040894
Sabrina Carpenter,Eletrônica,ytsearch1:Sabrina Carpenter official audio,80.16,10,10.174,22050,103.359375,0.2781147062778473,0.12183374911546707,0.12267760535307518,0.08783940579779319,3161.535418107085,884.9121753451874,3092.909082243322,342.85419994059566,6958.339320988753,1516.5295533664653,0.05302199721336365,0.05813591554760933,-31.00515365600586,59.60091018676758,13.519906997680664,19.27256965637207,5.559209823608398,-5.050424098968506,0.6393855214118958,-0.7459232211112976,-3.5148422718048096,-3.048630475997925,-4.409946918487549,-1.4165621995925903,-3.682746648788452,0.41471806168556213,0.3732741177082062,0.3780689239501953,0.35247108340263367,0.43372124433517456,0.2922050952911377,0.2845262289047241,0.36621636152267456,0.35343122482299805,0.4055405855178833,0.33870264887809753,0.4324750006198883,1.608170986175537,1.9273335933685303
Edimilson Batista,Eletrônica,ytsearch1:Edimilson Batista official audio,98.29,10,18.274,22050,95.703125,0.3032432794570923,0.05660505220293999,0.15164576219027953,0.06953763641734761,3143.3902527331793,855.664312805375,3058.227780593518,372.90848512079265,7008.127339034704,1629.5866476045878,0.04592476785182953,0.043637726455926895,4.222048282623291,65.510009765625,22.287578582763672,24.496326446533203,5.9474592208862305,6.4261474609375,0.8694666028022766,-0.27050501108169556,2.2545313835144043,-1.3376604318618774,-1.7724488973617554,-2.618103504180908,-6.5157341957092285,0.3501882255077362,0.3149239122867584,0.3974633514881134,0.31540393829345703,0.33918020129203796,0.2841547131538391,0.4272625744342804,0.4328748285770416,0.3662109076976776,0.4536660313606262,0.3233516812324524,0.4351494610309601,1.6911526918411255,1.8332688808441162
Housefires,Eletrônica,ytsearch1:Housefires official audio,459.23,10,19.174,22050,99.38401442307692,0.3243257701396942,0.04169132933020592,0.09638234431749394,0.025407857086362357,2239.7427717460455,452.7384635010014,2440.573753950932,350.1844991882935,4854.003699351165,1171.4344121670042,0.02763170376420021,0.02035621926188469,23.34396743774414,99.29083251953125,-5.391231536865234,23.029510498046875,0.2024383544921875,13.041561126708984,-1.1576476097106934,4.158938884735107,-5.542969226837158,9.967750549316406,1.3320105075836182,-1.9213143587112427,-3.9122066497802734,0.38111811876296997,0.41076526045799255,0.3943808376789093,0.43971285223960876,0.597807765007019,0.3316645920276642,0.39844563603401184,0.35494622588157654,0.5746784210205078,0.5735979676246643,0.33825618028640747,0.5620585680007935,1.0637428760528564,0.5009074211120605
Technotronic,Eletrônica,ytsearch1:Technotronic official audio,259.76,10,19.774,22050,123.046875,0.15356802940368652,0.04450209438800812,0.13948911568368544,0.06681163825904271,3540.1473376354897,807.1459579609608,3310.8761784848602,292.29654091689457,7727.930461185079,1160.2672685537593,0.0678863450884819,0.056655872613191605,-71.97705078125,55.266990661621094,35.681941986083984,19.171213150024414,13.798903465270996,10.128058433532715,3.5733225345611572,14.308808326721191,0.6695640683174133,12.390361785888672,0.3350224494934082,6.43720006942749,4.1516828536987305,0.5450783371925354,0.515483558177948,0.47519809007644653,0.5479381680488586,0.5234712362289429,0.3941112458705902,0.47414278984069824,0.5349673628807068,0.6286303997039795,0.6588727235794067,0.6338207721710205,0.5898227095603943,1.9146424531936646,2.191438674926758
Edmundo & Edmilson,Eletrônica,ytsearch1:Edmundo & Edmilson official audio,127.8,10,17.774,22050,135.99917763157896,0.22277019917964935,0.08599696308374405,0.10119023335509138,0.07847660863205992,2409.53562491908,1127.6469480501744,2623.597610106768,642.7046007845692,5147.644329818048,2283.5623372225764,0.018326900899410248,0.02684924751520157,-86.19892120361328,91.60601043701172,19.92241096496582,30.572620391845703,8.735407829284668,-0.68895423412323,5.061281204223633,5.393337726593018,-5.03167724609375,-3.301647901535034,-5.977216720581055,-4.814639091491699,4.4805731773376465,0.24753034114837646,0.31860408186912537,0.3598777949810028,0.23557713627815247,0.29116716980934143,0.30123111605644226,0.2309374362230301,0.28557288646698,0.30414849519729614,0.4560568332672119,0.46172386407852173,0.288241446018219,1.6394875049591064,1.8272606134414673
Jota.pê,Folk,ytsearch1:Jota.pê official audio,106.53,10,16.474,22050,117.45383522727273,0.23951219022274017,0.06853634119033813,0.09855097381161972,0.05262369848046659,2447.4243532583196,815.4760234543322,2586.8142071355974,374.24074892039164,5398.798621808979,1545.0962672913215,0.01953829638659954,0.022824076935648918,-59.7938232421875,80.50882720947266,11.920618057250977,25.369911193847656,11.012860298156738,20.761844635009766,-15.868609428405762,13.869302749633789,-2.752804756164551,-1.6999645233154297,5.801021099090576,0.9812674522399902,-6.818749904632568,0.36102867126464844,0.2865144610404968,0.3349663019180298,0.3702280819416046,0.4226178228855133,0.30804064869880676,0.3505479097366333,0.40961721539497375,0.3483527898788452,0.4060657024383545,0.42413330078125,0.4355875253677368,1.856654405593872,2.240238904953003
Noah Kahan,Folk,ytsearch1:Noah Kahan official audio,133.81,10,13.774,22050,129.19921875,0.14221946895122528,0.037431444972753525,0.06528501157407407,0.0325457440107204,1545.4222633082798,563.4817030628326,1935.6555543312986,420.10226924870534,3125.377678148674,1284.835635401166,0.006906183436512947,0.013321667909622192,-125.61063385009766,130.76449584960938,-10.182333946228027,28.8818416595459,7.132167339324951,10.392664909362793,-0.46320289373397827,4.088597297668457,-5.681901931762695,3.88565993309021,-4.771693229675293,0.9749558568000793,-3.7060739994049072,0.5265142917633057,0.29466331005096436,0.25366485118865967,0.24397647380828857,0.522422730922699,0.3503054976463318,0.2454547882080078,0.3215390741825104,0.2646082043647766,0.4016655683517456,0.2757938504219055,0.31540894508361816,1.2581698894500732,1.1905134916305542
Alceu Valença,Folk,ytsearch1:Alceu Valença official audio,60.94,10,10.874,22050,143.5546875,0.16620494425296783,0.07268207520246506,0.07439469782782517,0.041455442404144734,2294.464965540289,813.0779542804703,2658.2445210385463,488.3915806226252,5126.4404296875,1880.6515044531268,0.018333133310079575,0.025954121723771095,-107.91458892822266,89.37646484375,10.113814353942871,24.310317993164062,11.45140552520752,3.8369462490081787,4.004977226257324,4.210554599761963,-10.488273620605469,4.134451866149902,-2.154850482940674,-6.313858509063721,-6.732219696044922,0.31142714619636536,0.2266065776348114,0.2647888958454132,0.2999277114868164,0.5290051102638245,0.4715700149536133,0.36401817202568054,0.3962565064430237,0.2892175614833832,0.37066271901130676,0.27375900745391846,0.31473347544670105,1.5168675184249878,1.4818676710128784
Mestrinho,Folk,ytsearch1:Mestrinho official audio,182.56,10,12.574,22050,151.99908088235293,0.18733622133731842,0.07156775891780853,0.09814453125,0.09552473000834362,2307.5836293895136,1165.004468171166,2661.4065344271526,453.54688939426205,5189.958838431157,1904.6560257526833,0.019437264651060104,0.0345618799328804,-101.12005615234375,90.34033203125,31.776338577270508,27.293012619018555,9.67525863647461,13.55236530303955,-3.8736135959625244,4.65878438949585,-3.0292162895202637,3.6983070373535156,-2.3960635662078857,5.571585655212402,-0.24641817808151245,0.2849479615688324,0.4161941409111023,0.4133627116680145,0.36047738790512085,0.40976786613464355,0.36964747309684753,0.4394586980342865,0.3176566958427429,0.27498161792755127,0.3357205390930176,0.3725050985813141,0.4070098400115967,1.777814269065857,1.9795206785202026
Alex Warren,Folk,ytsearch1:Alex Warren official audio,82.46,10,12.474,22050,112.34714673913044,0.2616150379180908,0.07557974755764008,0.08456976794842007,0.03473595645501801,1964.3355134404212,560.8863836324266,2263.886638021962,459.95794909545134,4119.345784807737,1442.5388619667922,0.012776732444763184,0.010137680917978287,-37.99128723144531,110.08583068847656,-9.735581398010254,19.759483337402344,10.546197891235352,9.53515625,-5.475052356719971,-0.5489962697029114,-3.64734148979187,-2.7936923503875732,0.90847247838974,2.800518274307251,1.457100749015808,0.1753278523683548,0.2724118232727051,0.4968951940536499,0.35007837414741516,0.5255095362663269,0.3042544722557068,0.32646825909614563,0.2752097249031067,0.2829684019088745,0.42287442088127136,0.2372254580259323,0.3506951332092285,1.3243885040283203,1.112351894378662
ANAVITÓRIA,Folk,ytsearch1:ANAVITÓRIA official audio,66.35,10,16.374,22050,89.10290948275862,0.1665276437997818,0.039016567170619965,0.06674929178470256,0.03766702128782445,1709.296602637661,953.962272216962,2326.3866435015084,677.817677602844,3412.08243653727,2333.7463936053155,0.0051549384370446205,0.012633759528398514,-149.3336944580078,132.57086181640625,34.84027099609375,19.58090591430664,13.403624534606934,-6.404439926147461,9.755348205566406,-16.40863800048828,1.6616812944412231,4.287549018859863,-14.478819847106934,6.282411098480225,-11.671198844909668,0.4473731219768524,0.2715776562690735,0.3637056350708008,0.2728298306465149,0.4338749647140503,0.29815906286239624,0.15907537937164307,0.3515879213809967,0.20672059059143066,0.2886131703853607,0.18190348148345947,0.36793509125709534,1.4109028577804565,1.1291358470916748
The Lumineers,Folk,ytsearch1:The Lumineers official audio,1149.84,10,19.774,22050,151.99908088235293,0.11543633788824081,0.07890795171260834,0.05361522979019953,0.051023770745495196,1276.6605691846528,757.4177024518963,1585.007962814001,551.64113406671,2567.088898134903,1539.981389123247,0.004496630746871233,0.021206894889473915,-223.1295166015625,145.89495849609375,-8.352594375610352,26.23457145690918,10.794278144836426,-7.602862358093262,-5.9444804191589355,4.625546455383301,0.2947099208831787,-5.282828330993652,-12.15017318725586,0.40484097599983215,-11.756377220153809,0.1884879469871521,0.12111624330282211,0.10264375060796738,0.18532447516918182,0.1882309913635254,0.21460126340389252,0.3467056453227997,0.25395268201828003,0.3898054361343384,0.2914913594722748,0.34230321645736694,0.42885515093803406,1.0996944904327393,1.3296849727630615
Luiz Gonzaga,Folk,ytsearch1:Luiz Gonzaga official audio,101.84,10,11.774,22050,78.30255681818181,0.16712570190429688,0.059567827731370926,0.11897434024360236,0.04697974251912531,2339.030944335652,697.933098908095,2182.1733942756982,412.2522858693415,4698.455906665231,1353.8518833585215,0.030965326353907585,0.04224338382482529,-72.0862808227539,86.38837432861328,-34.24061584472656,23.10655975341797,-9.51803207397461,10.424745559692383,-12.7913179397583,-0.88399738073349,-7.710338115692139,-5.52297306060791,-6.187926769256592,-0.08765117079019547,-6.480610370635986,0.17380334436893463,0.2754996120929718,0.3922051787376404,0.24602243304252625,0.26473647356033325,0.2622392475605011,0.42584604024887085,0.42920973896980286,0.25697630643844604,0.3769955337047577,0.2896299660205841,0.36105820536613464,1.3624944686889648,1.0841140747070312
Gracie Abrams,Folk,ytsearch1:Gracie Abrams official audio,92.88,10,12.874,22050,143.5546875,0.3789413869380951,0.05066657438874245,0.08934051238738738,0.03601777258289942,2356.699771515626,583.4968207662748,2664.2001158557255,293.15086988689,5376.549831081081,1119.1304163178572,0.027156220749020576,0.025130541995167732,21.433942794799805,89.24598693847656,11.349553108215332,27.524316787719727,5.094178676605225,18.806995391845703,5.384370803833008,6.627396583557129,0.33220499753952026,4.009707927703857,4.058537483215332,3.1171183586120605,-1.1408112049102783,0.31325992941856384,0.3948754668235779,0.2754043936729431,0.3539074957370758,0.3245663642883301,0.5118198990821838,0.47732245922088623,0.41502052545547485,0.6938863396644592,0.4310106337070465,0.44410911202430725,0.2713787853717804,1.2249009609222412,0.9365612864494324
Falamansa,Folk,ytsearch1:Falamansa official audio,197.95,10,17.874,22050,80.74951171875,0.1650436371564865,0.048385024070739746,0.09220081676136363,0.03710426833512267,2397.440738246109,628.1285023058906,2814.4748720431403,359.3910918963745,5768.227761008523,1392.239684139324,0.021864771842956543,0.023495856672525406,-78.87065887451172,90.69021606445312,24.900928497314453,16.494140625,-1.1452783346176147,6.26200532913208,0.24265359342098236,-0.03992422670125961,0.3595651686191559,5.630290985107422,-2.1819396018981934,2.2740278244018555,-0.9807748794555664,0.34977784752845764,0.4659190773963928,0.30998072028160095,0.36208146810531616,0.34663334488868713,0.5119336247444153,0.5049346685409546,0.33990368247032166,0.3691149055957794,0.23664529621601105,0.2996591627597809,0.3102814257144928,1.411388874053955,1.4681795835494995
Fagner,Folk,ytsearch1:Fagner official audio,151.12,10,11.074,22050,129.19921875,0.22963805496692657,0.0644400492310524,0.1650800085167715,0.04678998468938713,3023.124899578693,567.8537229462936,2714.9699962246473,386.93929117087066,6101.254790683963,1442.517677893579,0.07037720829248428,0.04282265901565552,7.354981422424316,65.91691589355469,-13.546290397644043,21.705053329467773,0.5830107927322388,3.944993019104004,4.401599407196045,-3.4522857666015625,2.1158716678619385,-0.5131272673606873,-10.99750804901123,0.3991037607192993,-0.4033227562904358,0.6531148552894592,0.4216480553150177,0.3958795964717865,0.2605368196964264,0.385313481092453,0.5121110677719116,0.42880868911743164,0.548181414604187,0.39405766129493713,0.4693657457828522,0.49023810029029846,0.4912041425704956,1.5078951120376587,1.5329393148422241
Folksons,Folk,ytsearch1:Folksons official audio,45.6,10,15.574,22050,172.265625,0.08609689772129059,0.035208504647016525,0.08796412187965723,0.052147247687440355,1941.2095775956172,685.5217823140313,2275.0013889409097,438.8982669306017,4080.590129005216,1599.1259526963963,0.00881110318005085,0.01610192470252514,-178.01429748535156,98.33061981201172,1.8895277976989746,25.096960067749023,-7.5284576416015625,-3.8485538959503174,0.29150664806365967,1.4395827054977417,-8.787471771240234,-2.520880699157715,-12.843755722045898,-11.05131721496582,-10.026700019836426,0.1307484656572342,0.4204830229282379,0.529086709022522,0.28763699531555176,0.27924251556396484,0.20551574230194092,0.4130096137523651,0.4213288724422455,0.24659594893455505,0.5208754539489746,0.23536324501037598,0.16336186230182648,1.2823342084884644,1.4209136962890625
Open Road Folk Music,Folk,ytsearch1:Open Road Folk Music official audio,119.69,10,19.674,22050,103.359375,0.12470896542072296,0.02736733853816986,0.06633542618661556,0.014887755313753142,1419.792684806721,179.32303557230088,1878.429718664476,142.39269219589377,2716.8147824845223,449.2453068164324,0.0022620647214353085,0.0015367703745141625,-147.8653106689453,129.9344024658203,-10.352766036987305,22.602296829223633,4.100583553314209,13.34521484375,14.80419921875,-1.9498875141143799,-0.38935551047325134,-4.736093997955322,-7.884239196777344,-11.402361869812012,-10.05488109588623,0.5085238814353943,0.27128612995147705,0.27120375633239746,0.15914024412631989,0.26278698444366455,0.5121470093727112,0.2656773626804352,0.3108665943145752,0.19239619374275208,0.4300043284893036,0.26223188638687134,0.22981323301792145,0.9534696936607361,0.5090248584747314
Aviões do Forró,Folk,ytsearch1:Aviões do Forró official audio,90.8,10,10.774,22050,112.34714673913044,0.19278894364833832,0.06883303821086884,0.14023037614493533,0.0713304226826459,3015.1509596670776,741.1278169283377,3058.8329762476487,264.8561269494264,6899.048009412042,1034.3240535625914,0.03828616812825203,0.034716155380010605,-62.00721740722656,67.02385711669922,34.43217849731445,25.998395919799805,1.7133461236953735,6.819627285003662,-5.714720249176025,0.35555779933929443,-5.936954975128174,-0.8414612412452698,-3.183797836303711,-2.291761875152588,-3.961740493774414,0.31137776374816895,0.33322378993034363,0.5817247629165649,0.43769708275794983,0.39644959568977356,0.2803191542625427,0.3646984100341797,0.4177534580230713,0.31900182366371155,0.36234232783317566,0.2805560827255249,0.3504576086997986,1.7085787057876587,1.7033737897872925
Of Monsters and Men,Folk,ytsearch1:Of Monsters and Men official audio,213.8,10,13.774,22050,123.046875,0.23618555068969727,0.04211397469043732,0.10454561894991582,0.03094107450595654,2533.2454681020176,428.9549560154431,2641.25336338785,257.0785740139499,5554.87763375947,986.34465865453,0.037455640733242035,0.026870617642998695,-8.849892616271973,79.11688232421875,0.29039067029953003,39.76569366455078,9.785821914672852,12.077841758728027,2.113236427307129,7.01769495010376,-0.2863461971282959,9.028708457946777,-0.9840756058692932,4.6678924560546875,-1.6141666173934937,0.49651214480400085,0.32056692242622375,0.36773642897605896,0.3917810916900635,0.30404889583587646,0.4856003224849701,0.38641902804374695,0.5351945161819458,0.4078138768672943,0.3961869776248932,0.6080935597419739,0.4878625273704529,1.0858869552612305,0.7884912490844727
Taylor Swift,Folk,ytsearch1:Taylor Swift official audio,147.81,10,17.774,22050,103.359375,0.2434636950492859,0.10153447836637497,0.06480754324412533,0.03262046323941689,1846.3343860609962,657.4956399573463,2376.2107987942345,512.1062512885451,4099.798185582572,1778.3143466152271,0.012762947008013725,0.015362144447863102,-70.57272338867188,114.16793823242188,11.167119979858398,29.44569969177246,7.560661792755127,4.969245910644531,10.921026229858398,0.45024678111076355,1.0972360372543335,7.778301239013672,-2.15419340133667,4.172361373901367,-1.1662043333053589,0.6441753506660461,0.425741970539093,0.4757814407348633,0.3490682542324066,0.4496016204357147,0.3880390524864197,0.33781006932258606,0.4604933559894562,0.3738962709903717,0.3967636525630951,0.331819087266922,0.4392455518245697,1.6036547422409058,2.0425491333007812
Forró Hits,Forró,ytsearch1:Forró Hits official audio,862.64,10,12.574,22050,123.046875,0.26740172505378723,0.09008350223302841,0.10315977427352399,0.06552217535962569,2628.578916191589,855.2673198068529,2785.2566663960006,401.65053337902475,5860.666467870733,1511.6856481280802,0.029733922332525253,0.03195223584771156,-32.84120559692383,80.19497680664062,17.6480655670166,24.057579040527344,1.7541704177856445,11.078272819519043,4.00732421875,2.817182779312134,-0.1943608820438385,5.265594482421875,-5.902048110961914,-2.2186696529388428,-10.445961952209473,0.3844417333602905,0.5229026079177856,0.45284971594810486,0.34027543663978577,0.39740368723869324,0.27727365493774414,0.2882556915283203,0.26995614171028137,0.30745822191238403,0.43818819522857666,0.32223454117774963,0.35888025164604187,1.6199980974197388,1.6396136283874512
Forró da Brucelose & Gilson Neto,Forró,ytsearch1:Forró da Brucelose & Gilson Neto official audio,85.05,10,14.974,22050,112.34714673913044,0.22465886175632477,0.08037281781435013,0.08596399588178294,0.08131218034091764,2387.230085640255,919.1058166966023,2856.1992785758957,370.56960736930125,5665.569358648256,1708.7459973106334,0.022613773122429848,0.03890908509492874,-83.3189926147461,85.68536376953125,27.1047306060791,21.928844451904297,10.386066436767578,9.602643966674805,8.515056610107422,5.023671627044678,4.196547031402588,2.1091129779815674,-3.135571241378784,-0.968595027923584,-2.2268707752227783,0.31110110878944397,0.301922082901001,0.3028782606124878,0.335447758436203,0.2830892503261566,0.23749186098575592,0.2998214066028595,0.2618095874786377,0.40005728602409363,0.3419479429721832,0.35177749395370483,0.37213030457496643,1.6792283058166504,1.972184181213379
Forró e Piseiro,Forró,ytsearch1:Forró e Piseiro official audio,342.07,10,12.074,22050,103.359375,0.288516640663147,0.12750571966171265,0.1381920447716346,0.07042044429563343,2970.6335293422017,728.0612621770634,2983.3046258122627,218.07909446669254,6749.6653395432695,1061.7058004497453,0.03121689334511757,0.03328685835003853,-30.782331466674805,63.18232345581055,21.389799118041992,15.49880599975586,-3.181025981903076,4.408905982971191,-2.0349624156951904,-0.6930509209632874,-9.592044830322266,-4.599373817443848,-8.857752799987793,-6.602495193481445,-5.0859832763671875,0.2358231544494629,0.3302714228630066,0.22130781412124634,0.2253735214471817,0.23976606130599976,0.40621790289878845,0.542629599571228,0.2735579311847687,0.41579461097717285,0.3301374018192291,0.42228075861930847,0.460058331489563,1.6304879188537598,1.844388484954834
Forró Boys,Forró,ytsearch1:Forró Boys official audio,131.72,10,11.674,22050,92.28515625,0.2639492154121399,0.07190240919589996,0.15866131336978131,0.058291861848522454,3326.9009654117885,619.2911815412953,3041.103119222986,308.2878374285798,7141.424742560263,970.8638814122155,0.048115551471710205,0.0401768833398819,-9.240633964538574,51.45973587036133,14.787074089050293,21.82232093811035,0.8334787487983704,11.567964553833008,5.913688659667969,11.785911560058594,-2.656158685684204,2.3951330184936523,0.6816156506538391,3.893566608428955,3.1732544898986816,0.555975079536438,0.3462790846824646,0.38032957911491394,0.30183857679367065,0.36014100909233093,0.3768070340156555,0.33730220794677734,0.5680567622184753,0.32767239212989807,0.37404927611351013,0.4176718294620514,0.3997538685798645,1.4382412433624268,1.2938652038574219
Luiz Gonzaga,Forró,ytsearch1:Luiz Gonzaga official audio,95.13,10,15.074,22050,117.45383522727273,0.06971365958452225,0.0268584955483675,0.10138822115384616,0.05071880837753089,2316.512020802683,642.5994152801522,2613.711787003003,399.3127606760428,5009.004018930288,1528.8074366233438,0.022279411554336548,0.025120191276073456,-172.51588439941406,91.33035278320312,-1.2722046375274658,13.058311462402344,10.725923538208008,1.3844194412231445,0.7814726233482361,3.078198194503784,-10.04640007019043,-13.56523609161377,-4.17083740234375,-8.268136978149414,-8.342028617858887,0.44259071350097656,0.2674829363822937,0.290642112493515,0.22597140073776245,0.3825700879096985,0.5548421740531921,0.4300670921802521,0.45706281065940857,0.43786269426345825,0.3258955180644989,0.23719078302383423,0.2448693811893463,1.5529191493988037,1.597693681716919
Dorgival Dantas,Forró,ytsearch1:Dorgival Dantas official audio,103.22,10,13.174,22050,117.45383522727273,0.12463772296905518,0.03278045356273651,0.08202351314920775,0.033965954088051226,1983.463995407968,596.7768895039118,2350.0319780025957,431.69681701454084,4214.233613350022,1469.2726618312656,0.016929924488067627,0.022233925759792328,-103.44876861572266,112.43809509277344,0.7333847284317017,12.459083557128906,-6.395013332366943,3.076612949371338,5.483566761016846,5.716380596160889,-4.136698246002197,8.611014366149902,2.9704864025115967,-1.0842392444610596,-1.7941193580627441,0.28103113174438477,0.4199692904949188,0.3781273663043976,0.2855415642261505,0.4270274341106415,0.38920170068740845,0.5081177949905396,0.28447845578193665,0.28985294699668884,0.3912193179130554,0.28334346413612366,0.2674326002597809,1.4613103866577148,1.3769440650939941
Forró de Qualidade,Forró,ytsearch1:Forró de Qualidade official audio,122.16,10,12.174,22050,151.99908088235293,0.1938459575176239,0.12025302648544312,0.1352250744047619,0.06952544723642216,3020.6292976656023,870.4254709806456,2997.597077232247,357.6424891808385,6802.4619140625,1322.3818317088655,0.0331655889749527,0.03048984333872795,-82.8824691772461,68.84395599365234,22.133325576782227,8.840165138244629,-4.10540771484375,9.05858325958252,-6.859085559844971,-4.9200568199157715,-8.37920093536377,-4.418323993682861,-5.442745685577393,-6.565037250518799,-14.844386100769043,0.29695892333984375,0.2761577367782593,0.45098936557769775,0.5740258097648621,0.3417653441429138,0.2337634563446045,0.2202986776828766,0.3264961540699005,0.2091722935438156,0.2877167761325836,0.30920901894569397,0.23694701492786407,1.9736521244049072,2.531522750854492
FORRÓ DE JEITO,Forró,ytsearch1:FORRÓ DE JEITO official audio,56.77,10,16.774,22050,107.666015625,0.2943798899650574,0.1283181756734848,0.11217366874135547,0.05090391227964305,2618.8871897164668,703.390302087883,2683.7931389684695,446.70907663508143,5773.191738524378,1587.2566774436773,0.02889684960246086,0.03845033794641495,-31.761051177978516,77.80390167236328,6.8203606605529785,13.323395729064941,-11.662223815917969,2.4088375568389893,-7.602674961090088,-5.698420524597168,-11.033560752868652,0.45716893672943115,-9.377371788024902,-2.364128589630127,-6.757577419281006,0.43507564067840576,0.3226357698440552,0.2771851122379303,0.2170051783323288,0.4363584816455841,0.31946811079978943,0.25030091404914856,0.24622468650341034,0.26343727111816406,0.36693960428237915,0.3049171268939972,0.4632302522659302,1.9063185453414917,1.9687397480010986
Forró Medôin,Forró,ytsearch1:Forró Medôin official audio,60.4,10,10.374,22050,83.35433467741936,0.23725686967372894,0.11224818229675293,0.10211850706096197,0.046286737855070134,2657.050284085441,602.8663990524611,2896.0462475477248,315.1990646778943,6225.841547818792,1262.8766020879877,0.027426810935139656,0.034383054822683334,-60.26084518432617,76.75659942626953,23.19241714477539,12.378633499145508,-2.985142946243286,4.548408508300781,-8.172959327697754,-2.761714458465576,-3.4825966358184814,0.35329046845436096,-4.406442642211914,0.0010599908418953419,-8.97119426727295,0.37205052375793457,0.34842437505722046,0.3301408886909485,0.29712727665901184,0.36716213822364807,0.28929731249809265,0.4206569194793701,0.35850992798805237,0.22204755246639252,0.31073951721191406,0.24827861785888672,0.3569529354572296,1.7416106462478638,2.080324649810791
Forrozão Tropykalia,Forró,ytsearch1:Forrozão Tropykalia official audio,94.82,10,14.774,22050,92.28515625,0.25977012515068054,0.06619922071695328,0.10317451800431711,0.05059225807157669,2287.1787990700727,691.4758823371536,2514.473591338616,418.35684687976584,4970.4514723557695,1502.3280259728565,0.024144701659679413,0.031797654926776886,-26.716625213623047,93.21168518066406,6.8992838859558105,30.027135848999023,2.6268022060394287,7.6881513595581055,-3.982954502105713,-0.10067906975746155,-4.719962120056152,-5.319528579711914,-4.8263468742370605,0.04777222499251366,-7.099920749664307,0.3430514633655548,0.25871741771698,0.34688299894332886,0.28197139501571655,0.27653729915618896,0.5364581942558289,0.35851484537124634,0.4631040096282959,0.3065451383590698,0.36067715287208557,0.371271014213562,0.2659016251564026,1.4052753448486328,1.231575608253479
Luan Estilizado,Forró,ytsearch1:Luan Estilizado official audio,136.31,10,16.274,22050,86.1328125,0.22649513185024261,0.07177410274744034,0.10082972985021398,0.04008101718554135,2352.0826670021056,598.0800314104395,2716.7419043256937,352.21943803792163,5480.922064461483,1312.9649128057379,0.017202960327267647,0.02181033045053482,-61.93653106689453,84.9638442993164,19.691295623779297,23.6391544342041,8.223442077636719,10.595458984375,-5.747977256774902,-3.3263802528381348,-3.895218849182129,-5.296058177947998,-7.984134674072266,-4.369946002960205,-3.8742775917053223,0.4493466913700104,0.26143330335617065,0.34309932589530945,0.2729770243167877,0.21599960327148438,0.280789315700531,0.24386100471019745,0.4157041311264038,0.26881152391433716,0.300314724445343,0.38120245933532715,0.2973795235157013,1.5079079866409302,1.6269241571426392
Flávio José,Forró,ytsearch1:Flávio José official audio,119.66,10,19.674,22050,172.265625,0.19494721293449402,0.06005782261490822,0.09930938144899765,0.045418467193896625,2476.558114670642,654.9108519865001,2712.454838294576,371.78483604484256,5561.470262059625,1406.002507627068,0.031010884791612625,0.03196433559060097,-45.339088439941406,87.12645721435547,5.790576457977295,21.04303550720215,4.282642364501953,9.046757698059082,5.348494052886963,0.8756054639816284,-1.4049979448318481,5.0904459953308105,-0.585956335067749,0.039232704788446426,-6.004755020141602,0.3796435296535492,0.35254791378974915,0.5339606404304504,0.3352877199649811,0.36173054575920105,0.39427652955055237,0.26898491382598877,0.2627805769443512,0.30066800117492676,0.5171277523040771,0.4065977931022644,0.3309551477432251,1.413233757019043,1.5317282676696777
Forrozão Chicote D' Luxo,Forró,ytsearch1:Forrozão Chicote D' Luxo official audio,79.53,10,19.474,22050,89.10290948275862,0.22340354323387146,0.08143500238656998,0.13830464559743744,0.08299879548572871,3059.676121301903,936.502444815058,3011.166262375929,315.9733913112899,6848.9573536669395,1420.7464146146663,0.03637956082820892,0.043232787400484085,-56.8946647644043,58.95710754394531,20.86041831970215,24.964282989501953,10.1655912399292,2.1208324432373047,5.951955795288086,8.783618927001953,-4.97559118270874,5.3348517417907715,-5.988776683807373,7.468204021453857,-0.3960021436214447,0.36148688197135925,0.2968393862247467,0.46913549304008484,0.46971529722213745,0.31275156140327454,0.351850688457489,0.26675379276275635,0.3518940508365631,0.2934427857398987,0.3055660128593445,0.4704246520996094,0.31472450494766235,1.9012808799743652,2.3810105323791504
Forró Ideal,Forró,ytsearch1:Forró Ideal official audio,43.56,10,13.574,22050,151.99908088235293,0.3630126416683197,0.10000772029161453,0.10622579460470086,0.06178450180907205,2714.1270741848266,956.2931312047621,2836.144583468191,505.0072702651655,6025.560772235577,2028.0226279284389,0.03498062863945961,0.047403860837221146,-5.121232509613037,75.64314270019531,18.651641845703125,21.29285430908203,2.4171886444091797,9.708266258239746,2.471748113632202,3.8470184803009033,-1.476040244102478,2.478665351867676,-2.0350592136383057,0.6284281611442566,-7.071663856506348,0.31060633063316345,0.2115957885980606,0.2452949732542038,0.30131101608276367,0.4002591669559479,0.24638697504997253,0.3367626368999481,0.36022067070007324,0.36359450221061707,0.4958373010158539,0.38794848322868347,0.48385536670684814,1.8451100587844849,2.279374837875366
Zé Ramalho,Forró,ytsearch1:Zé Ramalho official audio,164.61,10,14.574,22050,103.359375,0.13533562421798706,0.050706323236227036,0.14150048517117833,0.06530035560698395,3002.1772571324,905.9429158901413,2895.2032539500324,401.8237923633907,6433.010145053742,1598.7987692566755,0.04459105059504509,0.049780718982219696,-87.32972717285156,60.89114761352539,19.005340576171875,37.26005935668945,5.989357948303223,5.934881687164307,1.416608452796936,-0.8332043290138245,-5.679410934448242,-4.063995361328125,-6.300859451293945,3.1105244159698486,1.578057885169983,0.2584408223628998,0.44423219561576843,0.6076363921165466,0.3876052796840668,0.25948643684387207,0.2343297302722931,0.3037510812282562,0.34814223647117615,0.3868255913257599,0.53307044506073,0.3195327818393707,0.2650353014469147,1.4053070545196533,0.9980559945106506
Forrozão Baby Som,Forró,ytsearch1:Forrozão Baby Som official audio,114.1,10,14.074,22050,123.046875,0.1853792518377304,0.0532478392124176,0.11043683072487644,0.03400682636524793,2243.6212908620487,462.26576510178734,2414.5836377084343,316.6578749244555,4628.006831110997,1228.6351274208473,0.023869212716817856,0.026095880195498466,-43.277015686035156,98.13003540039062,-13.227042198181152,15.025982856750488,-1.1672697067260742,-0.7540963292121887,1.9420727491378784,1.1169462203979492,-11.345351219177246,2.7335665225982666,-5.301432132720947,-0.7692286968231201,-7.0176801681518555,0.30570662021636963,0.20749491453170776,0.39180243015289307,0.35359859466552734,0.20070114731788635,0.3566400706768036,0.31695228815078735,0.4941115081310272,0.3466627299785614,0.30983346700668335,0.5291531085968018,0.3898410499095917,1.3088569641113281,1.1168464422225952
Forró e Vaquejada,Forró,ytsearch1:Forró e Vaquejada official audio,117.99,10,17.974,22050,129.19921875,0.31016045808792114,0.12275967001914978,0.09124873991935484,0.04431569024614647,2260.3044612204408,673.5283196952586,2525.139003548006,395.5201075020786,5076.501260080645,1426.7866935524705,0.024562401697039604,0.025652511045336723,-22.114107131958008,92.0556640625,6.187866687774658,31.177955627441406,3.146930456161499,15.375941276550293,0.16254913806915283,5.877921104431152,-1.7337329387664795,4.173983573913574,-2.914936065673828,-0.23780474066734314,-5.0690765380859375,0.47376346588134766,0.4306313693523407,0.432865172624588,0.32513466477394104,0.34127235412597656,0.3926014006137848,0.4185185432434082,0.6219396591186523,0.5422070026397705,0.5117526054382324,0.43775674700737,0.3984208106994629,1.9177507162094116,2.135084390640259
Simone & Simaria,Forró,ytsearch1:Simone & Simaria official audio,112.49,10,12.474,22050,92.28515625,0.26692458987236023,0.0737573578953743,0.1178836184363383,0.06479036499722435,2604.769388643088,846.7755094244899,2665.7922075592974,456.157051417372,5640.998789280321,1608.2850604326702,0.028836479410529137,0.027351897209882736,-16.57313346862793,84.5739974975586,4.0245680809021,20.249094009399414,-2.5396804809570312,13.256487846374512,7.202933311462402,8.90170955657959,1.9001502990722656,1.4455106258392334,-1.0699297189712524,4.845455169677734,-0.1848161518573761,0.4341912865638733,0.491789311170578,0.379520446062088,0.37169149518013,0.3481466770172119,0.3218438923358917,0.4040212631225586,0.37670573592185974,0.5090785622596741,0.434285044670105,0.3407538831233978,0.4857993423938751,1.474238395690918,1.435011386871338
Alceu Valença,Forró,ytsearch1:Alceu Valença official audio,65.47,10,15.474,22050,143.5546875,0.15337881445884705,0.07775885611772537,0.07160238240254872,0.040900291991215997,2311.0443007126055,861.6121613846366,2702.89661636962,495.0519612115057,5221.785615981072,2005.606177890592,0.020264094695448875,0.03123096004128456,-124.87277221679688,87.29426574707031,13.327889442443848,24.600431442260742,13.864974021911621,5.321549892425537,3.0410261154174805,2.1212282180786133,-8.823769569396973,2.62117862701416,-2.497086524963379,-4.3503828048706055,-7.1190690994262695,0.31454384326934814,0.22614358365535736,0.26121968030929565,0.3016212284564972,0.5474661588668823,0.45902004837989807,0.34781354665756226,0.42826494574546814,0.2684793770313263,0.29253169894218445,0.2365587204694748,0.2745140492916107,1.612068772315979,1.8206428289413452
Mestrinho,Forró,ytsearch1:Mestrinho official audio,171.58,10,11.574,22050,129.19921875,0.2950247824192047,0.07817801833152771,0.05744986065881764,0.02516049943199352,1697.924123559744,705.6723004577235,2168.029400107507,518.6982175885213,3523.2031445703906,1767.3351188111187,0.008328842930495739,0.020070824772119522,-74.22279357910156,116.33477020263672,6.704267978668213,24.127199172973633,-1.263319730758667,-6.089065074920654,-14.309449195861816,-1.8166821002960205,-11.653594017028809,-10.922098159790039,-14.655596733093262,-4.661581039428711,-0.6732661128044128,0.27482080459594727,0.34874337911605835,0.13576798141002655,0.17570246756076813,0.2909824550151825,0.1886732429265976,0.291701078414917,0.2273683398962021,0.3454608917236328,0.2032495141029358,0.18473388254642487,0.3768980801105499,1.2458593845367432,0.933513343334198
MC Meno K,Funk,ytsearch1:MC Meno K official audio,92.3,10,12.274,22050,151.99908088235293,0.37969985604286194,0.10122290253639221,0.09249283731096408,0.05779624753225455,2868.6888002002515,831.1136002504695,3158.9925965269945,370.4533743810866,6971.120102419069,1756.2197769600523,0.038248658180236816,0.052747372537851334,-4.691432952880859,80.46144104003906,23.071870803833008,12.302774429321289,9.176796913146973,-1.588672399520874,14.884041786193848,-2.0038938522338867,9.445029258728027,7.632786750793457,-4.9036664962768555,8.667463302612305,-7.648001194000244,0.4385806918144226,0.48928162455558777,0.4472350776195526,0.5435026288032532,0.42845115065574646,0.394550621509552,0.439531534910202,0.4825235903263092,0.6308187246322632,0.4444659948348999,0.49641352891921997,0.42886900901794434,1.8884464502334595,1.9821319580078125
Anitta,Funk,ytsearch1:Anitta official audio,74.18,10,14.174,22050,103.359375,0.3561484217643738,0.09629761427640915,0.08278005447013093,0.05416558299930612,2034.2517326397824,829.2988735472074,2482.012234879226,468.54036718103015,4299.574492059636,1940.7335834532107,0.024029485881328583,0.0370718315243721,-6.649749279022217,115.04396057128906,9.939266204833984,8.759702682495117,8.770965576171875,3.694028377532959,6.730535984039307,1.7665280103683472,-5.51635217666626,5.962141036987305,-5.932092189788818,3.9889349937438965,-2.883925676345825,0.495874285697937,0.37463295459747314,0.333886981010437,0.36344626545906067,0.551790714263916,0.4157794713973999,0.2561561167240143,0.24149298667907715,0.3090220093727112,0.443634033203125,0.3104216456413269,0.46662405133247375,1.7554270029067993,1.9537582397460938
Love Funk,Funk,ytsearch1:Love Funk official audio,1341.88,10,11.874,22050,112.34714673913044,0.2911018133163452,0.07803554087877274,0.1463918685913086,0.10204602331506524,3129.0976546515412,1174.8408863802981,2873.9134703686295,427.6522769801059,6369.28596496582,1832.8726628468755,0.0502777136862278,0.055950239300727844,-8.783616065979004,66.88833618164062,5.67860221862793,15.33639907836914,-0.40244603157043457,-3.234462261199951,-8.61131477355957,-11.915419578552246,-7.777168273925781,-12.08673095703125,-11.69563102722168,-10.69786548614502,-9.883312225341797,0.26746633648872375,0.3579086661338806,0.26311469078063965,0.2841043770313263,0.20894427597522736,0.30435019731521606,0.2782466411590576,0.17595472931861877,0.22412073612213135,0.2412414848804474,0.47260987758636475,0.37455421686172485,1.5556771755218506,1.3353146314620972
DJ Blakes,Funk,ytsearch1:DJ Blakes official audio,110.87,10,10.874,22050,129.19921875,0.4674736261367798,0.08434128016233444,0.15561075759594883,0.03030271023596594,3411.889057019693,357.7466764422909,2827.9005926078194,208.69440867245137,6944.48096431903,820.2801566712862,0.06907244026660919,0.036172810941934586,66.15897369384766,39.596370697021484,-17.50827407836914,17.392444610595703,-0.5453675389289856,15.29720401763916,11.76822566986084,10.443811416625977,2.4917361736297607,16.01809310913086,6.383841037750244,10.365915298461914,-0.407697468996048,0.23902399837970734,0.17409928143024445,0.2489672154188156,0.3723885416984558,0.5566363334655762,0.46700385212898254,0.3551313579082489,0.43649712204933167,0.4781993329524994,0.47845178842544556,0.41925475001335144,0.40424612164497375,1.4753050804138184,1.198987364768982
Mc Rodrigo do CN,Funk,ytsearch1:Mc Rodrigo do CN official audio,62.25,10,12.274,22050,129.19921875,0.13895073533058167,0.11288106441497803,0.13807744565217392,0.13511803808572537,2605.117868108044,1510.0787383676309,2237.352742455997,564.0368894185503,4721.226019760161,2378.388616765792,0.033670637756586075,0.06279852241277695,-161.2319793701172,71.58724212646484,-20.64851188659668,4.544600486755371,-5.881069660186768,6.370721817016602,-7.945807933807373,-10.763185501098633,-11.826489448547363,-1.6646558046340942,-0.77741539478302,-2.3102588653564453,-11.071866989135742,0.20312272012233734,0.15689264237880707,0.17092113196849823,0.18610289692878723,0.27719712257385254,0.17399995028972626,0.22877679765224457,0.5023098587989807,0.5002219080924988,0.46318691968917847,0.36636367440223694,0.29246485233306885,2.073662519454956,2.5390267372131348
Mc Gw,Funk,ytsearch1:Mc Gw official audio,88.78,10,18.774,22050,129.19921875,0.13507433235645294,0.06550334393978119,0.11951241888133499,0.11136965043545557,2487.7474085043245,1326.1381011438905,2507.5503039110563,643.8176755673203,4916.024950025108,2565.0406720838937,0.023912517353892326,0.037559252232313156,-131.08253479003906,96.42313385009766,-10.974069595336914,-13.270774841308594,5.483541011810303,-10.063405990600586,-15.703632354736328,-0.9271808862686157,-6.449452877044678,-10.906250953674316,-0.667239785194397,-0.9214300513267517,-9.056597709655762,0.31809476017951965,0.41386520862579346,0.3542667329311371,0.3464195430278778,0.31652721762657166,0.27901491522789,0.29394763708114624,0.24047888815402985,0.2306721806526184,0.274535596370697,0.2931704521179199,0.33919280767440796,1.794909954071045,1.864267110824585
Megabaile Do Areias,Funk,ytsearch1:Megabaile Do Areias official audio,30.17,10,10.174,22050,89.10290948275862,0.23465992510318756,0.17867258191108704,0.10792461560364465,0.07613059125245136,2368.503890834423,1085.1457116661272,2331.225725974096,702.2234941085575,4922.446088856065,2310.0560817020746,0.03471331298351288,0.05982318893074989,-111.71234893798828,82.60066223144531,-22.948219299316406,6.4109392166137695,-0.5373251438140869,8.847015380859375,7.031211853027344,4.096675872802734,0.30076679587364197,5.770510196685791,-4.378545761108398,0.8048012256622314,-5.662653923034668,0.4163590967655182,0.3329920768737793,0.3046188950538635,0.31949353218078613,0.4518042504787445,0.5665042996406555,0.4580919146537781,0.5058100819587708,0.44507214426994324,0.5107505321502686,0.5098662972450256,0.40691763162612915,1.8135013580322266,3.4218382835388184
DJ 2w,Funk,ytsearch1:DJ 2w official audio,44.5,10,14.474,22050,129.19921875,0.34296417236328125,0.13960406184196472,0.059463109725560896,0.03881294015300254,1791.0111697703803,724.9250434970517,2255.311117321152,537.4473288905104,3718.7910813551684,1775.8328423073488,0.011054618284106255,0.022888286039233208,-56.76887512207031,119.03286743164062,-0.5284044146537781,18.41826629638672,7.874661922454834,-2.4762911796569824,1.7126715183258057,0.22408509254455566,0.6183865666389465,1.8814083337783813,8.984329223632812,3.059293508529663,-2.403920888900757,0.31632962822914124,0.45640817284584045,0.4132821559906006,0.5288249850273132,0.40315279364585876,0.3335287570953369,0.4192715287208557,0.3608200252056122,0.46551957726478577,0.32485857605934143,0.34149011969566345,0.3315315246582031,1.9110862016677856,2.217806816101074
MC Marcinho,Funk,ytsearch1:MC Marcinho official audio,43.58,10,13.574,22050,129.19921875,0.10737013071775436,0.03925415873527527,0.07101696047008547,0.053490429478834825,2345.050356773733,802.3291323959479,2666.3095262701195,379.3725321574479,5342.700570913462,1560.046618531393,0.025695106014609337,0.037112582474946976,-154.9617156982422,81.30492401123047,17.443525314331055,35.421260833740234,7.006042957305908,9.932510375976562,0.7380478382110596,9.780557632446289,0.45285624265670776,5.233136177062988,-3.523824453353882,4.9064106941223145,2.1122803688049316,0.3638383746147156,0.3150230944156647,0.28586775064468384,0.29630663990974426,0.37204355001449585,0.4073563814163208,0.5994558334350586,0.6167755126953125,0.5988528728485107,0.5861848592758179,0.5007401704788208,0.4711872339248657,2.050715208053589,2.598233222961426
MC Ryan SP,Funk,ytsearch1:MC Ryan SP official audio,61.27,10,11.274,22050,129.19921875,0.3380013406276703,0.11811240762472153,0.06918020994084362,0.07011421745354693,2429.5365842463766,915.9158797137184,2687.3494221433757,400.99378032669586,5401.355884693287,1748.0840038377178,0.017772454768419266,0.03568706661462784,-68.4952163696289,73.2763442993164,16.9744930267334,24.96977424621582,-1.597978949546814,1.0828709602355957,-5.847940921783447,8.04790210723877,0.2639492452144623,4.693415641784668,1.020914077758789,1.688388466835022,3.988102912902832,0.4023860991001129,0.33002302050590515,0.5000121593475342,0.4711178243160248,0.41134536266326904,0.3979996144771576,0.39514920115470886,0.5409772396087646,0.4401780068874359,0.4890199899673462,0.4833787977695465,0.3635009825229645,2.0184617042541504,2.438669443130493
Pk,Funk,ytsearch1:Pk official audio,156.87,10,16.874,22050,99.38401442307692,0.28412699699401855,0.08846484869718552,0.08201513067400275,0.051801169544554236,2567.8544934099805,788.319094987311,2869.544639366234,423.056641929341,5980.75090536881,1753.145742616564,0.02841644547879696,0.042374324053525925,-43.885231018066406,79.775390625,14.062433242797852,9.927828788757324,-1.571839451789856,-1.9212536811828613,-5.381439685821533,-6.493201732635498,-8.285988807678223,-2.426450252532959,-3.0975112915039062,-2.051650047302246,-2.3957629203796387,0.3440747857093811,0.2427320033311844,0.26962795853614807,0.3559771478176117,0.3877711296081543,0.47300660610198975,0.3978382349014282,0.535515308380127,0.3295691907405853,0.19130252301692963,0.1882617175579071,0.22343721985816956,1.9130523204803467,2.1560158729553223
Dj GBR,Funk,ytsearch1:Dj GBR official audio,121.23,10,11.174,22050,129.19921875,0.16401298344135284,0.05785249546170235,0.14320316552126555,0.08999604691334752,2868.9273095796398,961.798833091115,2645.382593321436,411.24426214802014,6020.786345549144,1580.200503575565,0.038590800017118454,0.04037703946232796,-64.56924438476562,75.14353942871094,-12.978218078613281,-5.420890808105469,-10.926300048828125,5.160680770874023,-4.835722923278809,19.72965431213379,3.7155301570892334,4.5129547119140625,-7.76024866104126,8.837388038635254,-0.8537299036979675,0.31542640924453735,0.4230760633945465,0.5778108239173889,0.3308693766593933,0.21952621638774872,0.24271969497203827,0.25075262784957886,0.2896805703639984,0.390319287776947,0.5461568236351013,0.563831627368927,0.2906233072280884,1.4382585287094116,1.0590498447418213
Baile Funk Cumbia,Funk,ytsearch1:Baile Funk Cumbia official audio,138.63,10,18.574,22050,129.19921875,0.05644213780760765,0.03408927470445633,0.163089599609375,0.03337213006610202,2442.1655188381933,351.0792701807351,2004.2415157295816,405.1836441034784,4352.07568359375,1053.85914371432,0.024973712861537933,0.01953037828207016,-179.26593017578125,78.86869049072266,-55.25953674316406,9.019784927368164,-19.83939552307129,-20.063701629638672,-34.061485290527344,3.0692801475524902,-15.651348114013672,-15.192270278930664,-7.444462776184082,0.3679942786693573,-8.84471321105957,0.5628082752227783,0.4205605685710907,0.4327099621295929,0.5122859477996826,0.4004225432872772,0.30939626693725586,0.2332776039838791,0.396353155374527,0.27088502049446106,0.2108592987060547,0.25910359621047974,0.4840608835220337,1.5265673398971558,1.5916106700897217
DENNIS,Funk,ytsearch1:DENNIS official audio,56.08,10,16.074,22050,135.99917763157896,0.32790225744247437,0.11014286428689957,0.09490834686147186,0.04327639523577528,2439.8827346404296,753.9735776322831,2556.7982540045055,441.0228766733906,5126.564719460227,1695.675194531525,0.038828350603580475,0.052458133548498154,-8.016395568847656,86.45550537109375,-8.326828956604004,22.787673950195312,4.1952362060546875,-1.744787573814392,-0.3778911232948303,1.3220164775848389,2.5180819034576416,6.156421184539795,5.690196990966797,4.840819835662842,-2.9478211402893066,0.30826783180236816,0.39313554763793945,0.3812025189399719,0.44445836544036865,0.661782443523407,0.5444105267524719,0.5429290533065796,0.49328339099884033,0.4846856892108917,0.3566259741783142,0.29446661472320557,0.3414841592311859,1.7804512977600098,1.9822386503219604
MC GP,Funk,ytsearch1:MC GP official audio,95.61,10,15.574,22050,135.99917763157896,0.34540867805480957,0.16404983401298523,0.07499301415797317,0.08328192409579642,2094.124160144064,1320.8501492167309,2368.2232715756513,597.7063512307798,4297.992043417008,2438.3120634597103,0.022465528920292854,0.04133862257003784,-82.89397430419922,92.41138458251953,19.89858055114746,42.647186279296875,18.309917449951172,10.805168151855469,-3.1603755950927734,5.214661598205566,-0.06603485345840454,-2.0639889240264893,-3.1253678798675537,7.400314807891846,-5.448602199554443,0.35623547434806824,0.5001605153083801,0.5568054914474487,0.4706732928752899,0.4362645745277405,0.40352851152420044,0.43377625942230225,0.3941795825958252,0.45936742424964905,0.4850552976131439,0.41740483045578003,0.3446454107761383,2.129990577697754,2.5039451122283936
DJ Ari SL,Funk,ytsearch1:DJ Ari SL official audio,73.92,10,13.874,22050,123.046875,0.3376319408416748,0.1259155422449112,0.07802130147366221,0.03321445850838113,2059.595372425072,566.2657188150623,2317.932709133066,388.5653886447486,4621.050596715614,1262.4503781991757,0.014690268784761429,0.018994634971022606,-12.914163589477539,100.45726776123047,-6.3078742027282715,29.040081024169922,-5.660600662231445,17.095378875732422,-6.383225440979004,11.733216285705566,-2.6316134929656982,4.646303176879883,0.6811155080795288,7.7004289627075195,5.497228622436523,0.6167802810668945,0.4100343883037567,0.5223491787910461,0.3511831760406494,0.36757561564445496,0.332607626914978,0.3193642497062683,0.3982420861721039,0.3536592423915863,0.4907922148704529,0.37406125664711,0.5209199786186218,1.4404462575912476,1.4890646934509277
Mc IG,Funk,ytsearch1:Mc IG official audio,87.03,10,16.974,22050,123.046875,0.22741983830928802,0.1207437813282013,0.08828806322674419,0.06602444443702564,1886.2388581624145,905.6139213373905,2023.1222821698736,642.345629687175,3620.950972821905,2104.3745404062165,0.016824983060359955,0.042311400175094604,-105.51586151123047,110.12873840332031,-36.65177917480469,9.726890563964844,22.27945899963379,-2.995800495147705,-3.9333739280700684,-1.5482224225997925,-6.275064468383789,0.5816510319709778,-10.828383445739746,6.248228549957275,0.7939009070396423,0.3032471835613251,0.437052458524704,0.41333842277526855,0.3201863467693329,0.37814828753471375,0.3257656991481781,0.5638135671615601,0.40231361985206604,0.35656416416168213,0.3625236451625824,0.41937410831451416,0.34645897150039673,1.7040437459945679,2.0714612007141113
Fernandinho,Gospel,ytsearch1:Fernandinho official audio,98.27,10,18.274,22050,143.5546875,0.27577945590019226,0.043444376438856125,0.09781570143742059,0.035319154647989,2582.138578193968,532.7505562304342,2958.3706060757213,274.77637251589204,6357.80818798642,1172.936853930263,0.029279135167598724,0.02108992636203766,-3.9714529514312744,89.92913055419922,21.515148162841797,16.514314651489258,13.087287902832031,5.053062438964844,-2.2465028762817383,6.567082405090332,-4.461062908172607,0.18418332934379578,-2.4691226482391357,3.036553382873535,-4.501073837280273,0.3528141379356384,0.5376250147819519,0.32356736063957214,0.4335019886493683,0.292300820350647,0.3141607344150543,0.2090781033039093,0.23806516826152802,0.4504105746746063,0.294770747423172,0.3846661150455475,0.2540241777896881,1.1421290636062622,1.010590672492981
Todah Music,Gospel,ytsearch1:Todah Music official audio,115.86,10,15.874,22050,123.046875,0.1885909140110016,0.05897503346204758,0.10783305921052631,0.06593169711701401,2740.1596493560105,959.808930868664,2895.14096002978,518.2145615757843,6381.304931640625,2100.475549886235,0.0287164356559515,0.03758898749947548,-70.35149383544922,90.38884735107422,7.202962398529053,-13.41357135772705,9.906058311462402,0.5675413608551025,-15.299675941467285,-9.563994407653809,-13.401715278625488,-0.1935817450284958,-18.207887649536133,2.5936837196350098,-7.898065090179443,0.3608883321285248,0.20992234349250793,0.31295353174209595,0.1599997580051422,0.13753779232501984,0.08280986547470093,0.16589033603668213,0.2890872061252594,0.21915973722934723,0.34907466173171997,0.2705102264881134,0.4613880217075348,1.2846096754074097,1.125545859336853
Thalles Roberto,Gospel,ytsearch1:Thalles Roberto official audio,78.54,10,18.474,22050,123.046875,0.17225681245326996,0.06104184314608574,0.0760148398241206,0.060011400990682987,2386.172384501116,963.7697435285105,2813.0575397853872,462.7040294582913,5743.427372457993,1870.8690214588448,0.019451603293418884,0.030133767053484917,-114.30967712402344,87.67852783203125,41.31327438354492,30.58402442932129,8.0423002243042,11.256845474243164,-10.100726127624512,7.933766841888428,1.9724971055984497,3.871382713317871,1.5964699983596802,7.69435453414917,-8.219345092773438,0.28012117743492126,0.3706546127796173,0.34711045026779175,0.47437864542007446,0.5322244167327881,0.3465012311935425,0.4006720185279846,0.4026867747306824,0.41887450218200684,0.35147351026535034,0.2673737704753876,0.355768084526062,1.3978928327560425,1.677822470664978
Gabriela Rocha,Gospel,ytsearch1:Gabriela Rocha official audio,31.64,10,11.574,22050,112.34714673913044,0.056756455451250076,0.028709150850772858,0.10544135145290581,0.09760100778161078,2671.9306335380957,1317.6199429839683,2824.93684205954,770.0274011254638,6064.423182302105,2804.776977449444,0.02259349822998047,0.04384487122297287,-252.64566040039062,98.18343353271484,22.037656784057617,-21.508094787597656,-7.886526584625244,-16.56490707397461,5.595737457275391,-16.41350746154785,-16.185897827148438,1.2748150825500488,-21.1370849609375,-3.6059446334838867,-16.214014053344727,0.3140486478805542,0.14184081554412842,0.17114762961864471,0.10033609718084335,0.07804632186889648,0.07725542783737183,0.2733900547027588,0.42264798283576965,0.19470888376235962,0.23261457681655884,0.2143721729516983,0.45874476432800293,1.3374730348587036,1.4342924356460571
Julliany Souza,Gospel,ytsearch1:Julliany Souza official audio,1215.14,10,15.074,22050,129.19921875,0.18072707951068878,0.055997926741838455,0.07447490985576923,0.03133157562128474,1917.3581927303203,726.1113714012799,2361.9808226497494,530.8059608249002,3999.9746844951924,1847.0282007744233,0.005325898993760347,0.008709562942385674,-131.0480194091797,107.29704284667969,13.555327415466309,8.173755645751953,7.324282646179199,2.6598308086395264,-6.195816516876221,-6.832088470458984,-7.113335132598877,2.476694107055664,-10.623027801513672,-5.61826753616333,-12.017302513122559,0.14388862252235413,0.09802736341953278,0.17472226917743683,0.1311604231595993,0.24805107712745667,0.1841401308774948,0.3314233124256134,0.6691967844963074,0.24210533499717712,0.10489534586668015,0.08660248667001724,0.1872255951166153,1.135224461555481,0.9638542532920837
fhop music,Gospel,ytsearch1:fhop music official audio,323.5,10,13.474,22050,129.19921875,0.27599892020225525,0.04073885828256607,0.11707656518932874,0.026207820795181993,2753.0473585880413,309.5693359931409,2841.4277406228034,143.88066531607126,6229.488951901355,560.4107762882286,0.05591319128870964,0.024340834468603134,28.581117630004883,79.340576171875,6.54462194442749,22.536720275878906,3.6746432781219482,9.272942543029785,-0.6771151423454285,3.15504789352417,1.4174703359603882,8.64013957977295,2.180321216583252,-1.3005211353302002,-2.2361552715301514,0.3261038661003113,0.43789026141166687,0.5172256827354431,0.3941858112812042,0.5785269141197205,0.34843406081199646,0.3859405815601349,0.4235144257545471,0.46999555826187134,0.641145646572113,0.36954015493392944,0.44374680519104004,0.9475866556167603,0.4839229881763458
Isadora Pompeo,Gospel,ytsearch1:Isadora Pompeo official audio,2333.44,10,13.374,22050,92.28515625,0.22985485196113586,0.06066371500492096,0.11468760172526042,0.03588255131215641,2774.6921378630996,383.8777214657844,2596.2731322215673,212.4021173925488,5605.21240234375,789.2906078193455,0.041255295276641846,0.03340444341301918,-15.244181632995605,65.23072052001953,-14.126428604125977,30.987239837646484,-1.8210500478744507,13.055069923400879,6.41586971282959,5.284414291381836,2.2319486141204834,11.05854606628418,4.138650894165039,2.8463075160980225,-4.05590295791626,0.26066556572914124,0.26524755358695984,0.39634957909584045,0.277296245098114,0.3607410788536072,0.3690009117126465,0.4718918204307556,0.5216544270515442,0.35917553305625916,0.5886198878288269,0.30270883440971375,0.33290016651153564,1.0986518859863281,0.7231089472770691
Coral Canção Nova,Gospel,ytsearch1:Coral Canção Nova official audio,44.51,10,14.474,22050,161.4990234375,0.03861917927861214,0.015670785680413246,0.14422294421073717,0.0459752549732436,2464.9292663244573,447.2743171711961,2078.107102155576,151.14331673778153,4361.577899639423,633.7356061297305,0.006275007966905832,0.007343109231442213,-257.87115478515625,54.689178466796875,-43.479496002197266,13.204179763793945,-30.64802360534668,-26.920169830322266,-19.585037231445312,-8.605825424194336,-17.571533203125,2.7391912937164307,3.833590030670166,6.656171798706055,-7.760589599609375,0.17397944629192352,0.2288929671049118,0.41668006777763367,0.29903748631477356,0.4680688679218292,0.14358046650886536,0.3079759478569031,0.5070173740386963,0.09500923752784729,0.0402943417429924,0.1534716635942459,0.2209489494562149,1.192355751991272,0.6786956191062927
Dr Zoa,Gospel,ytsearch1:Dr Zoa official audio,67.59,10,17.574,22050,161.4990234375,0.07996553182601929,0.017850983887910843,0.13118059569022458,0.059655612051957706,2892.8093872622826,742.1397327421336,2924.466796182124,346.31263915171905,6543.362987120211,1571.8384554933564,0.042851418256759644,0.04021992161870003,-117.25780487060547,78.94031524658203,9.150763511657715,11.078176498413086,8.41425895690918,0.5484862923622131,0.9379444718360901,0.514341413974762,-7.323413848876953,11.055923461914062,-4.628815174102783,4.235165596008301,2.863922119140625,0.5074541568756104,0.32020723819732666,0.31683242321014404,0.2319326251745224,0.33511239290237427,0.34233731031417847,0.31995147466659546,0.47950634360313416,0.28880786895751953,0.3240917921066284,0.24799898266792297,0.3529830276966095,1.2665425539016724,0.9085947275161743
Forrest Frank,Gospel,ytsearch1:Forrest Frank official audio,511.07,10,11.074,22050,86.1328125,0.06406423449516296,0.03608595207333565,0.05065738829926625,0.051107134192469664,1232.1213511261453,975.3261667102261,1804.0108860319692,745.3365128111759,2146.774579893868,2165.6750212885254,0.0072561101987957954,0.028496040031313896,-315.0186462402344,147.48683166503906,36.218467712402344,7.107447624206543,12.492891311645508,-6.938273906707764,0.3282695412635803,-3.2336723804473877,-12.449812889099121,-7.309272289276123,-13.853561401367188,-8.44491195678711,-5.539301872253418,0.09049706161022186,0.21239492297172546,0.17643480002880096,0.0943593680858612,0.15278661251068115,0.06957189738750458,0.06389231979846954,0.08057796955108643,0.3842931389808655,0.8895895481109619,0.24234025180339813,0.052172549068927765,0.9785106182098389,1.2414665222167969
Alex Bradford & The Bradford Singers,Gospel,ytsearch1:Alex Bradford & The Bradford Singers official audio,100.73,10,10.013,22050,135.99917763157896,0.04264432564377785,0.016839170828461647,0.07203391746238426,0.018067471124883785,1301.3751695090255,161.40110470794843,1523.0399170512712,292.43193582719675,2028.0588785807292,448.4523192547382,0.0029060454107820988,0.0024504566099494696,-251.67994689941406,161.34388732910156,-33.686370849609375,-11.633131980895996,-6.363732814788818,-15.156113624572754,-10.072468757629395,-7.871150970458984,-16.117429733276367,-8.957385063171387,-9.895524978637695,-4.183849811553955,-12.585553169250488,0.2596597373485565,0.3887191414833069,0.4003121852874756,0.4852833151817322,0.2951177954673767,0.2993852198123932,0.39668008685112,0.3427548110485077,0.41673150658607483,0.24321384727954865,0.28309428691864014,0.31122708320617676,1.2814059257507324,1.0791836977005005
Skillet,Gospel,ytsearch1:Skillet official audio,44.33,10,14.274,22050,78.30255681818181,0.24705852568149567,0.07207580655813217,0.17439580157520326,0.04438297325391828,3029.8955439113147,583.615203885503,2612.9975044237026,356.78510180134253,5914.138004954269,1254.4756014659242,0.07245678454637527,0.05489864945411682,15.857030868530273,65.36190032958984,-20.681148529052734,21.108427047729492,-1.2964677810668945,-0.3137698173522949,1.3365168571472168,3.9845285415649414,6.457106113433838,7.579555511474609,1.6716850996017456,0.33684924244880676,-1.530956506729126,0.33845987915992737,0.2973720133304596,0.3981197476387024,0.2668702304363251,0.33779722452163696,0.36103659868240356,0.31972140073776245,0.34235644340515137,0.3892049193382263,0.7406717538833618,0.3982624411582947,0.32842764258384705,1.2728321552276611,0.8623657822608948
Jennifer,Gospel,ytsearch1:Jennifer official audio,98.92,10,18.874,22050,123.046875,0.20754081010818481,0.07254017144441605,0.11603616524446494,0.0604862644097431,2510.046723945429,846.1000813750951,2639.901959332404,444.214556348555,5414.858975005765,1775.9734720988133,0.02680753357708454,0.03982297703623772,-60.36370086669922,84.5514907836914,3.870037317276001,27.439285278320312,16.700437545776367,-6.744304180145264,-2.566659688949585,2.8819918632507324,-17.453237533569336,-2.1773934364318848,-9.509729385375977,-11.222248077392578,-4.144606113433838,0.4981025159358978,0.38844236731529236,0.32050806283950806,0.40098467469215393,0.3454127907752991,0.4009232521057129,0.31677284836769104,0.4697980284690857,0.492978036403656,0.34266167879104614,0.37600934505462646,0.337468683719635,1.7305505275726318,1.38844633102417
D. Ricci,Gospel,ytsearch1:D. Ricci official audio,47.52,10,17.474,22050,135.99917763157896,0.17399170994758606,0.11921359598636627,0.0534515583499336,0.05020919416678479,1882.1403139475096,1282.2079312106766,2280.3840591038816,793.317789710349,3955.1318164840636,2739.262171758476,0.011416763067245483,0.028169428929686546,-203.9069366455078,101.14427947998047,22.883567810058594,20.638044357299805,14.399049758911133,-3.0697343349456787,-15.271489143371582,6.113306999206543,-14.51966381072998,3.157440185546875,-4.06319522857666,0.9661495089530945,1.0777138471603394,0.46177467703819275,0.5432744026184082,0.3512439429759979,0.28880760073661804,0.3032384514808655,0.3005845546722412,0.37616559863090515,0.2626356780529022,0.2915700376033783,0.3203712999820709,0.39642491936683655,0.6711593270301819,1.7413052320480347,2.2672629356384277
Black Music Gospel BR,Gospel,ytsearch1:Black Music Gospel BR official audio,425.2,10,15.174,22050,123.046875,0.11747370660305023,0.05051823705434799,0.0840903932530581,0.062466910606586316,2729.567546651101,966.413826839859,3311.8214836623906,464.0382009552057,7247.997150946101,2133.065982020559,0.022248635068535805,0.03479490056633949,-167.72605895996094,81.63577270507812,53.53800964355469,27.530662536621094,17.735727310180664,1.781731367111206,15.611726760864258,-10.683586120605469,8.633885383605957,5.662214279174805,0.6305379867553711,9.314901351928711,-3.7548868656158447,0.4505121409893036,0.33823174238204956,0.30365413427352905,0.22616299986839294,0.3185212314128876,0.3833409249782562,0.27565667033195496,0.3366508483886719,0.30980125069618225,0.4219765365123749,0.40968456864356995,0.33834126591682434,1.4069077968597412,1.88087797164917
Freddy Lalremruata,Gospel,ytsearch1:Freddy Lalremruata official audio,95.3,10,15.274,22050,117.45383522727273,0.10899350792169571,0.01778591051697731,0.09432732950227964,0.028329434098049895,2246.7632727834216,432.27300142816193,2464.591456333751,252.85782857182892,4601.77313622008,1049.9591877615294,0.019742565229535103,0.01674557477235794,-103.86614227294922,85.32630920410156,-8.116503715515137,37.55857467651367,16.63052749633789,4.480559825897217,10.085409164428711,2.4908034801483154,-4.0818867683410645,-1.4994823932647705,-5.327866554260254,-4.3559794425964355,-4.556535720825195,0.3044227063655853,0.3695501685142517,0.5427203178405762,0.3336639702320099,0.21475674211978912,0.2127806395292282,0.47373753786087036,0.5683740377426147,0.359478622674942,0.31643253564834595,0.25443440675735474,0.3167376220226288,1.2026041746139526,0.8356026411056519
Cristiano Araújo,Gospel,ytsearch1:Cristiano Araújo official audio,107.44,10,17.374,22050,117.45383522727273,0.2881391644477844,0.07172315567731857,0.07209873581441922,0.04361211259870417,2119.062595752659,772.2207643075569,2624.637108939217,455.3106104551117,4833.169127847546,1838.04767857914,0.017976226285099983,0.026096897199749947,-40.491275787353516,100.56185150146484,18.192455291748047,20.307754516601562,6.642789363861084,4.763947486877441,2.6396048069000244,1.5614244937896729,-5.964773178100586,-1.488026738166809,-3.354607343673706,4.20400857925415,-3.2047131061553955,0.31946516036987305,0.2556838393211365,0.3260780870914459,0.26670920848846436,0.35222721099853516,0.4089663624763489,0.3493673801422119,0.5133485794067383,0.3531724810600281,0.37589290738105774,0.20774923264980316,0.20914411544799805,1.5740846395492554,1.6545649766921997
Gabriel Brito,Gospel,ytsearch1:Gabriel Brito official audio,142.85,10,12.874,22050,129.19921875,0.14929744601249695,0.07409645617008209,0.10512827280405405,0.08814290606265601,2428.978159822045,1169.2508228843328,2558.7228355717502,528.2271776120391,5047.7513988597975,2193.7324889958977,0.02714346908032894,0.04707947000861168,-111.55599975585938,95.01427459716797,6.5392374992370605,9.786388397216797,-5.262567520141602,-7.233072757720947,-3.05843448638916,-0.48065701127052307,-11.73485279083252,0.046056028455495834,-10.918135643005371,-2.528639316558838,-3.3231701850891113,0.21348564326763153,0.27583548426628113,0.2013116478919983,0.2705615758895874,0.26513931155204773,0.3108319640159607,0.4610216021537781,0.1850622296333313,0.18535348773002625,0.14590737223625183,0.3252597451210022,0.5014268755912781,1.221364974975586,1.1215018033981323
Frei Gilson,Gospel,ytsearch1:Frei Gilson official audio,194.03,10,13.974,22050,143.5546875,0.10130558162927628,0.04849107190966606,0.07707381644518273,0.07304524741800109,1779.2284583237708,1283.250140274566,2025.7317075500066,752.8741535554515,3533.4484011627906,2541.0582069582515,0.021628698334097862,0.049874432384967804,-186.5319061279297,123.6738510131836,14.818865776062012,25.3105525970459,1.8257359266281128,7.982309818267822,-4.012899875640869,1.7463650703430176,-7.176015853881836,-7.578982353210449,-11.006893157958984,-4.232762336730957,-7.668760299682617,0.3542221784591675,0.35938069224357605,0.3688723146915436,0.18906468152999878,0.19125069677829742,0.1486157774925232,0.22474117577075958,0.1758120208978653,0.2461743801832199,0.5997218489646912,0.4105261564254761,0.560032069683075,1.2247473001480103,1.3383171558380127
Nirvana,Indie/Alternativo,ytsearch1:Nirvana official audio,39.32,10,19.274,22050,123.046875,0.16612683236598969,0.04338045418262482,0.09604098507069796,0.03836181461132642,2574.5910735017433,518.4010014977772,2757.050465277061,235.7492319006342,5895.588898916967,970.1910053755039,0.023836510255932808,0.02166215516626835,-78.47573852539062,73.55255126953125,14.194623947143555,41.121891021728516,9.803831100463867,20.980182647705078,-0.2712037265300751,9.600842475891113,2.494036912918091,12.66291332244873,-0.5101870894432068,8.931507110595703,-9.011090278625488,0.21898253262043,0.338609904050827,0.5659770965576172,0.4977530539035797,0.5412542819976807,0.4257121980190277,0.4322892427444458,0.33688798546791077,0.35286685824394226,0.40319740772247314,0.27059119939804077,0.26594483852386475,1.382676601409912,1.5782607793807983
Arctic Monkeys,Indie/Alternativo,ytsearch1:Arctic Monkeys official audio,85.98,10,15.974,22050,83.35433467741936,0.19192440807819366,0.07121703028678894,0.08050182253815406,0.04986886444462274,1837.6623117266238,712.0509363248664,2125.5023840483605,466.1199888966712,3701.504410144895,1515.1428195561848,0.015293674543499947,0.04025966301560402,-80.43867492675781,117.49691009521484,-16.752994537353516,31.193035125732422,9.8443603515625,0.3463582396507263,2.853794813156128,10.27210807800293,-3.1224706172943115,1.3664166927337646,3.2394416332244873,5.1599931716918945,-1.4736194610595703,0.45396140217781067,0.3306221067905426,0.4304565191268921,0.301253080368042,0.28571417927742004,0.34214743971824646,0.3466763496398926,0.470838338136673,0.2910788655281067,0.29956769943237305,0.42155811190605164,0.43438076972961426,1.2494438886642456,0.951565682888031
Tame Impala,Indie/Alternativo,ytsearch1:Tame Impala official audio,112.77,10,12.774,22050,117.45383522727273,0.3076254427433014,0.08807168900966644,0.09411333087568058,0.053851666378158386,2186.707425685902,835.5349154194179,2354.305255279452,464.3829076107969,4720.676052418898,1575.7242465546676,0.02546102926135063,0.04118736833333969,-18.054439544677734,102.25740051269531,-2.89304518699646,22.09856414794922,-6.150116443634033,15.445347785949707,-6.229461193084717,2.4498984813690186,-2.867584228515625,0.9911882281303406,-3.30077862739563,-1.3010834455490112,-7.733438491821289,0.2946993410587311,0.4134158790111542,0.3429698646068573,0.4441366195678711,0.5440843105316162,0.34853965044021606,0.3981950283050537,0.2667336165904999,0.408731609582901,0.28376665711402893,0.24600635468959808,0.42315003275871277,1.4326517581939697,1.7901395559310913
The Neighbourhood,Indie/Alternativo,ytsearch1:The Neighbourhood official audio,110.34,10,10.274,22050,112.34714673913044,0.25881239771842957,0.07761111855506897,0.09613739771444696,0.06546229991976606,2200.6031480488004,1064.5395040284716,2365.3900448880067,556.4495955298584,4503.89059854684,2140.0159057019155,0.031065909191966057,0.05171048641204834,-37.722042083740234,108.41144561767578,-5.149313926696777,13.398602485656738,-1.6908869743347168,2.100999116897583,-10.091925621032715,-4.3361077308654785,5.587400913238525,-0.13452492654323578,1.247724175453186,1.3905445337295532,-0.034825894981622696,0.2580236494541168,0.29581645131111145,0.41311344504356384,0.30752190947532654,0.4847346246242523,0.34479305148124695,0.5817285776138306,0.3514558672904968,0.3152056634426117,0.35526710748672485,0.3300369679927826,0.4447292983531952,1.3808311223983765,1.4230289459228516
The Strokes,Indie/Alternativo,ytsearch1:The Strokes official audio,90.22,10,10.174,22050,151.99908088235293,0.3192642033100128,0.07437679171562195,0.08100129911731208,0.030567801974925687,2061.8941004662333,550.7930771277038,2366.985981348074,365.7156658980345,4249.104298654613,1375.4125796533501,0.012324276380240917,0.01617048680782318,-25.96160125732422,96.76078796386719,-11.21613597869873,19.219938278198242,10.139408111572266,4.299929141998291,4.444000720977783,11.781583786010742,-5.032781600952148,6.99015998840332,-4.408098220825195,5.314274787902832,0.5574720501899719,0.22409887611865997,0.47050583362579346,0.32818588614463806,0.22936378419399261,0.30917486548423767,0.2777758240699768,0.3737606704235077,0.2607845664024353,0.44157952070236206,0.6340148448944092,0.31241121888160706,0.24079349637031555,1.1704241037368774,0.9619755744934082
Skank,Indie/Alternativo,ytsearch1:Skank official audio,167.26,10,17.274,22050,99.38401442307692,0.2352057844400406,0.04582974687218666,0.09773500504032258,0.03883403558353892,2538.04131331058,611.6975565832976,2817.882770407396,323.21654953813123,5644.796063823084,1510.2062246739856,0.03437189385294914,0.037522103637456894,-29.54738426208496,80.81363677978516,4.845106601715088,22.34567642211914,17.846715927124023,4.997902870178223,13.418763160705566,7.304436206817627,2.402254104614258,6.768107891082764,0.9498275518417358,3.43319034576416,6.24412727355957,0.5010160207748413,0.43720531463623047,0.3582014739513397,0.35150736570358276,0.5096364617347717,0.3382701575756073,0.3067510724067688,0.3965317904949188,0.451579749584198,0.6235687732696533,0.4955293834209442,0.46518829464912415,1.7443602085113525,2.125732183456421
Pearl Jam,Indie/Alternativo,ytsearch1:Pearl Jam official audio,76.13,10,16.074,22050,75.99954044117646,0.12715545296669006,0.04964646324515343,0.07662281295093795,0.03306404463976345,2001.1564618028488,504.3829689418054,2404.1469092273046,385.1973910481059,4451.360529119318,1273.818587406142,0.017855089157819748,0.022319169715046883,-106.09378051757812,107.7576675415039,1.308530330657959,20.52689552307129,1.1707152128219604,6.9874773025512695,-1.7221955060958862,5.6195807456970215,2.6878626346588135,-0.8247299194335938,-1.6126608848571777,3.686849594116211,-1.2421742677688599,0.4491601884365082,0.33181440830230713,0.3057518005371094,0.38935092091560364,0.666842520236969,0.3711310029029846,0.27306830883026123,0.28236865997314453,0.20428618788719177,0.20291303098201752,0.25740593671798706,0.4445931017398834,1.142626404762268,1.3086739778518677
Linkin Park,Indie/Alternativo,ytsearch1:Linkin Park official audio,79.86,10,19.874,22050,129.19921875,0.2924077808856964,0.09311296790838242,0.14933990763726634,0.08316856996205665,3032.6779644153303,837.5587674188903,2844.056429568406,316.35002413161465,6452.426831967363,1287.488602918969,0.07433710247278214,0.061369724571704865,23.028949737548828,68.7957534790039,0.21656464040279388,15.127263069152832,2.7177040576934814,11.338006973266602,-0.7224974036216736,6.288887977600098,4.324605941772461,4.2807793617248535,-2.7422149181365967,1.4726327657699585,-0.11539331078529358,0.4719339609146118,0.4042006731033325,0.3260563611984253,0.31770429015159607,0.3144703507423401,0.3250138461589813,0.4597751796245575,0.3606286346912384,0.3794122040271759,0.45818352699279785,0.5257109999656677,0.6628501415252686,1.3232183456420898,1.1518908739089966
Dominic Fike,Indie/Alternativo,ytsearch1:Dominic Fike official audio,85.02,10,14.974,22050,129.19921875,0.2791750729084015,0.0652938112616539,0.08818132267441861,0.05222662815946068,2061.43813807638,875.9389709869265,2376.124002574476,517.8046076411475,4302.217137536337,1971.6058492746306,0.028126869350671768,0.04392877593636513,-18.03545379638672,112.37962341308594,2.2698633670806885,20.070409774780273,6.930600643157959,5.413634300231934,-0.07264754176139832,-0.11408748477697372,-7.778941631317139,4.910269737243652,-1.6743311882019043,2.8027799129486084,-3.4989609718322754,0.4166877567768097,0.28118959069252014,0.34103119373321533,0.30547040700912476,0.4175625145435333,0.3790777027606964,0.5003241300582886,0.5627585053443909,0.40334051847457886,0.4893794059753418,0.4602888226509094,0.5961435437202454,1.5166765451431274,1.5843364000320435
Take My Chances,Indie/Alternativo,ytsearch1:Take My Chances official audio,76.85,10,16.874,22050,151.99908088235293,0.22570040822029114,0.05555221065878868,0.07347860428129298,0.052193957898359664,1909.2313708634772,925.6410887749614,2236.1553426605096,539.0111921306288,3903.522475713549,1875.6841739387908,0.016292234882712364,0.031195376068353653,-86.80653381347656,105.9822998046875,-0.16371190547943115,33.894744873046875,16.421329498291016,10.895379066467285,5.374197959899902,6.9432759284973145,0.2527883052825928,4.735518932342529,-2.0468099117279053,1.1483229398727417,0.49258071184158325,0.28372418880462646,0.24946467578411102,0.4279748499393463,0.6031126379966736,0.416574090719223,0.3630715310573578,0.27269864082336426,0.34723082184791565,0.29373612999916077,0.32146793603897095,0.43893927335739136,0.27484333515167236,1.3053359985351562,1.5427459478378296
Rutuu,Indie/Alternativo,ytsearch1:Rutuu official audio,108.69,10,18.674,22050,73.828125,0.1655617207288742,0.09620228409767151,0.10796171389751552,0.10309220953502736,2421.2585232543643,1321.906246718354,2476.643965784528,611.188165421641,4928.26808763587,2380.7511717379243,0.03676743432879448,0.06598726660013199,-120.08380889892578,88.07160186767578,11.85457706451416,20.51690101623535,0.39018169045448303,-1.3362444639205933,-9.140289306640625,-6.603147506713867,-14.692801475524902,-2.7794837951660156,-7.474917888641357,-2.078127384185791,-5.802405834197998,0.44038960337638855,0.381334125995636,0.4902917444705963,0.48977482318878174,0.3953526020050049,0.36811357736587524,0.3455071449279785,0.4806843400001526,0.3769350051879883,0.325783908367157,0.3512892425060272,0.38075700402259827,1.7983365058898926,2.0233070850372314
Alternative Control,Indie/Alternativo,ytsearch1:Alternative Control official audio,51.0,10,10.974,22050,184.5703125,0.1209101751446724,0.022538650780916214,0.13108338563689217,0.060228258610120045,3202.856022050201,620.0184420022417,2982.965432400818,238.5969767397464,6900.526631458113,968.8753829609356,0.06000903621315956,0.0416705422103405,-76.55540466308594,53.29640197753906,4.230406761169434,26.222774505615234,9.54565715789795,11.00944995880127,6.449653148651123,8.699563980102539,9.752819061279297,10.345666885375977,-0.15245859324932098,6.751819133758545,3.4776644706726074,0.38843050599098206,0.4770801067352295,0.35519862174987793,0.4159156084060669,0.3073914051055908,0.33807384967803955,0.4561272859573364,0.4053000807762146,0.42874598503112793,0.37368330359458923,0.4943137764930725,0.3877317011356354,1.1450527906417847,0.9075391292572021
Alex Warren,Indie/Alternativo,ytsearch1:Alex Warren official audio,135.35,10,15.274,22050,117.45383522727273,0.31723320484161377,0.11315511167049408,0.062415404160334344,0.046080743760596586,1714.8719871092296,778.0623145791498,2189.5129850284284,507.7014391500886,3549.182388630319,1805.1217842852584,0.013311498798429966,0.028396854177117348,-55.611629486083984,122.01016235351562,3.8246817588806152,19.09392547607422,10.89656925201416,10.508330345153809,-1.4130873680114746,9.90955638885498,-5.161771774291992,3.5620555877685547,1.164581537246704,-0.4763169586658478,0.20409256219863892,0.33291569352149963,0.3197577893733978,0.3215896785259247,0.41640999913215637,0.2748420238494873,0.2942526042461395,0.3916398584842682,0.3835259675979614,0.4970722496509552,0.36036932468414307,0.4005046784877777,0.46676725149154663,1.3451519012451172,1.2641665935516357
Lana Del Rey,Indie/Alternativo,ytsearch1:Lana Del Rey official audio,49.91,10,19.874,22050,123.046875,0.2176978886127472,0.06387289613485336,0.07172258323598131,0.04877744874585649,1773.145852949455,804.4116843052673,2170.3999862469814,582.4625996383546,3749.4941497517525,1933.034872717572,0.014856819994747639,0.02552604116499424,-77.73326873779297,123.9036636352539,-1.5540554523468018,18.240053176879883,0.9582293033599854,15.295554161071777,11.01866626739502,3.5875518321990967,9.349361419677734,5.234592914581299,-0.889539361000061,4.399634838104248,-3.866497278213501,0.3448699414730072,0.4160030484199524,0.41171035170555115,0.39761582016944885,0.5657406449317932,0.47545117139816284,0.5726026892662048,0.4155813157558441,0.4138886630535126,0.38330143690109253,0.3309108018875122,0.3348783552646637,1.492934226989746,1.5003575086593628
Audioslave,Indie/Alternativo,ytsearch1:Audioslave official audio,114.89,10,14.874,22050,89.10290948275862,0.2677391767501831,0.06940661370754242,0.098120155274961,0.05852447366805945,2711.483682651412,770.3926158549913,2871.4177084102553,340.6901604528715,6208.58346638553,1389.6674397799234,0.04094480723142624,0.05174506828188896,-22.709245681762695,72.8362808227539,15.599517822265625,30.168418884277344,11.95819091796875,13.281936645507812,-0.6260533332824707,7.057604789733887,2.106194496154785,5.603550434112549,-1.7034854888916016,5.807773113250732,-0.5045458674430847,0.3402099609375,0.3573400676250458,0.4605453908443451,0.4266379773616791,0.4387030005455017,0.3480541706085205,0.3190107047557831,0.4101705849170685,0.41594401001930237,0.47516322135925293,0.47768402099609375,0.4382264316082001,1.4219915866851807,1.5900189876556396
Alternative TV,Indie/Alternativo,ytsearch1:Alternative TV official audio,262.48,10,12.474,22050,151.99908088235293,0.10852741450071335,0.014489413239061832,0.21247948855715612,0.03531048849170687,3067.9478140811725,404.5829762614962,2321.725532160621,223.3680660226512,5466.271655001162,736.124518379956,0.08643799275159836,0.05075271800160408,-40.17405319213867,57.343692779541016,-41.14024353027344,28.910947799682617,-10.343534469604492,11.50930118560791,-0.7680235505104065,8.417232513427734,12.563939094543457,-1.617133378982544,-4.323974609375,8.25893783569336,-5.920094966888428,0.5792468786239624,0.5258761048316956,0.6656985282897949,0.7672069072723389,0.6474181413650513,0.37452080845832825,0.3023545742034912,0.35142505168914795,0.3929682672023773,0.47291094064712524,0.4886588752269745,0.6770009398460388,0.9529632329940796,0.530575692653656
System Of A Down,Indie/Alternativo,ytsearch1:System Of A Down official audio,46.66,10,16.674,22050,135.99917763157896,0.32052046060562134,0.05902790650725365,0.10302802286161335,0.03907737395107614,2633.2206654003535,594.7731606835326,2659.946073174119,325.1906593009124,5489.978485744089,1279.1489366972967,0.04255025461316109,0.032029613852500916,18.876445770263672,76.3016357421875,-8.787294387817383,28.818622589111328,13.24649715423584,7.311012268066406,9.16736125946045,8.235313415527344,5.514950752258301,9.687544822692871,1.6751608848571777,8.066221237182617,-1.2904163599014282,0.7160580158233643,0.6771913170814514,0.6394710540771484,0.5902592539787292,0.44834133982658386,0.3615719974040985,0.3551725745201111,0.4438183307647705,0.4301799535751343,0.39294061064720154,0.45593515038490295,0.569206178188324,1.5202168226242065,1.5712528228759766
Alice In Chains,Indie/Alternativo,ytsearch1:Alice In Chains official audio,42.27,10,12.274,22050,123.046875,0.2422129362821579,0.05013539269566536,0.12003134599480152,0.031081951343015893,2548.3920558572954,325.52165702366614,2559.9995097748897,207.25469151054642,5423.4160396237,687.4838716344977,0.045184094458818436,0.02662448026239872,8.747193336486816,82.5088119506836,-5.439423084259033,31.99582862854004,-3.2340381145477295,9.224289894104004,3.19421648979187,10.49602222442627,2.539945363998413,8.108274459838867,1.2521607875823975,7.303084850311279,3.215761184692383,0.5321544408798218,0.639208972454071,0.4747769236564636,0.43509092926979065,0.48886674642562866,0.4332387447357178,0.5091783404350281,0.44410955905914307,0.4972691237926483,0.3899310231208801,0.4309162497520447,0.53970867395401,1.0476266145706177,0.7767746448516846
Elis Regina,Jazz,ytsearch1:Elis Regina official audio,34.73,10,14.674,22050,172.265625,0.08341287076473236,0.025967750698328018,0.06760068482990507,0.024780506896813558,1688.591289901146,421.9461105844805,2093.221245092236,309.19230629050685,3538.072223904767,1142.99268796467,0.006623579654842615,0.008301686495542526,-179.7209014892578,119.99848175048828,-0.2993135154247284,26.717933654785156,-8.057586669921875,0.8746199011802673,-7.1684770584106445,-13.597543716430664,-13.352075576782227,-7.315831661224365,-15.703239440917969,0.6456681489944458,-7.632664203643799,0.29903972148895264,0.31485575437545776,0.203199103474617,0.3629979193210602,0.3416787087917328,0.18116667866706848,0.29088839888572693,0.2040514349937439,0.25023365020751953,0.17072223126888275,0.2562803030014038,0.6064860224723816,1.6164846420288086,2.027385711669922
Vinícius de Moraes,Jazz,ytsearch1:Vinícius de Moraes official audio,93.77,10,13.774,22050,123.046875,0.11086200922727585,0.018720759078860283,0.04519067629419192,0.012186347837285623,1501.5163257095126,354.6652170927989,2307.336608537902,358.4242132709581,3286.731696851326,1413.2194210501525,0.004761486314237118,0.00407095393165946,-164.9576873779297,126.48759460449219,32.86750411987305,21.4711971282959,4.947429180145264,5.368712425231934,-2.016719102859497,-7.123879432678223,-11.508323669433594,1.9023854732513428,-0.7781270146369934,4.354479789733887,1.2497828006744385,0.4723738729953766,0.573612630367279,0.6072901487350464,0.27809640765190125,0.2543555498123169,0.28241297602653503,0.18512707948684692,0.21337638795375824,0.41399770975112915,0.4203004240989685,0.18874657154083252,0.33655110001564026,1.3237236738204956,1.1315282583236694
Frank Sinatra,Jazz,ytsearch1:Frank Sinatra official audio,51.89,10,11.874,22050,172.265625,0.2085348516702652,0.04740423336625099,0.11113834381103516,0.02981071980996807,2014.4506339646277,378.5068960212257,1937.1482634326799,251.20016348621184,3971.5091228485107,804.4152595817009,0.010090306401252747,0.014880492351949215,-50.31266784667969,110.97103881835938,-33.406890869140625,40.06923294067383,-9.776602745056152,11.120668411254883,-18.999008178710938,4.428494453430176,-7.082371711730957,-3.9234864711761475,-5.041801929473877,-0.9255948066711426,-4.824858665466309,0.5872960090637207,0.2984771132469177,0.1752932071685791,0.35978323221206665,0.32400819659233093,0.22628028690814972,0.1703735888004303,0.24251452088356018,0.1755649447441101,0.27263063192367554,0.44113290309906006,0.31661999225616455,1.279268741607666,0.6586791276931763
Olivia Dean,Jazz,ytsearch1:Olivia Dean official audio,111.85,10,11.874,22050,117.45383522727273,0.2731782793998718,0.09809982776641846,0.05811882019042969,0.02642436025457425,1652.2976268587831,626.6235327230955,2149.167436572864,523.8963960933953,3483.7526321411133,1611.7364711890516,0.008494756184518337,0.01262311264872551,-81.18333435058594,124.48885345458984,8.546126365661621,29.858013153076172,11.018173217773438,2.630746841430664,12.511490821838379,-3.612985849380493,-3.465895652770996,12.407520294189453,-11.445113182067871,3.6021435260772705,-5.51102352142334,0.35907435417175293,0.6407328248023987,0.3635387420654297,0.357769250869751,0.2978658378124237,0.41171616315841675,0.33824795484542847,0.30714643001556396,0.36262744665145874,0.30588915944099426,0.36993855237960815,0.22546881437301636,1.8806028366088867,2.407799243927002
Antônio Carlos Jobim,Jazz,ytsearch1:Antônio Carlos Jobim official audio,1734.09,10,14.074,22050,135.99917763157896,0.07846678048372269,0.028500333428382874,0.056042138591433276,0.026215116916525602,1784.8733772788307,895.8909653787275,2338.513839768069,649.587964588878,3765.011390547776,2514.549906755056,0.013274502009153366,0.029875105246901512,-234.96780395507812,110.80467224121094,27.218486785888672,9.645952224731445,-0.8456868529319763,12.664825439453125,-0.24055247008800507,1.0166668891906738,1.4708454608917236,-1.8457303047180176,-6.62609338760376,-5.434656143188477,-4.310616493225098,0.2558714747428894,0.11795883625745773,0.10355063527822495,0.2105090171098709,0.35812172293663025,0.12017326802015305,0.12146764993667603,0.24499884247779846,0.24060270190238953,0.419236421585083,0.141789048910141,0.14293400943279266,1.7999112606048584,2.5385334491729736
JAZZWRLD,Jazz,ytsearch1:JAZZWRLD official audio,119.96,10,19.974,22050,95.703125,0.12238989025354385,0.05666518211364746,0.06285274208768873,0.034130486360057846,2033.3892003500268,697.3630636798974,2644.005928710311,471.8785298303997,4868.567192263719,1900.5354241189937,0.01841062866151333,0.029259713366627693,-131.0216827392578,106.07250213623047,25.295509338378906,18.88631820678711,11.021677017211914,12.431930541992188,6.194290637969971,5.52153205871582,-4.106070041656494,5.188485622406006,0.8891492486000061,1.2526143789291382,0.12473423779010773,0.387163907289505,0.6357849836349487,0.35727208852767944,0.2771707773208618,0.3954908847808838,0.32274681329727173,0.40143489837646484,0.3287715017795563,0.47072237730026245,0.5510118007659912,0.3903082013130188,0.40317103266716003,1.3303850889205933,1.6673508882522583
Jazzy,Jazz,ytsearch1:Jazzy official audio,52.44,10,12.374,22050,129.19921875,0.3777543604373932,0.10342241823673248,0.07974100023452158,0.05942262201943657,2648.8546612167934,939.6601777811087,2857.234042921118,529.6001572050178,6109.066686576572,1893.154172114091,0.03712955489754677,0.04948188737034798,-16.01026725769043,77.5620346069336,21.51285743713379,18.565677642822266,6.035643577575684,15.51516342163086,5.4410295486450195,9.892792701721191,-0.9634436964988708,8.125426292419434,-0.3888818919658661,5.575526714324951,0.4526928961277008,0.4562952220439911,0.42931321263313293,0.5086110830307007,0.4741634726524353,0.5312116146087646,0.47124046087265015,0.4110438823699951,0.47163835167884827,0.4791164696216583,0.5400814414024353,0.45394688844680786,0.41210633516311646,1.9281607866287231,2.5867106914520264
Jazzystics,Jazz,ytsearch1:Jazzystics official audio,43.09,10,13.074,22050,89.10290948275862,0.15115530788898468,0.04862101376056671,0.0587487186945922,0.04593920247572074,2045.4247567957802,839.7127607734149,2626.2486890118853,415.56443907458123,4678.374724692487,1746.7492854181378,0.008593868464231491,0.015568803995847702,-155.81402587890625,86.68830108642578,29.792789459228516,40.51601791381836,15.111714363098145,13.569433212280273,8.343186378479004,-2.69034743309021,7.857520580291748,4.5075812339782715,-0.9491371512413025,-4.6201300621032715,-6.417873382568359,0.30609023571014404,0.2387753278017044,0.30244696140289307,0.4760483503341675,0.3431479334831238,0.4089776575565338,0.23042145371437073,0.29658952355384827,0.3732161521911621,0.22546423971652985,0.2273840457201004,0.20882171392440796,1.1719132661819458,0.9497723579406738
Gentle Jazz Piano,Jazz,ytsearch1:Gentle Jazz Piano official audio,16563.63,10,13.574,22050,73.828125,0.06697570532560349,0.031226634979248047,0.03854083199786325,0.014359225190207155,882.4707473136131,289.5314147561288,1551.0934101917542,451.0437944243577,1305.4090294471155,883.2596893520646,0.0006976836011745036,0.001539195771329105,-319.5096130371094,158.3240966796875,41.6934814453125,21.789644241333008,7.404217720031738,10.221526145935059,-5.101730823516846,-4.9540019035339355,-4.344873428344727,6.853647708892822,1.7854037284851074,-1.1780071258544922,-6.812354564666748,0.234542578458786,0.19587361812591553,0.1712549924850464,0.13870267570018768,0.32638147473335266,0.1720307320356369,0.26771098375320435,0.16895323991775513,0.17873001098632812,0.35444512963294983,0.22405144572257996,0.2775960862636566,1.0753282308578491,1.3572715520858765
Jazzy Coffee,Jazz,ytsearch1:Jazzy Coffee official audio,1638.79,10,18.774,22050,58.72691761363637,0.08439114689826965,0.04835830256342888,0.027140349775957973,0.028635452916811185,1130.2036236582655,767.7768212510504,1952.9891680654368,509.98965569341436,2114.2996996678,1998.3927318355531,0.0035914196632802486,0.014281471259891987,-298.1932373046875,118.78165435791016,44.94876480102539,48.55598068237305,16.31266212463379,21.622404098510742,5.223332405090332,9.962495803833008,0.5276719927787781,7.9709696769714355,2.828903913497925,6.090561389923096,1.3547319173812866,0.242089182138443,0.32565709948539734,0.4056691527366638,0.3721347451210022,0.32094892859458923,0.3221709430217743,0.49695661664009094,0.46948572993278503,0.42539477348327637,0.4681307375431061,0.31145644187927246,0.2612982988357544,0.9841355085372925,1.2503396272659302
Ivan Lins,Jazz,ytsearch1:Ivan Lins official audio,221.12,10,11.074,22050,129.19921875,0.20663203299045563,0.02830561250448227,0.10288096174004192,0.0318748975499521,2342.5774173464542,511.02505123783146,2543.6963516859296,305.6128615859192,5270.781894899764,1269.9539034910479,0.02237820066511631,0.01752619445323944,-28.054134368896484,97.10226440429688,-1.4973628520965576,15.431635856628418,4.549702167510986,4.255486488342285,-11.765491485595703,7.95811128616333,-9.60371208190918,6.042085647583008,-8.940698623657227,3.7609570026397705,-5.997557640075684,0.1966351866722107,0.2666402757167816,0.243393674492836,0.3510989844799042,0.49569666385650635,0.31125855445861816,0.41310736536979675,0.31723853945732117,0.43365126848220825,0.42126405239105225,0.3018029034137726,0.322786420583725,1.2212963104248047,1.0079939365386963
Laufey,Jazz,ytsearch1:Laufey official audio,35.29,10,15.274,22050,107.666015625,0.3093240261077881,0.0897999107837677,0.057974864646656535,0.05044106691561742,1738.9687250144186,968.4474546939617,2262.763579424436,529.3115791531393,3525.325693982713,2050.4344079373204,0.008926543407142162,0.020821094512939453,-91.03225708007812,114.94808959960938,21.681364059448242,25.215394973754883,9.330699920654297,9.454146385192871,4.038910865783691,1.7903921604156494,-11.7012939453125,3.0445845127105713,-9.232194900512695,-0.6910437941551208,-7.6529130935668945,0.3235301673412323,0.30495283007621765,0.24205777049064636,0.26678022742271423,0.2661014497280121,0.42639949917793274,0.32379817962646484,0.24449992179870605,0.3235724866390228,0.2535737454891205,0.2549760043621063,0.20544837415218353,1.6876461505889893,1.8341484069824219
Amy Winehouse,Jazz,ytsearch1:Amy Winehouse official audio,100.94,10,10.874,22050,123.046875,0.27851107716560364,0.0859905406832695,0.09260061300639659,0.052886885726593516,1907.0635486700423,726.8999238071797,2084.2114728951415,434.4051482949405,3949.230774836754,1503.8370231486454,0.014945033006370068,0.026812775060534477,-29.07670021057129,120.70515441894531,-13.623022079467773,25.68147850036621,-7.771154403686523,14.839523315429688,-4.15635871887207,10.673297882080078,-8.651843070983887,10.73350715637207,-5.631448745727539,-2.2989072799682617,-0.4036325216293335,0.3322094678878784,0.4166824519634247,0.5451170802116394,0.2981281876564026,0.26035797595977783,0.2722366750240326,0.24021822214126587,0.3282884657382965,0.352427214384079,0.5870652198791504,0.47061580419540405,0.3288540244102478,1.225764513015747,1.1590238809585571
IABatida,Jazz,ytsearch1:IABatida official audio,77.09,10,17.074,22050,117.45383522727273,0.08819068223237991,0.03471428155899048,0.08769756814707881,0.06309957657043976,2749.372460830107,1151.6694830863892,2916.0432456530752,723.1761785491759,6333.116912841797,2489.559048823913,0.019721368327736855,0.03499285504221916,-227.0652618408203,47.8276481628418,23.79609489440918,48.71672821044922,25.94907569885254,-5.557756423950195,2.2275633811950684,7.833337306976318,1.383288860321045,-8.65767765045166,1.468701958656311,2.8153862953186035,2.0283043384552,0.36802980303764343,0.3013645112514496,0.26809290051460266,0.3542865216732025,0.3638143241405487,0.48579904437065125,0.2618585526943207,0.21710465848445892,0.26839691400527954,0.2893606126308441,0.4471740424633026,0.35595372319221497,1.7774646282196045,2.6291439533233643
Jazz Sabbath,Jazz,ytsearch1:Jazz Sabbath official audio,97.62,10,17.574,22050,161.4990234375,0.16035665571689606,0.05076094716787338,0.03665463486624835,0.01637759935303852,1480.9888316524323,474.7268362216376,2140.2364273498533,376.25006789326784,3529.34034944683,1263.6948910148644,0.004677581135183573,0.007757410407066345,-143.10984802246094,117.37178802490234,15.737847328186035,40.74769973754883,-0.5021824836730957,16.269393920898438,2.6449577808380127,7.024448871612549,0.7512763142585754,6.389199733734131,2.8835504055023193,7.263003826141357,0.4627322852611542,0.3692384362220764,0.43888357281684875,0.31843993067741394,0.34058383107185364,0.36690986156463623,0.3274378180503845,0.4632013142108917,0.3752794861793518,0.4805128574371338,0.3484800159931183,0.42846059799194336,0.4742371439933777,1.1847375631332397,1.4659289121627808
SIENNA SPIRO,Jazz,ytsearch1:SIENNA SPIRO official audio,117.88,10,17.874,22050,80.74951171875,0.2985856235027313,0.06499205529689789,0.08236036424512987,0.034744146871311755,1784.0301933943783,660.9729419525149,1999.278744060612,529.0313068044918,3619.7314453125,1503.2364159169215,0.0070116533897817135,0.01647840067744255,-47.06522750854492,128.61068725585938,-17.586688995361328,28.441898345947266,1.6920368671417236,8.668136596679688,10.93542766571045,-7.419503211975098,7.182149410247803,-1.4402382373809814,-4.9212727546691895,2.532104730606079,-7.43260383605957,0.26488959789276123,0.23637354373931885,0.2150653749704361,0.34393903613090515,0.24844887852668762,0.35525187849998474,0.22645509243011475,0.3129470646381378,0.4818130433559418,0.26577726006507874,0.3731314241886139,0.23335306346416473,1.2677184343338013,0.8979508280754089
Quarteto Em Cy,Jazz,ytsearch1:Quarteto Em Cy official audio,1580.21,10,10.174,22050,129.19921875,0.057127319276332855,0.009819041937589645,0.053938950384396354,0.022505761153017386,1579.172285420957,386.65385921566764,1938.4059451820822,391.2816054441804,3323.642544757261,1141.2114439760871,0.00476079760119319,0.006902814377099276,-218.8616943359375,123.98374938964844,-22.741172790527344,34.67743682861328,10.75697135925293,10.793974876403809,5.869725704193115,10.524470329284668,5.126547336578369,3.021625518798828,-0.023899782449007034,10.701672554016113,-4.973292827606201,0.19641123712062836,0.28847938776016235,0.2856639325618744,0.5034645199775696,0.529365599155426,0.5141563415527344,0.4829690456390381,0.5206939578056335,0.4802166521549225,0.3308389186859131,0.1784493774175644,0.11274538189172745,1.1792734861373901,0.6721739768981934
Louis Armstrong,Jazz,ytsearch1:Louis Armstrong official audio,46.1,10,16.074,22050,89.10290948275862,0.06740864366292953,0.040555134415626526,0.0651062804383117,0.06322559796086807,2013.9931201590211,891.4596569010196,2383.161456665552,547.0379811743678,4442.613636363636,2001.9847142026983,0.0089647825807333,0.016748176887631416,-248.18443298339844,94.90852355957031,5.335501194000244,31.159513473510742,7.7372145652771,6.911551475524902,3.523526668548584,6.929128170013428,-0.7240316271781921,-0.9286526441574097,-4.589127063751221,-1.8679943084716797,-14.267067909240723,0.3518451154232025,0.32399025559425354,0.38880491256713867,0.3035593628883362,0.3069436550140381,0.35544392466545105,0.26899293065071106,0.3291683793067932,0.23720113933086395,0.20722706615924835,0.2091243714094162,0.25471898913383484,1.5654568672180176,1.864654541015625
Hamilton De Holanda,Jazz,ytsearch1:Hamilton De Holanda official audio,229.89,10,19.874,22050,143.5546875,0.06032303348183632,0.03985001519322395,0.0651062582140771,0.03465253752396932,1504.130541215616,532.2305905857766,1956.989999480137,462.17499249470166,2982.9397896739924,1386.6496956796746,0.0032615421805530787,0.005270755384117365,-284.8913269042969,115.11541748046875,4.580040454864502,17.63420867919922,3.914515733718872,1.9776768684387207,-11.292455673217773,-5.82722282409668,-13.318550109863281,-9.718903541564941,-12.564608573913574,-5.868042469024658,-9.944101333618164,0.2268507033586502,0.1651642769575119,0.34612324833869934,0.39504191279411316,0.5100830793380737,0.20998379588127136,0.1792144477367401,0.21572569012641907,0.181215301156044,0.16440866887569427,0.08228182047605515,0.15637663006782532,1.707721471786499,2.2529091835021973
ANAVITÓRIA,MPB,ytsearch1:ANAVITÓRIA official audio,164.36,10,14.374,22050,135.99917763157896,0.23600724339485168,0.04148967191576958,0.06258741809475807,0.02685680846453405,1604.0111917073282,728.8294008238443,2235.7923926036315,620.8464011379159,3328.6337969380043,2080.245466923773,0.004759181756526232,0.00708013167604804,-84.5207748413086,137.8750762939453,17.964797973632812,17.759273529052734,15.065205574035645,-1.9334444999694824,9.859496116638184,-10.228147506713867,0.7484145760536194,8.313499450683594,-11.159510612487793,10.826427459716797,-4.074578762054443,0.6233227252960205,0.32536301016807556,0.4299337565898895,0.2756880223751068,0.44324079155921936,0.2757062017917633,0.17943862080574036,0.31620684266090393,0.18340477347373962,0.20606596767902374,0.1874898076057434,0.5494642853736877,1.2189862728118896,0.8525915145874023
Djavan,MPB,ytsearch1:Djavan official audio,78.92,10,18.874,22050,86.1328125,0.17840859293937683,0.06791498512029648,0.14376669645602705,0.05879809973990922,2426.34544194617,755.8453132803971,2253.522730001115,420.34788851992806,4692.96694822417,1445.5370378530895,0.025255993008613586,0.04448815435171127,-57.24704360961914,90.88396453857422,-24.80213165283203,23.92184066772461,-0.8483864665031433,6.565622329711914,-0.8405225872993469,2.806786060333252,-7.5973639488220215,1.5194171667099,-4.526042461395264,-0.9378113150596619,0.6997148394584656,0.2127235233783722,0.35120710730552673,0.31804391741752625,0.4999949038028717,0.38897112011909485,0.22289212048053741,0.3179163634777069,0.28405889868736267,0.3425799608230591,0.2292197048664093,0.33549943566322327,0.4421435594558716,1.3709735870361328,1.324768304824829
Skank,MPB,ytsearch1:Skank official audio,35.63,10,15.574,22050,99.38401442307692,0.20943215489387512,0.04810977727174759,0.08594041076751117,0.041848713921032274,2563.167972061693,718.5676252332305,2885.7017517828986,340.6137975802255,5894.208918882731,1566.553899795925,0.031251464039087296,0.03954801708459854,-67.23452758789062,72.8100814819336,12.055533409118652,30.074602127075195,24.172327041625977,9.030296325683594,11.102350234985352,11.256124496459961,5.174349308013916,8.209716796875,0.22125102579593658,4.000192165374756,5.748421669006348,0.5669780969619751,0.44379371404647827,0.45804423093795776,0.42811694741249084,0.4652014672756195,0.32933172583580017,0.37363412976264954,0.4687080681324005,0.5020589828491211,0.5609516501426697,0.5126739144325256,0.6071974039077759,2.012162208557129,2.8195669651031494
Marina Sena,MPB,ytsearch1:Marina Sena official audio,67.14,10,17.074,22050,184.5703125,0.3283553719520569,0.09757239371538162,0.06379168966542119,0.03316130501726064,1716.1390113302928,664.7128352040282,2007.4782490146956,561.3796680247588,3622.537198274032,1545.5545922668723,0.008333729580044746,0.015580703504383564,-45.206363677978516,126.18505859375,-15.579349517822266,28.367341995239258,-6.0289411544799805,6.970262050628662,-11.468661308288574,4.4849395751953125,2.171367645263672,3.0371804237365723,-0.7436177730560303,0.6482419967651367,-1.7955726385116577,0.4720093309879303,0.3329468369483948,0.3752105236053467,0.5574766397476196,0.3624231815338135,0.3693622052669525,0.27015864849090576,0.38866713643074036,0.49472180008888245,0.37184104323387146,0.5141410231590271,0.3983057737350464,1.724536418914795,2.031703233718872
Marisa Monte,MPB,ytsearch1:Marisa Monte official audio,142.23,10,12.174,22050,123.046875,0.23673802614212036,0.06179041415452957,0.04617838541666667,0.021123207438295065,1205.2980980199602,523.1518506460756,1803.1112787187737,477.90855587418383,2195.689453125,1325.820759012347,0.0037579394411295652,0.010144880972802639,-108.21410369873047,155.41677856445312,14.273816108703613,15.59870719909668,8.67352294921875,2.42390775680542,-5.001124382019043,7.682466506958008,-10.227204322814941,5.062021255493164,-11.19245719909668,-4.682319164276123,-3.261216402053833,0.43514811992645264,0.27776941657066345,0.27582961320877075,0.378037691116333,0.253050297498703,0.3325699269771576,0.25956156849861145,0.4275342524051666,0.28398001194000244,0.2199162095785141,0.43392014503479004,0.3060638904571533,1.4216201305389404,1.214168906211853
Gabriel Elias,MPB,ytsearch1:Gabriel Elias official audio,88.54,10,18.474,22050,129.19921875,0.23648253083229065,0.06171775981783867,0.051655985003140704,0.026797060095252023,1637.4523627384415,698.5262233462659,2224.3602002054217,597.0563084226951,3603.1865872330404,2017.112401418292,0.007024620659649372,0.013075422495603561,-114.57429504394531,120.91297149658203,14.326991081237793,15.916213989257812,15.847278594970703,15.851386070251465,-8.495752334594727,7.304649353027344,0.37877652049064636,2.897022247314453,-2.5402090549468994,1.856945514678955,-2.542487621307373,0.2729266285896301,0.20770947635173798,0.1781877726316452,0.3341624140739441,0.6231887936592102,0.3489733040332794,0.24108269810676575,0.2299456149339676,0.36772745847702026,0.3770025670528412,0.27407515048980713,0.3113032579421997,1.5398924350738525,1.9409003257751465
MPB4,MPB,ytsearch1:MPB4 official audio,104.89,10,14.874,22050,143.5546875,0.1528274416923523,0.04689833149313927,0.08986203198127925,0.04265691612340786,1957.6408603701568,580.5603237178497,2139.482516443258,380.3061593367498,3786.0645216824296,1260.8898987439102,0.013256598263978958,0.01919199712574482,-96.5689468383789,105.0325698852539,-15.827250480651855,34.857112884521484,10.546072006225586,1.6028350591659546,0.5203834772109985,7.997426986694336,-15.695590019226074,5.478089809417725,-6.311262607574463,-0.15296417474746704,-5.506811618804932,0.33963119983673096,0.26997026801109314,0.2869507372379303,0.277060866355896,0.38897866010665894,0.45691707730293274,0.328599214553833,0.4004305601119995,0.3899839520454407,0.4265720546245575,0.21688970923423767,0.24878710508346558,1.4134215116500854,1.4547648429870605
Charlie Brown Jr.,MPB,ytsearch1:Charlie Brown Jr. official audio,77.79,10,17.774,22050,161.4990234375,0.236284539103508,0.06543915718793869,0.11960595830613577,0.053278892009946094,2620.3380029766545,773.9074567212486,2559.6806903993515,443.8621080517453,5452.454410084856,1540.8780479663737,0.04133894667029381,0.04570670425891876,-28.250764846801758,73.9947738647461,-3.8379759788513184,44.297691345214844,7.768700122833252,12.224214553833008,11.924649238586426,13.30705738067627,-1.1974736452102661,3.3086886405944824,-3.494833469390869,3.896430253982544,-1.0505732297897339,0.4518964886665344,0.42752012610435486,0.4584556818008423,0.585259199142456,0.49322837591171265,0.43521958589553833,0.3480490446090698,0.3690509796142578,0.37056905031204224,0.36923688650131226,0.45211470127105713,0.4104144871234894,1.8057571649551392,2.0844240188598633
Lenine,MPB,ytsearch1:Lenine official audio,172.83,10,12.774,22050,95.703125,0.2922874987125397,0.11132361739873886,0.07622061450771325,0.05516888164907634,1998.0174001576665,795.8000742908573,2368.122059543885,467.6773480931015,4178.672433288906,1729.0743218772857,0.016706345602869987,0.032621610909700394,-55.02845764160156,102.48482513427734,1.0000340938568115,21.651826858520508,10.81128215789795,8.349008560180664,1.665475606918335,6.91852331161499,-1.157516598701477,-3.0119361877441406,2.0029544830322266,4.315718650817871,-1.9603251218795776,0.4338145852088928,0.3970084488391876,0.42502033710479736,0.38720703125,0.49884510040283203,0.4203017055988312,0.3887885510921478,0.4531630873680115,0.3897733986377716,0.41964930295944214,0.4181044399738312,0.5032021999359131,1.7182449102401733,2.089538812637329
Tim Bernardes,MPB,ytsearch1:Tim Bernardes official audio,189.41,10,19.374,22050,103.359375,0.0600522942841053,0.04061844199895859,0.07841679921407185,0.08953009547640328,2239.34927712541,1141.816140377185,2439.8589575123524,429.204703342481,4720.800196482036,2052.653198504063,0.017212556675076485,0.03923056647181511,-275.64892578125,80.58097076416016,6.463850975036621,13.89332389831543,-1.1390795707702637,3.68585205078125,-13.108352661132812,-3.2418997287750244,-23.58536720275879,-5.446200847625732,-7.784696578979492,-9.916712760925293,-12.55971622467041,0.2884477376937866,0.16017989814281464,0.21393485367298126,0.19554758071899414,0.3685927093029022,0.41224706172943115,0.1921706199645996,0.2343706339597702,0.1720324456691742,0.15022380650043488,0.10101278126239777,0.1566082090139389,1.4604660272598267,1.6698579788208008
Liniker,MPB,ytsearch1:Liniker official audio,2244.1,10,14.074,22050,66.25600961538461,0.2437242865562439,0.1265782117843628,0.028206889672570016,0.020345774141211012,1015.9371248334973,701.2417791414427,1708.926470481502,744.0171852411787,1992.9032704386327,1988.660751166269,0.018417418003082275,0.12069963663816452,-213.8048095703125,137.2598114013672,44.06686782836914,38.9547004699707,13.651912689208984,4.176219463348389,-5.22766637802124,1.2139145135879517,-4.260056018829346,-4.827032089233398,-5.009325981140137,-0.9040911197662354,-0.37514740228652954,0.3422439992427826,0.5553165674209595,0.5105471611022949,0.4147201180458069,0.2920916974544525,0.23704034090042114,0.24157966673374176,0.19218039512634277,0.22971349954605103,0.297696590423584,0.3819025456905365,0.36722052097320557,1.1889619827270508,2.26739239692688
Zé Ramalho,MPB,ytsearch1:Zé Ramalho official audio,131.66,10,11.674,22050,95.703125,0.2085433304309845,0.0385766327381134,0.0797975816973161,0.037941340109643514,1985.1841406338574,635.4655835900585,2294.7816638263735,375.86919580257734,4438.986345598285,1243.2251943397819,0.011524905450642109,0.01745299994945526,-66.72756958007812,100.92878723144531,6.681515216827393,42.894351959228516,-4.2728142738342285,9.27702522277832,-8.627371788024902,-2.7382969856262207,-10.001145362854004,-5.354450225830078,-11.28052806854248,-2.4555933475494385,-6.881333827972412,0.19440965354442596,0.2080012559890747,0.37835729122161865,0.24255408346652985,0.2974758446216583,0.24780340492725372,0.3477385342121124,0.32014697790145874,0.3352784514427185,0.5819080471992493,0.3209579885005951,0.3230644166469574,1.2305989265441895,1.0049612522125244
Caetano Veloso,MPB,ytsearch1:Caetano Veloso official audio,134.25,10,14.174,22050,60.09265988372093,0.08065053075551987,0.0625348910689354,0.0790256431567103,0.07416761887217856,2069.9744577212155,872.1130550297864,2245.9710717729604,364.8424015360752,4258.9045797744475,1502.202076439963,0.01815253682434559,0.02901504747569561,-213.55528259277344,94.5800552368164,-10.430312156677246,26.986446380615234,0.4589556157588959,13.715703964233398,1.1161458492279053,5.963293552398682,-8.097512245178223,-1.2423218488693237,-7.0044941902160645,-5.170072555541992,-2.2082886695861816,0.3882855772972107,0.3320586085319519,0.3306950628757477,0.25540390610694885,0.23042434453964233,0.2691527009010315,0.44016921520233154,0.45296692848205566,0.2921602427959442,0.3357345759868622,0.31337258219718933,0.3600236177444458,1.2244117259979248,1.4160057306289673
Cássia Eller,MPB,ytsearch1:Cássia Eller official audio,55.37,10,15.374,22050,112.34714673913044,0.16812628507614136,0.047930795699357986,0.09770927601809955,0.03446719747707362,2214.5196362680576,472.2359944957335,2441.649407499165,289.2029322184435,4919.995890483598,1110.0116480804531,0.014811606146395206,0.017721841111779213,-62.11903762817383,96.31597900390625,-3.9746742248535156,21.57216453552246,-3.5268588066101074,6.965544700622559,-14.06218433380127,5.132325649261475,-10.932676315307617,6.4110612869262695,-11.643045425415039,-2.057450532913208,-14.294787406921387,0.36327213048934937,0.2168889343738556,0.307772159576416,0.25332707166671753,0.3912072777748108,0.26391103863716125,0.40227147936820984,0.47982028126716614,0.2479264885187149,0.27003639936447144,0.24450311064720154,0.4404878616333008,1.077271819114685,0.5816957950592041
Gilsons,MPB,ytsearch1:Gilsons official audio,1280.53,10,10.474,22050,143.5546875,0.20799969136714935,0.053251612931489944,0.04234219441371682,0.012056808484628973,1405.493360471737,519.9315371570023,2151.014077427066,526.3282379742486,3067.0046105849005,1774.603704564591,0.004206449259072542,0.005963434465229511,-129.46054077148438,130.8342742919922,35.103851318359375,26.411483764648438,5.411228179931641,12.107701301574707,-4.084617614746094,2.133490562438965,-7.89370059967041,-1.9303358793258667,-0.4860799312591553,0.9752260446548462,0.8708840608596802,0.2161342352628708,0.41242894530296326,0.26593077182769775,0.2781239449977875,0.49864763021469116,0.14703865349292755,0.16527581214904785,0.1887577772140503,0.420319139957428,0.3549371361732483,0.32086411118507385,0.5198495388031006,1.565955638885498,1.864505410194397
Chico Chico,MPB,ytsearch1:Chico Chico official audio,77.42,10,17.374,22050,151.99908088235293,0.2462407946586609,0.07502738386392593,0.04992724674566088,0.027134294453839046,1598.478413504188,653.0469425895618,2030.6314769500045,526.711228394297,3530.7409553884345,1579.801953644576,0.008490124717354774,0.014105643145740032,-80.60725402832031,125.16337585449219,-8.354775428771973,36.42348098754883,5.810763359069824,14.611712455749512,-0.7828173637390137,5.6125617027282715,0.8600181937217712,1.2305041551589966,-3.4035139083862305,4.756528854370117,-0.0623345784842968,0.47800639271736145,0.6840415596961975,0.4291929304599762,0.3763713836669922,0.5193135738372803,0.26976504921913147,0.20199830830097198,0.27602824568748474,0.5375989675521851,0.32213306427001953,0.2996784746646881,0.37882670760154724,1.2298574447631836,1.511799931526184
Banda Paixão Brasileira,MPB,ytsearch1:Banda Paixão Brasileira official audio,88.21,10,18.174,22050,129.19921875,0.24939680099487305,0.06558401137590408,0.07822664731002554,0.04450603735637512,2041.9757685188292,916.6644268928192,2449.0700010901596,771.0496983978755,4858.886157507184,2341.051007665687,0.016707055270671844,0.02227451279759407,-71.02082824707031,111.10140991210938,16.43691635131836,30.325281143188477,13.285605430603027,0.464322954416275,1.6613024473190308,14.206841468811035,-7.676029682159424,-0.07059592753648758,-11.189186096191406,-0.12341058999300003,-2.6578476428985596,0.332843154668808,0.3991505801677704,0.2911275625228882,0.2492625117301941,0.303120881319046,0.2123516947031021,0.3227967321872711,0.34198394417762756,0.4544924199581146,0.34452685713768005,0.24834519624710083,0.4167104661464691,1.6238969564437866,2.118041515350342
ALMAR,MPB,ytsearch1:ALMAR official audio,139.86,10,19.874,22050,83.35433467741936,0.15287448465824127,0.09999112039804459,0.048018696152161214,0.05858281757676601,1322.9777605796774,989.7685960087289,1847.9385163763693,637.9412102501287,2445.38953549394,2151.6406184530993,0.00835517980158329,0.026502540335059166,-213.9665985107422,132.3529510498047,23.441177368164062,17.90709686279297,16.581260681152344,17.456371307373047,7.398721694946289,6.351402759552002,-3.2668633460998535,-0.9989796280860901,-0.7137926816940308,-0.5513274669647217,-7.929736614227295,0.4469474256038666,0.5130444169044495,0.48825934529304504,0.39123520255088806,0.3708527386188507,0.3298680782318115,0.34342458844184875,0.29155224561691284,0.3729601800441742,0.4262063503265381,0.40578755736351013,0.4626375734806061,2.1355679035186768,3.2881808280944824
Mazuk,MPB,ytsearch1:Mazuk official audio,2086.77,10,16.774,22050,151.99908088235293,0.08836694806814194,0.03017093800008297,0.14377620375172892,0.07581320788608702,2862.028282074398,814.8177085540567,2793.222197660415,287.8376386684764,6168.116044800311,1386.3726312142198,0.048003848642110825,0.053496409207582474,-106.64347839355469,79.24958038330078,-6.54939603805542,1.5207775831222534,8.967660903930664,-1.4132614135742188,-5.463184833526611,3.1523053646087646,-3.0436062812805176,2.936405658721924,-11.732146263122559,-9.994678497314453,1.0259321928024292,0.14632955193519592,0.15592384338378906,0.13520780205726624,0.33272141218185425,0.1485050618648529,0.13185852766036987,0.19196084141731262,0.3342615067958832,0.7100895047187805,0.24834921956062317,0.3604547083377838,0.22491095960140228,0.982124388217926,0.4943476915359497
Beto Guedes,MPB,ytsearch1:Beto Guedes official audio,35.31,10,15.274,22050,89.10290948275862,0.18187595903873444,0.05724884942173958,0.06923501614741641,0.03650739006376106,2026.8442393618686,739.2185296717137,2467.5443167299527,424.5009836277367,4605.847427692819,1696.1910115638166,0.011471513658761978,0.017528297379612923,-102.08940124511719,99.94512176513672,21.212902069091797,30.28542709350586,2.9882373809814453,12.409592628479004,-3.9557456970214844,9.980364799499512,-4.893960475921631,0.7142296433448792,4.372855186462402,0.4093247056007385,3.0674374103546143,0.29294517636299133,0.23302513360977173,0.3994496464729309,0.32425951957702637,0.47839248180389404,0.31216663122177124,0.2985285520553589,0.39722496271133423,0.2862287163734436,0.3795449435710907,0.3160216212272644,0.4241319000720978,1.438547968864441,1.5063968896865845
Ludwig van Beethoven,Música Clássica,ytsearch1:Ludwig van Beethoven official audio,35.45,10,15.374,22050,78.30255681818181,0.08074148744344711,0.041167404502630234,0.06431761406485671,0.01838673782261748,1229.3256659851627,272.9697347572535,1417.526140916772,244.52611057196512,2297.6382432480204,546.7044097683445,0.0015803680289536715,0.001487363362684846,-203.60655212402344,160.95399475097656,-31.521045684814453,26.085676193237305,-0.27618932723999023,1.148526668548584,-3.3477044105529785,-1.7992497682571411,-9.16330337524414,-3.565333127975464,-7.694815158843994,-4.3067731857299805,-6.472767353057861,0.09308744221925735,0.08592082560062408,0.3061580955982208,0.3858569860458374,0.1716088205575943,0.2928536832332611,0.20376290380954742,0.441809743642807,0.43624523282051086,0.2698303759098053,0.5182330012321472,0.167910635471344,0.9900228381156921,0.6848293542861938
Johann Sebastian Bach,Música Clássica,ytsearch1:Johann Sebastian Bach official audio,2885.93,10,15.874,22050,117.45383522727273,0.0786973088979721,0.0498494990170002,0.0542170652869152,0.01690293298430057,1183.5929469758335,247.00558665299718,1412.0891906800214,215.3583425173499,2200.1015111019738,550.5990247887312,0.0009419674752280116,0.0009605971281416714,-234.430419921875,146.531494140625,-27.91568946838379,18.258235931396484,-1.6774370670318604,-7.562191486358643,-7.03688383102417,-14.014507293701172,-20.458290100097656,-12.53826904296875,-6.697653770446777,-9.997724533081055,-10.969881057739258,0.11519109457731247,0.20693638920783997,0.33850014209747314,0.17036743462085724,0.39088958501815796,0.4858193099498749,0.20126886665821075,0.223188117146492,0.14543981850147247,0.2853104770183563,0.2126656174659729,0.10794702172279358,1.1217273473739624,0.7443194389343262
Enya,Música Clássica,ytsearch1:Enya official audio,163.14,10,13.074,22050,103.359375,0.22476831078529358,0.04689088836312294,0.053330008865248225,0.014495800900931435,1597.5731036675675,227.4137927546744,2258.7073098166957,189.21425202679765,3344.919667345412,495.0983983657829,0.005243603605777025,0.00259493850171566,-67.7984390258789,127.30329895019531,1.3143064975738525,23.051374435424805,4.193244457244873,-0.674289882183075,22.631607055664062,-6.108161449432373,5.86576509475708,-1.42183518409729,-2.3381078243255615,-1.1872361898422241,-7.381917953491211,0.412166953086853,0.3535372018814087,0.5635773539543152,0.2198428064584732,0.30517593026161194,0.44163739681243896,0.19705159962177277,0.2708791196346283,0.19691547751426697,0.3515549302101135,0.3378157615661621,0.30644452571868896,0.9959625601768494,0.5851042866706848
Frédéric Chopin,Música Clássica,ytsearch1:Frédéric Chopin official audio,90.16,10,10.174,22050,112.34714673913044,0.08258923143148422,0.030260926112532616,0.034244198462414575,0.01006076126216311,458.9690549153261,75.02623389028203,485.5829522296427,121.74583034669318,735.3907695935364,112.64562898187927,2.1664693122147582e-05,0.0002551910583861172,-347.1291198730469,234.37478637695312,40.31863021850586,-11.543737411499023,9.393699645996094,8.084532737731934,-5.388308048248291,-6.369237422943115,-0.9020123481750488,-0.44230690598487854,-2.512857675552368,-5.483026027679443,-9.692254066467285,0.4257577955722809,0.4498903155326843,0.2643667161464691,0.5129565596580505,0.17381806671619415,0.23640085756778717,0.2817574441432953,0.2966611683368683,0.38311997056007385,0.22076742351055145,0.23798879981040955,0.21112126111984253,0.5915322303771973,0.6628175377845764
Antonio Vivaldi,Música Clássica,ytsearch1:Antonio Vivaldi official audio,128.87,10,18.874,22050,143.5546875,0.09677617996931076,0.042231928557157516,0.08227388914514146,0.03209856989518548,1669.0612530685055,344.8287994814597,1820.2738132620154,185.88094108347426,3255.168754324262,590.6863662068199,0.0049427580088377,0.003918109927326441,-151.16815185546875,124.81930541992188,-28.529760360717773,32.46500015258789,-5.7464070320129395,-1.556168556213379,-7.305629730224609,-0.9396694898605347,-2.7278456687927246,1.7514798641204834,-8.658042907714844,-4.00443696975708,-4.954199314117432,0.28873971104621887,0.22370266914367676,0.42593109607696533,0.33475393056869507,0.22262006998062134,0.17321926355361938,0.2561435103416443,0.34414172172546387,0.18707352876663208,0.2750183939933777,0.17244450747966766,0.15467584133148193,1.1283984184265137,0.6068311929702759
Mc_team,Música Clássica,ytsearch1:Mc_team official audio,59.29,10,19.274,22050,161.4990234375,0.24825766682624817,0.00820182729512453,0.0050908167870036105,0.001420717452103217,363.8112584707297,76.6998066342737,798.7679022191078,126.55279637936117,724.0183255302346,206.11208609398605,2.2643511329079047e-05,0.0002678562595974654,-296.1092529296875,207.6295928955078,11.93533992767334,1.1096347570419312,13.445258140563965,12.04831314086914,11.744169235229492,7.1299872398376465,4.53207540512085,4.00508451461792,3.8034677505493164,7.264573097229004,10.857172966003418,0.3757583200931549,0.4310963451862335,0.5512170791625977,0.7825385928153992,0.9601097702980042,0.989864706993103,0.8597462177276611,0.6552010774612427,0.5403950810432434,0.4126148819923401,0.43248534202575684,0.44574761390686035,0.7598245143890381,0.15877746045589447
Pyotr Ilyich Tchaikovsky,Música Clássica,ytsearch1:Pyotr Ilyich Tchaikovsky official audio,621.98,10,11.974,22050,95.703125,0.07414305955171585,0.022911902517080307,0.09988568919573644,0.02224404305445165,1736.8682087665802,255.91146361735525,1771.64354287502,151.20891043728264,3251.0546307231107,464.8696388447083,0.005731919780373573,0.0034465633798390627,-153.61749267578125,129.01113891601562,-41.93520736694336,20.183109283447266,-13.683113098144531,8.301051139831543,-11.088388442993164,1.6784559488296509,-16.101364135742188,-1.5702401399612427,-6.380059719085693,-0.06716504693031311,-6.641565799713135,0.22338315844535828,0.3119310736656189,0.4812087118625641,0.27273109555244446,0.3640671372413635,0.23971021175384521,0.38082045316696167,0.39039987325668335,0.27990493178367615,0.35461780428886414,0.30617794394493103,0.4045383334159851,1.210505485534668,0.9672720432281494
London Symphony Orchestra,Música Clássica,ytsearch1:London Symphony Orchestra official audio,696.35,10,16.374,22050,99.38401442307692,0.16443964838981628,0.0985693410038948,0.08501419197060907,0.03127801197275234,1510.893327353476,602.7580392968822,1596.094735558002,438.79095777123933,2868.963813241413,1244.0473699467516,0.019759371876716614,0.12037283927202225,-173.45791625976562,127.19051361083984,-31.718124389648438,28.05970001220703,-9.569194793701172,5.286481857299805,-4.354865074157715,4.086287975311279,-5.037178039550781,-6.854226589202881,-8.90905475616455,-5.087673187255859,2.129941701889038,0.6371622681617737,0.19700968265533447,0.16472072899341583,0.0886094719171524,0.15698358416557312,0.10394037514925003,0.1308511346578598,0.3246650695800781,0.1638627052307129,0.2755530774593353,0.1213303878903389,0.32099679112434387,0.832091748714447,0.6328609585762024
Claude Debussy,Música Clássica,ytsearch1:Claude Debussy official audio,66.39,10,16.374,22050,129.19921875,0.07784582674503326,0.030891863629221916,0.0550326166342068,0.011998404041552767,825.2336056692805,106.15245803766305,769.8443294457454,99.11345364350099,1421.6641607095432,170.2009827858334,3.830751666100696e-05,0.00025099620688706636,-273.0801696777344,215.01708984375,-38.19690704345703,1.5516000986099243,9.519404411315918,-16.109861373901367,-6.1328511238098145,-7.150071144104004,-11.247150421142578,-6.759100914001465,-5.223313808441162,-7.176982402801514,-4.489418029785156,0.16288794577121735,0.3232133984565735,0.161927729845047,0.32851675152778625,0.47291529178619385,0.234940305352211,0.4606906473636627,0.19467781484127045,0.30757880210876465,0.213703453540802,0.139661505818367,0.28827616572380066,0.7604748010635376,1.0010703802108765
Orquestra Sacra,Música Clássica,ytsearch1:Orquestra Sacra official audio,114.53,10,14.474,22050,135.99917763157896,0.10047495365142822,0.03646551072597504,0.04716765574919872,0.008731661987154058,657.0763269658894,81.08478899584213,689.5153165744723,170.5223760943748,1100.5399263822114,166.9982536613595,3.812781869783066e-05,0.00014388370618689805,-310.6729736328125,234.44480895996094,2.170968770980835,-2.965181589126587,14.378361701965332,-6.241250991821289,-8.552301406860352,-6.019908905029297,-7.874655723571777,-10.015815734863281,-7.53594970703125,-6.705156326293945,-9.156013488769531,0.13133801519870758,0.10148876160383224,0.38885927200317383,0.48589006066322327,0.176084503531456,0.2650711238384247,0.16063649952411652,0.27674567699432373,0.20324958860874176,0.20189529657363892,0.6422184705734253,0.2257496565580368,0.7984277606010437,0.31691086292266846
California Philharmonic Orchestra,Música Clássica,ytsearch1:California Philharmonic Orchestra official audio,177.05,10,16.974,22050,107.666015625,0.13594834506511688,0.03660740330815315,0.0985413015133379,0.043315215341998066,2213.536638318656,587.7511870474248,2459.8985399204394,299.00705354962514,4730.1907770284715,1181.8556092391666,0.019880276173353195,0.02418953739106655,-85.54552459716797,93.7658920288086,0.6106725335121155,30.662263870239258,5.1076226234436035,8.430581092834473,1.1340174674987793,-2.144674777984619,-8.013813018798828,-2.9288933277130127,-7.69514274597168,-3.587803363800049,-8.824417114257812,0.23168598115444183,0.40709710121154785,0.4839458465576172,0.3324679434299469,0.40864309668540955,0.3235738277435303,0.47991326451301575,0.3750651776790619,0.3426414728164673,0.5538877248764038,0.2686029374599457,0.2850586771965027,1.1513352394104004,0.9202390909194946
Finnish Radio Symphony Orchestra/Jukka-Pekka Saraste,Música Clássica,ytsearch1:Finnish Radio Symphony Orchestra/Jukka-Pekka Saraste official audio,124.48,10,14.474,22050,99.38401442307692,0.006784183904528618,0.003765616798773408,0.05254579201722757,0.013009569061302023,818.805628229311,103.25894272468666,1055.1828727134005,136.94195532704637,1260.3135329026443,128.79593676604827,0.0003640388313215226,0.00031666617724113166,-501.92279052734375,216.83457946777344,-2.7478771209716797,-19.280916213989258,-0.3607691824436188,12.075439453125,1.487552523612976,-4.318909645080566,-14.407438278198242,-7.063027381896973,-2.3213276863098145,3.86257004737854,-1.3550230264663696,0.43211930990219116,0.44217056035995483,0.40359070897102356,0.375951886177063,0.3977092504501343,0.31723126769065857,0.29491186141967773,0.2598293423652649,0.322782039642334,0.4787735641002655,0.370586633682251,0.33082327246665955,0.91645747423172,0.3189410865306854
Ludovico Einaudi,Música Clássica,ytsearch1:Ludovico Einaudi official audio,181.41,10,11.374,22050,92.28515625,0.10307438671588898,0.021845560520887375,0.04967514349489796,0.01056354177980898,1080.3906217404297,198.33106348151193,1556.4960778849584,252.84881192146918,1981.0546875,458.70921525337087,0.0007123688119463623,0.0005921708070673048,-204.5309295654297,160.5230255126953,0.7471527457237244,26.882802963256836,4.471616744995117,1.6772453784942627,-6.771785259246826,-1.2186874151229858,-4.6257004737854,-5.815572261810303,-8.667057037353516,0.7989005446434021,0.16016671061515808,0.10304755717515945,0.4039316177368164,0.15827427804470062,0.0717749372124672,0.09494864195585251,0.11140460520982742,0.21736402809619904,0.18679311871528625,0.5057235360145569,0.8219475150108337,0.18093502521514893,0.05186140164732933,1.036207914352417,0.4690932333469391
Gigi D'Agostino,Música Clássica,ytsearch1:Gigi D'Agostino official audio,119.84,10,19.774,22050,67.99958881578948,0.1570054292678833,0.057382870465517044,0.0983772098738263,0.042415495819469344,2263.8415764241313,636.636651472063,2674.0816628623515,406.267099905101,5360.693445340009,1630.146465374113,0.02183740958571434,0.030629700049757957,-84.09497833251953,99.44432067871094,12.654900550842285,19.97870635986328,7.719285488128662,3.676591396331787,0.6593962907791138,14.103095054626465,-2.025362968444824,8.879424095153809,-1.5327056646347046,3.380892038345337,2.352095127105713,0.33633795380592346,0.5060861706733704,0.7121543288230896,0.30646729469299316,0.23013485968112946,0.2810599207878113,0.513457715511322,0.4585755467414856,0.34053489565849304,0.4151342213153839,0.371440052986145,0.41586315631866455,1.3125959634780884,1.4145855903625488
Vozes de Aruanda,Música Clássica,ytsearch1:Vozes de Aruanda official audio,114.61,10,14.574,22050,95.703125,0.18740947544574738,0.05634240806102753,0.05741814291401274,0.0489791638961531,1988.0534134910993,917.2266424329505,2593.498124613477,458.0106690849075,4508.754424076931,2124.2604080342962,0.011492581106722355,0.023198900744318962,-134.192626953125,91.05955505371094,29.533939361572266,29.823558807373047,18.8145809173584,13.865981101989746,1.327998161315918,3.1683194637298584,-1.3577162027359009,7.086968421936035,-0.40442341566085815,4.713122367858887,-2.7083277702331543,0.2661871910095215,0.26076075434684753,0.3214564323425293,0.31923621892929077,0.4155018925666809,0.33250707387924194,0.4409767687320709,0.4135245978832245,0.23441514372825623,0.2686142027378082,0.23127061128616333,0.41825658082962036,1.471195936203003,1.694004774093628
Imperial Orchestra,Música Clássica,ytsearch1:Imperial Orchestra official audio,67.53,10,17.474,22050,107.666015625,0.24979200959205627,0.0596981905400753,0.07903023323373173,0.023573051943013998,2214.9156805164575,452.0946024917688,2690.8580965132574,270.1302322696907,5259.835171034611,1196.6951961969812,0.020019713789224625,0.014650470577180386,-27.253475189208984,98.68087005615234,16.911338806152344,20.62208366394043,6.446630954742432,8.710843086242676,-1.4026634693145752,3.9398128986358643,-1.856030821800232,6.749382495880127,-0.08102940022945404,6.567599296569824,1.6278635263442993,0.39551931619644165,0.23241251707077026,0.3037073612213135,0.42138540744781494,0.2789853811264038,0.31820425391197205,0.3104992210865021,0.639987051486969,0.406501829624176,0.2836618721485138,0.4219454228878021,0.28368625044822693,1.2845062017440796,1.1872384548187256
Symphony X,Música Clássica,ytsearch1:Symphony X official audio,459.89,10,19.874,22050,143.5546875,0.23716072738170624,0.05230018123984337,0.12973507319655375,0.025906296950593433,2524.9603322058733,314.90192539908094,2358.917477283831,254.7017955437146,5074.301831967363,619.5496944055345,0.039945196360349655,0.02299492247402668,3.564943313598633,81.74003601074219,-19.224958419799805,47.83949279785156,-2.9566712379455566,16.02019691467285,-1.83816659450531,1.8856172561645508,3.3293983936309814,6.411020278930664,3.2911200523376465,8.381556510925293,-0.3708961606025696,0.33913934230804443,0.37869584560394287,0.49195995926856995,0.8133137822151184,0.7243092656135559,0.5073718428611755,0.45025011897087097,0.4797014892101288,0.38239893317222595,0.41719889640808105,0.5922943949699402,0.5034910440444946,1.181797742843628,1.129833698272705
Joe Hisaishi,Música Clássica,ytsearch1:Joe Hisaishi official audio,902.28,10,12.274,22050,129.19921875,0.08179803937673569,0.049830615520477295,0.04704022182183365,0.014869290271881988,893.0393135595667,134.13116215790316,1074.9887481640235,177.99863151989965,1619.6306600011815,350.4631693390089,0.0001930709113366902,0.0003498534788377583,-273.5134582519531,179.4139404296875,-22.660886764526367,25.946208953857422,5.598122596740723,-7.205612659454346,-6.1464433670043945,-5.741802215576172,-5.917665958404541,-1.4373865127563477,-2.0308022499084473,2.783000946044922,9.329243659973145,0.3540785312652588,0.21534612774848938,0.34969136118888855,0.33450859785079956,0.12314644455909729,0.14889122545719147,0.24522671103477478,0.127232626080513,0.24886277318000793,0.5241883993148804,0.2721587121486664,0.2568087577819824,0.8520620465278625,1.1009769439697266
Shakira,Música Latina,ytsearch1:Shakira official audio,40.54,10,10.474,22050,135.99917763157896,0.29338815808296204,0.05370722711086273,0.09844052475110619,0.03813273355069298,2506.183157201758,545.6577476664971,2660.089604587287,297.39902692974096,5395.7109569448285,1209.6126638343917,0.03387577831745148,0.03294679895043373,-3.5287935733795166,80.00411224365234,1.5868254899978638,33.004798889160156,7.704163074493408,5.758059978485107,5.153560161590576,6.884363174438477,7.362242221832275,8.182236671447754,-3.883970260620117,3.2854576110839844,-3.722881317138672,0.27129149436950684,0.25829747319221497,0.26045677065849304,0.23875819146633148,0.28558024764060974,0.28661420941352844,0.5571547746658325,0.41747236251831055,0.25423306226730347,0.3679646849632263,0.3068012595176697,0.425937682390213,1.338112235069275,1.2016758918762207
Fuerza Regida,Música Latina,ytsearch1:Fuerza Regida official audio,33.7,10,13.674,22050,112.34714673913044,0.32369062304496765,0.06681743264198303,0.07042856005942275,0.03351326321281266,2346.6266834214102,696.352974129129,2896.660854412865,436.5268769148119,5897.684767614601,1938.7411683859252,0.02048242837190628,0.019346803426742554,-28.102909088134766,94.37364959716797,23.42939567565918,11.995780944824219,13.522676467895508,5.0145263671875,1.7422105073928833,13.955011367797852,3.323364019393921,1.5401113033294678,1.4086960554122925,8.811548233032227,3.9794390201568604,0.45388421416282654,0.4814586937427521,0.6131141781806946,0.4710164964199066,0.33460110425949097,0.27272889018058777,0.37016862630844116,0.3445771038532257,0.2504962980747223,0.2862916588783264,0.3148558735847473,0.5039308667182922,1.7065787315368652,1.74891996383667
Todah Music,Música Latina,ytsearch1:Todah Music official audio,45.83,10,15.774,22050,135.99917763157896,0.14166845381259918,0.05196140706539154,0.08441521139705882,0.06352332027013946,2344.8204229113194,1034.8484799204462,2668.464191841787,814.3558775130127,5597.682818244485,2604.908342901841,0.019823629409074783,0.04072561860084534,-135.90110778808594,112.65874481201172,11.966236114501953,-12.719496726989746,3.048877716064453,-7.831838607788086,-16.032299041748047,-7.843914985656738,-8.147089958190918,-0.7729646563529968,-15.361509323120117,-2.9568681716918945,-13.311944007873535,0.23166248202323914,0.14170175790786743,0.2329440861940384,0.12056765705347061,0.14254572987556458,0.1213398426771164,0.36034634709358215,0.5522098541259766,0.3228801190853119,0.27387434244155884,0.17494739592075348,0.28521743416786194,1.20126211643219,1.0763462781906128
J Balvin,Música Latina,ytsearch1:J Balvin official audio,39.13,10,19.074,22050,123.046875,0.2888478636741638,0.1531403511762619,0.09392107664233576,0.07257625213798577,2388.680501468146,886.4264683596564,2673.127485036751,431.29536854744964,5281.201439182254,1972.8238717660358,0.03958197683095932,0.061671581119298935,-48.41134262084961,90.23637390136719,5.491457939147949,10.502394676208496,13.209864616394043,8.443363189697266,-4.031879901885986,4.1336469650268555,-4.480282306671143,-1.7988593578338623,-3.4760947227478027,5.372502326965332,-6.134289264678955,0.3657089173793793,0.39489954710006714,0.43856000900268555,0.5622691512107849,0.479749470949173,0.39045214653015137,0.3826005756855011,0.3957517743110657,0.4840332269668579,0.5008852481842041,0.6214982867240906,0.5160471200942993,2.24743914604187,2.6363303661346436
Latino,Música Latina,ytsearch1:Latino official audio,132.88,10,12.874,22050,99.38401442307692,0.3234720528125763,0.0956697091460228,0.13843697212837838,0.054772053364837224,3066.885034093451,693.7731714900164,2920.3950495940394,324.69654878419993,6598.258419552365,1192.3394191543216,0.04308006539940834,0.0363173671066761,8.168559074401855,63.237457275390625,13.121522903442383,21.538333892822266,3.8041815757751465,13.852215766906738,2.077406883239746,13.389293670654297,-1.189924955368042,6.54349422454834,2.5764527320861816,4.120212078094482,-3.363044261932373,0.48853638768196106,0.4101044237613678,0.4763181507587433,0.41059887409210205,0.5383368730545044,0.5542545318603516,0.33489319682121277,0.3230034112930298,0.35920450091362,0.47612425684928894,0.35819554328918457,0.3769295811653137,1.5633187294006348,1.0925201177597046
Anitta,Música Latina,ytsearch1:Anitta official audio,80.14,10,10.074,22050,143.5546875,0.35913458466529846,0.10128525644540787,0.07614262312788019,0.05776150434648357,2043.429010337943,919.9377439921382,2465.136652323593,512.3543467334981,4419.541094380041,2019.1273983229505,0.02377886325120926,0.03665430098772049,-18.710216522216797,108.78031158447266,11.761260032653809,17.72190284729004,7.52299690246582,8.78431224822998,6.009016513824463,1.472800850868225,-5.956537246704102,4.668033599853516,-2.2950832843780518,4.177223205566406,-3.4852795600891113,0.36589449644088745,0.35002535581588745,0.482419490814209,0.3807176947593689,0.43255147337913513,0.32973888516426086,0.2678997814655304,0.2889533042907715,0.32342973351478577,0.4018919765949249,0.29919809103012085,0.3122284710407257,1.9882419109344482,2.3976848125457764
Kali Uchis,Música Latina,ytsearch1:Kali Uchis official audio,77.07,10,17.074,22050,83.35433467741936,0.22550547122955322,0.10342684388160706,0.07948170537533968,0.046643545753759334,2072.918292766363,756.8708347055972,2405.9239400345546,488.69187410422444,4530.969205109969,1733.4462528504077,0.017694540321826935,0.02568892203271389,-73.29566192626953,99.4446792602539,4.806145668029785,28.574691772460938,8.277239799499512,4.522296905517578,-3.44816517829895,6.127220630645752,2.243368625640869,11.861030578613281,-6.455517768859863,-1.7824103832244873,-0.13003872334957123,0.31488892436027527,0.27128544449806213,0.3425810635089874,0.31076037883758545,0.33270594477653503,0.3640124201774597,0.7215559482574463,0.40243402123451233,0.29545897245407104,0.39291614294052124,0.3918856382369995,0.45641666650772095,1.2380378246307373,1.014769434928894
RBD,Música Latina,ytsearch1:RBD official audio,169.25,10,19.274,22050,92.28515625,0.2231631577014923,0.0678887888789177,0.11499699157641396,0.05734453037614026,2438.2562242372524,800.4897352481081,2483.8104976460454,461.62242871548665,5016.938335542644,1596.7018974493992,0.03360569849610329,0.04065924510359764,-29.5653133392334,90.31038665771484,-7.638161659240723,24.060016632080078,4.4440016746521,-6.880666255950928,-12.536027908325195,-2.5816049575805664,-3.0867061614990234,-1.865958333015442,-10.586834907531738,-4.855513095855713,-9.62778377532959,0.18064264953136444,0.24550332129001617,0.3835086524486542,0.22140774130821228,0.29143837094306946,0.2080727368593216,0.3911091983318329,0.570173978805542,0.34197551012039185,0.34994959831237793,0.249164417386055,0.34267398715019226,1.414288878440857,1.4278806447982788
KAROL G,Música Latina,ytsearch1:KAROL G official audio,48.0,10,17.974,22050,117.45383522727273,0.2726781964302063,0.10797994583845139,0.0761945564516129,0.05288891774389499,2238.9544752326624,930.6218105732743,2756.837427335625,522.078339986934,5037.783171622984,2172.5528502906714,0.014518998563289642,0.025726480409502983,-81.07118225097656,99.21131896972656,22.549516677856445,20.575233459472656,13.2608642578125,-11.973345756530762,7.815821647644043,-3.466310501098633,7.231188774108887,-2.0624423027038574,-15.088349342346191,2.080810546875,-5.094203472137451,0.2817700207233429,0.42621326446533203,0.2970034182071686,0.39481067657470703,0.4862290024757385,0.26822206377983093,0.2807697057723999,0.2486506849527359,0.3905882239341736,0.37710851430892944,0.27184486389160156,0.26762285828590393,1.916800618171692,2.2778520584106445
Pitbull,Música Latina,ytsearch1:Pitbull official audio,45.12,10,15.074,22050,63.02400914634146,0.1516617089509964,0.06503656506538391,0.08952749399038462,0.0495739846164319,2415.0451908195973,837.541045648259,2550.9014518505064,507.1450531464393,5066.050443209135,1888.089789625689,0.03484054282307625,0.0474749356508255,-97.58656311035156,84.08255767822266,-6.690549850463867,27.0443172454834,18.325592041015625,4.923845291137695,2.6266398429870605,5.22274112701416,-1.0329502820968628,6.144944190979004,1.982194423675537,7.186429023742676,5.460251808166504,0.45694175362586975,0.4600083529949188,0.5205119252204895,0.4970155656337738,0.48003089427948,0.41952431201934814,0.40357089042663574,0.4291674792766571,0.5628132224082947,0.667178213596344,0.5623342990875244,0.5007110238075256,1.8242337703704834,2.2623066902160645
Maluma,Música Latina,ytsearch1:Maluma official audio,46.76,10,16.774,22050,172.265625,0.22459067404270172,0.08858377486467361,0.09020236320020747,0.07713390535177546,2116.006579037917,1001.0522388550366,2336.905630902318,577.9742060486718,4420.888712396266,2069.3526927374924,0.02377840131521225,0.04340223968029022,-95.21562957763672,98.42131042480469,-0.9457970857620239,15.7818603515625,2.253610372543335,6.625791549682617,-4.868370056152344,-0.6707774996757507,-3.9960384368896484,6.173798561096191,-1.2077126502990723,5.4748921394348145,2.5019867420196533,0.547451913356781,0.3562171161174774,0.431580513715744,0.4488050043582916,0.31498605012893677,0.3710228502750397,0.2938697636127472,0.3734865188598633,0.29027217626571655,0.293977290391922,0.3634452819824219,0.3472127318382263,2.0420048236846924,2.651555299758911
Ozuna,Música Latina,ytsearch1:Ozuna official audio,102.92,10,12.874,22050,172.265625,0.2513933479785919,0.10157736390829086,0.07787074183558558,0.0509109311552946,2330.3751479921357,763.6368133202365,2526.3348227076635,348.1340835796341,4979.815112964527,1573.727087921962,0.026012737303972244,0.039129577577114105,-71.10467529296875,82.87581634521484,3.205378532409668,24.258899688720703,-0.24077335000038147,-0.2928454577922821,-7.16618537902832,5.951002597808838,-1.6207923889160156,6.4607038497924805,3.497034788131714,4.928351879119873,-1.8851014375686646,0.3228859007358551,0.3868040442466736,0.3121424615383148,0.484876811504364,0.3666982352733612,0.5295038223266602,0.3694911003112793,0.3029066324234009,0.3929823637008667,0.3959141671657562,0.40566885471343994,0.26107025146484375,2.1282103061676025,3.081472158432007
Peso Pluma,Música Latina,ytsearch1:Peso Pluma official audio,142.96,10,12.974,22050,151.99908088235293,0.31904202699661255,0.0812087282538414,0.09183792905858676,0.031162877855913356,2314.913080884432,630.0018968292109,2663.7351524665974,403.6779483161522,5229.679289188282,1627.1792401732223,0.024597181007266045,0.022780565544962883,-1.6361970901489258,97.37337493896484,7.407383918762207,8.212615013122559,1.2867326736450195,-3.040297508239746,-1.5520169734954834,7.730842590332031,-2.851865530014038,2.1203901767730713,-1.5488464832305908,-0.1940964311361313,-1.5200486183166504,0.3978288173675537,0.2483002096414566,0.25794968008995056,0.2934052646160126,0.2241709679365158,0.31238752603530884,0.23198218643665314,0.4074317216873169,0.487261027097702,0.2760196030139923,0.34311357140541077,0.26145920157432556,1.4873381853103638,1.4932535886764526
Luísa Sonza,Música Latina,ytsearch1:Luísa Sonza official audio,67.35,10,17.274,22050,172.265625,0.29573214054107666,0.1164851114153862,0.11439497752856183,0.07588325448009775,2814.333538314742,906.6739730389725,2847.408416954331,423.9699985751438,6169.928372290827,1798.0035336671433,0.03903869539499283,0.05625767260789871,-22.78392791748047,74.41158294677734,1.4456117153167725,11.398653030395508,7.008039474487305,4.44077205657959,7.378883361816406,-4.2813215255737305,-0.7808570265769958,4.476992607116699,-4.335369110107422,0.8651719689369202,-3.2540879249572754,0.2693851888179779,0.31750935316085815,0.2607581913471222,0.24685701727867126,0.4296960234642029,0.33735400438308716,0.41239669919013977,0.3195493221282959,0.3089286684989929,0.44433465600013733,0.33367839455604553,0.4006478190422058,1.5455164909362793,1.3164411783218384
Melk Villar,Música Latina,ytsearch1:Melk Villar official audio,308.54,10,18.474,22050,129.19921875,0.24820107221603394,0.04957849159836769,0.09330343121859297,0.035525548727323844,2474.8073585817115,544.1482404013577,2781.9230486358297,322.33758442856225,5762.945219260364,1240.1664194073664,0.02188117615878582,0.017526661977171898,-37.861690521240234,77.39423370361328,6.9693284034729,23.71811294555664,19.85359764099121,19.113218307495117,8.101244926452637,11.7435884475708,3.6982038021087646,8.572989463806152,5.297106742858887,1.0075697898864746,-6.648109436035156,0.2110714167356491,0.32684817910194397,0.40626463294029236,0.2591313421726227,0.23804371058940887,0.28809574246406555,0.5852431654930115,0.5722621083259583,0.3685484528541565,0.4001975655555725,0.2709980010986328,0.20674392580986023,1.2520973682403564,0.6436506509780884
Marc Anthony,Música Latina,ytsearch1:Marc Anthony official audio,130.51,10,10.474,22050,103.359375,0.24324540793895721,0.07223309576511383,0.12749758019911506,0.05602684550590808,2656.54361443545,805.0225341623869,2582.149488466625,414.773557005032,5424.818893027516,1623.1332389725299,0.038651056587696075,0.0440729558467865,-23.56190299987793,78.95282745361328,-10.30082893371582,13.163183212280273,-1.5816973447799683,-1.9461220502853394,-6.281375408172607,-2.8993630409240723,-8.536874771118164,3.2689099311828613,-3.6306707859039307,0.7612109780311584,-1.9208414554595947,0.3821401596069336,0.21882784366607666,0.3675007224082947,0.5588942766189575,0.3019566535949707,0.27457359433174133,0.2052154242992401,0.31240925192832947,0.22207678854465485,0.32735973596572876,0.3573788106441498,0.2912184000015259,1.7660585641860962,1.9417427778244019
Marvvila,Música Latina,ytsearch1:Marvvila official audio,31.06,10,11.074,22050,135.99917763157896,0.26375240087509155,0.06157398968935013,0.07020501670597484,0.04675539960942876,1926.5520671967238,630.6782009761191,2398.826234481907,404.6597523308362,4255.696768130896,1484.0020189934992,0.013277039863169193,0.031193386763334274,-60.17443084716797,108.50855255126953,4.556826114654541,8.681488990783691,-6.327480316162109,-1.9103283882141113,-4.3880534172058105,-1.9821734428405762,-17.23410415649414,-3.0095884799957275,-10.78486156463623,-13.451104164123535,-3.6679084300994873,0.1704368144273758,0.19168809056282043,0.27676358819007874,0.22557327151298523,0.4472212493419647,0.314815491437912,0.4175204038619995,0.2520233392715454,0.1646093875169754,0.23489682376384735,0.16936840116977692,0.2849438786506653,1.2701743841171265,0.9780051708221436
Héctor Lavoe,Música Latina,ytsearch1:Héctor Lavoe official audio,130.49,10,10.474,22050,135.99917763157896,0.1383228749036789,0.03707162290811539,0.07904214774612832,0.029898477821914397,2073.20442036135,497.45325319856164,2306.1899181761673,351.08110952588066,4281.129496076465,1154.7792091153767,0.012529776431620121,0.013979208655655384,-110.22403717041016,94.91634368896484,-9.923798561096191,35.909278869628906,10.27043628692627,5.313582420349121,-0.5565435290336609,5.5121026039123535,-7.867095470428467,9.376709938049316,-6.147435188293457,6.278891563415527,-2.7295103073120117,0.5331044793128967,0.36159446835517883,0.3912620544433594,0.4547581672668457,0.3348446190357208,0.23444761335849762,0.288286030292511,0.39978525042533875,0.2798890769481659,0.320801705121994,0.3695712685585022,0.4586959481239319,1.6436041593551636,1.5498563051223755
Charlie Brown Jr.,Músicas Internacionais,ytsearch1:Charlie Brown Jr. official audio,99.54,10,19.474,22050,123.046875,0.25624632835388184,0.056086715310811996,0.15235480762067938,0.038326025623542294,3078.393386830973,410.74944596445164,2857.956264188304,214.86676731461486,6547.107530123287,726.4495205393216,0.07235214114189148,0.03941607475280762,14.26209545135498,59.74176025390625,2.461745023727417,30.894227981567383,12.7982759475708,14.57880973815918,-4.759144306182861,3.723881959915161,-4.937863349914551,5.149566650390625,-1.7210297584533691,-1.0145354270935059,-1.543284296989441,0.3713092505931854,0.4187963902950287,0.4314313530921936,0.5342485308647156,0.44543129205703735,0.36866360902786255,0.4515853226184845,0.5469000339508057,0.5565138459205627,0.4792051911354065,0.479984313249588,0.3989611268043518,1.3151392936706543,1.0908006429672241
BTS,Músicas Internacionais,ytsearch1:BTS official audio,121.85,10,11.774,22050,234.90767045454547,0.3383176326751709,0.08881429582834244,0.11047939991387795,0.06470393618207311,2674.51063639328,900.0739046094388,2767.4731570389185,469.151391399168,5913.386355422614,1847.9775169528427,0.03619907423853874,0.04061948135495186,3.71494460105896,84.50175476074219,6.588749885559082,12.749639511108398,6.912753582000732,14.249147415161133,0.018476951867341995,10.378789901733398,2.9618518352508545,8.758325576782227,-0.4925367832183838,4.804225921630859,0.8340548276901245,0.4484095871448517,0.3288419544696808,0.27183282375335693,0.37244713306427,0.5974900126457214,0.45296400785446167,0.41851741075515747,0.341751366853714,0.3788115680217743,0.30013060569763184,0.38644030690193176,0.6327197551727295,1.2528821229934692,0.8802466988563538
Justin Bieber,Músicas Internacionais,ytsearch1:Justin Bieber official audio,195.22,10,15.174,22050,92.28515625,0.10456699132919312,0.031240496784448624,0.13101690916475536,0.07272508080456473,2869.1805497389464,924.67456433977,2824.980196005472,409.24853995056344,6289.259268384461,1925.8978267847783,0.028233425691723824,0.041834671050310135,-129.89476013183594,68.65412139892578,-19.845712661743164,-18.765962600708008,-9.8877592086792,-23.831087112426758,-7.431697368621826,-15.65235424041748,-15.293163299560547,0.1837817132472992,-15.208907127380371,-0.33151310682296753,-4.5819244384765625,0.40327098965644836,0.2496744990348816,0.2093687802553177,0.21682973206043243,0.23605090379714966,0.4674709737300873,0.20290400087833405,0.23655910789966583,0.2902395725250244,0.29034224152565,0.49555522203445435,0.30891019105911255,1.6559451818466187,1.296729564666748
Guns N' Roses,Músicas Internacionais,ytsearch1:Guns N' Roses official audio,111.41,10,11.374,22050,135.99917763157896,0.1273757815361023,0.02810843475162983,0.13739337531887755,0.04402673704531002,2978.27084293233,577.5083788521557,2794.364393692002,267.2891016448739,6324.23583984375,1120.1977115305715,0.0623895600438118,0.045606374740600586,-51.97002410888672,68.83525848388672,-3.1206350326538086,20.182865142822266,-2.8785922527313232,6.445003509521484,-3.4033284187316895,-2.565678358078003,-9.789926528930664,2.1648921966552734,-9.580856323242188,-4.87809419631958,-9.237702369689941,0.30321574211120605,0.45862606167793274,0.3099408447742462,0.29947447776794434,0.21661588549613953,0.2866869866847992,0.4416723847389221,0.4633455276489258,0.5578278303146362,0.4297177493572235,0.36705851554870605,0.27716949582099915,1.2544182538986206,1.0430022478103638
Bruno Mars,Músicas Internacionais,ytsearch1:Bruno Mars official audio,75.7,10,15.674,22050,103.359375,0.2427602857351303,0.09868260473012924,0.14247989090236687,0.06462482959501041,2939.942050637051,772.7457470369964,2768.3015319496435,278.448010239961,6258.628673666328,1267.9415233518912,0.06255127489566803,0.061864305287599564,-25.76341438293457,64.03573608398438,0.7284623384475708,16.397397994995117,1.2713277339935303,15.80918025970459,-3.7116494178771973,2.960481643676758,-0.5646528601646423,3.2866430282592773,-2.281310558319092,3.4176039695739746,-3.806375503540039,0.4714004099369049,0.3207322955131531,0.35023587942123413,0.40358787775039673,0.36138367652893066,0.4344445466995239,0.36704128980636597,0.47706133127212524,0.4272121787071228,0.3350278437137604,0.419871985912323,0.43997326493263245,1.7195806503295898,2.0584542751312256
Henrique & Juliano,Músicas Internacionais,ytsearch1:Henrique & Juliano official audio,126.21,10,16.174,22050,172.265625,0.3118678331375122,0.08800993114709854,0.07066837786944045,0.029999138278107414,2009.906069826794,588.1673524139159,2468.2976204741135,397.82399611123645,4615.983469893293,1453.098792845522,0.014718757942318916,0.01706831157207489,-27.4782772064209,104.20613098144531,9.887930870056152,22.100217819213867,4.476077556610107,12.674025535583496,-5.978512763977051,0.9240601062774658,-2.038480281829834,-0.00022937987523619086,0.5642168521881104,4.665335178375244,-4.356554985046387,0.3435497581958771,0.45983412861824036,0.5990430116653442,0.39353734254837036,0.2704181969165802,0.3731256425380707,0.2845873236656189,0.3013966381549835,0.20722275972366333,0.23272359371185303,0.2617959976196289,0.19910535216331482,1.43877375125885,1.6346598863601685
O Rappa,Músicas Internacionais,ytsearch1:O Rappa official audio,53.63,10,13.574,22050,92.28515625,0.1821672022342682,0.07163716852664948,0.10538695245726495,0.0745527653357209,2654.590538821401,880.170110961692,2892.456622355308,389.14457138386484,6169.115459735577,1630.8119603456853,0.03994499519467354,0.04908543825149536,-74.00263977050781,79.8660659790039,15.760704040527344,15.644440650939941,14.481963157653809,12.36493968963623,-4.986152648925781,5.031415939331055,2.9279961585998535,4.230470657348633,5.173141956329346,-0.7334749102592468,0.1740124374628067,0.5767729878425598,0.44909459352493286,0.33429205417633057,0.3830707371234894,0.3432685434818268,0.41019564867019653,0.3128635883331299,0.3903290629386902,0.6127622127532959,0.43043896555900574,0.4005642831325531,0.40653499960899353,1.876960277557373,2.395308256149292
Panda,Músicas Internacionais,ytsearch1:Panda official audio,194.01,10,13.974,22050,143.5546875,0.31979766488075256,0.15777379274368286,0.09062970437084718,0.08086247666737395,2427.885804684333,1101.7736844906342,2401.6571067853674,463.58843494339504,4901.325456486192,1890.9204138737207,0.03394891321659088,0.06009306013584137,-50.298377990722656,76.02643585205078,-11.307820320129395,27.555654525756836,7.359831809997559,16.81234359741211,-3.2384939193725586,0.519711971282959,0.9379264116287231,12.460795402526855,3.240619659423828,14.963006973266602,5.120667457580566,0.4998071491718292,0.4240886867046356,0.45280522108078003,0.5572530627250671,0.6612336039543152,0.5960343480110168,0.5141834616661072,0.4680609703063965,0.5038700103759766,0.5099486112594604,0.5629696249961853,0.5820289254188538,1.996324896812439,2.0883970260620117
MJ Records,Músicas Internacionais,ytsearch1:MJ Records official audio,158.95,10,18.874,22050,112.34714673913044,0.21972209215164185,0.08597356826066971,0.10859843461715867,0.0394247735824234,2774.7974885740373,544.62165303507,2862.82586308309,317.4650594930585,6264.308082045664,1177.9012676902396,0.053023599088191986,0.045423474162817,-23.40138816833496,75.15171813964844,5.18010139465332,20.394092559814453,10.25943660736084,13.242003440856934,3.328061819076538,12.083895683288574,6.800999164581299,9.095870018005371,0.6931161880493164,6.4223809242248535,4.535978317260742,0.5560595989227295,0.6295445561408997,0.5637573599815369,0.5967093706130981,0.5484324097633362,0.6180863976478577,0.3772275149822235,0.3578450679779053,0.5073776245117188,0.41958189010620117,0.5943000316619873,0.5019859671592712,1.9171922206878662,2.6317813396453857
A.Baby,Músicas Internacionais,ytsearch1:A.Baby official audio,166.78,10,16.774,22050,86.1328125,0.06726580113172531,0.02802913449704647,0.047041812543222684,0.029685455521087985,1697.8035627987422,778.6336661462587,2387.9510843096245,555.3837314148045,3951.9831107365144,2070.3532735416507,0.004601070191711187,0.007803436368703842,-262.20166015625,104.0432357788086,33.3560676574707,38.34084701538086,19.207805633544922,9.218746185302734,2.0684893131256104,13.764957427978516,-11.080918312072754,4.493686199188232,-8.332198143005371,-3.917391061782837,-5.781976699829102,0.5458736419677734,0.372376412153244,0.4046194553375244,0.3277946710586548,0.47458845376968384,0.3200877010822296,0.17063483595848083,0.21957626938819885,0.16811418533325195,0.1822209507226944,0.21734602749347687,0.399688184261322,1.2870302200317383,1.5016200542449951
Marília Mendonça,Músicas Internacionais,ytsearch1:Marília Mendonça official audio,101.61,10,11.574,22050,117.45383522727273,0.27261289954185486,0.06623149663209915,0.09158160070140281,0.03129645284288434,2166.529618348455,573.823862924719,2311.6057637621716,398.3042099710021,4522.641523280937,1267.8311806751867,0.015664365142583847,0.015128099359571934,-26.31945037841797,98.6458511352539,-8.696015357971191,27.5906925201416,-2.1337685585021973,9.682479858398438,7.032278537750244,2.7560999393463135,-4.548948764801025,17.716312408447266,-7.129229545593262,1.5750937461853027,-1.2394356727600098,0.45235416293144226,0.3017193377017975,0.37708455324172974,0.3016977608203888,0.3587467670440674,0.28640216588974,0.2785801589488983,0.4876314401626587,0.3875561058521271,0.30847686529159546,0.23757146298885345,0.2888062000274658,1.5094554424285889,1.5282924175262451
Michael Jackson,Músicas Internacionais,ytsearch1:Michael Jackson official audio,168.88,10,18.874,22050,117.45383522727273,0.19439326226711273,0.05788274481892586,0.11883852725246002,0.06456304378162889,2973.231264086901,833.4313759718124,2964.5294583349187,392.0053897254554,6649.2968569822415,1449.271554127275,0.053895771503448486,0.05579601973295212,-46.86689758300781,70.43500518798828,19.312545776367188,20.710180282592773,3.0423691272735596,9.658391952514648,2.3640518188476562,7.926201820373535,1.7260313034057617,8.283390045166016,-1.3995903730392456,0.7898639440536499,-1.26874840259552,0.4093283414840698,0.5253205299377441,0.4487800598144531,0.3767293691635132,0.385658323764801,0.45911478996276855,0.6533029079437256,0.42100363969802856,0.4000869393348694,0.4305388331413269,0.3533567786216736,0.3997589647769928,1.6421504020690918,1.8736575841903687
Genki Rockets,Músicas Internacionais,ytsearch1:Genki Rockets official audio,408.76,10,18.774,22050,129.19921875,0.2214784324169159,0.059732597321271896,0.06903294962917182,0.03033000504320108,1746.8428391769319,313.5433732894433,2087.0192937167267,273.11623325554183,3580.23438707123,821.3380381390258,0.010312102735042572,0.010866484604775906,-60.04179382324219,113.64852142333984,-19.417530059814453,19.40261459350586,0.8661118149757385,14.694808006286621,2.0533556938171387,7.192002773284912,-0.6353964805603027,3.062004804611206,-2.642071485519409,10.756256103515625,10.547246932983398,0.8760749697685242,0.4400772154331207,0.3929489254951477,0.2878059148788452,0.30875393748283386,0.25001955032348633,0.2650759518146515,0.36317509412765503,0.3261122703552246,0.3533630669116974,0.3479135036468506,0.5803031921386719,1.33499276638031,1.2325530052185059
Julliany Souza,Músicas Internacionais,ytsearch1:Julliany Souza official audio,648.69,10,18.674,22050,143.5546875,0.2636401951313019,0.060373906046152115,0.08998750485248447,0.035273303394968474,2639.926931141062,580.3214984141207,3039.6599390776228,361.45975136608445,6703.473378057065,1493.0182472578588,0.020296024158596992,0.01517502311617136,-24.237451553344727,88.33329010009766,19.866296768188477,9.185606002807617,14.605963706970215,3.6397178173065186,5.224897384643555,7.055944442749023,5.578165054321289,5.567721366882324,-2.4310591220855713,3.5353527069091797,-5.096193313598633,0.26228564977645874,0.32361161708831787,0.23865728080272675,0.34966135025024414,0.36497220396995544,0.2844616770744324,0.3643440306186676,0.3209073543548584,0.5857028365135193,0.4098723828792572,0.29785096645355225,0.41331836581230164,1.071892261505127,0.5015836358070374
Stvtic,Músicas Internacionais,ytsearch1:Stvtic official audio,150.63,10,10.574,22050,135.99917763157896,0.18368838727474213,0.038992464542388916,0.1377028080455044,0.11472492859813387,3124.971324040637,1472.677313261155,2890.2963116363626,546.7825172971707,6348.281057257402,2443.9859267537595,0.03962221369147301,0.06572992354631424,-100.02008056640625,66.31061553955078,15.40085220336914,1.2942718267440796,-7.393618583679199,-38.384544372558594,-10.44937515258789,-10.307575225830078,-34.18674087524414,-7.187712669372559,-12.87545394897461,-1.5675798654556274,2.68548583984375,0.519622266292572,0.6170007586479187,0.41189008951187134,0.30791279673576355,0.15840621292591095,0.1599298119544983,0.13239558041095734,0.1376323252916336,0.1959550529718399,0.15758420526981354,0.2082299292087555,0.22236347198486328,1.9720951318740845,1.7504664659500122
Hungria,Músicas Internacionais,ytsearch1:Hungria official audio,153.75,10,13.774,22050,123.046875,0.15893639624118805,0.10015703737735748,0.14062335595538722,0.1272398923983497,2842.0603881803577,1486.3646132921758,2532.9530513695727,791.0269292534143,5678.421667850379,2515.384500655199,0.03974810615181923,0.06402101367712021,-142.13986206054688,70.73094177246094,-3.522759437561035,5.941516876220703,5.63346529006958,-0.10144253820180893,-4.7528533935546875,-0.28663012385368347,-16.354724884033203,-1.7835171222686768,-6.049023628234863,-2.058706283569336,-3.1305932998657227,0.37871789932250977,0.39253461360931396,0.3030557334423065,0.3117980659008026,0.38358035683631897,0.4473566710948944,0.3235301971435547,0.31603845953941345,0.38608863949775696,0.4249541163444519,0.5441781282424927,0.4387568235397339,1.9252477884292603,2.533842086791992
Pop Smoke,Músicas Internacionais,ytsearch1:Pop Smoke official audio,163.61,10,13.574,22050,71.77734375,0.18189629912376404,0.19500654935836792,0.12255024706196581,0.08259069640248548,2441.76595740259,1375.02513017659,2116.7369484637793,687.40502140893,4519.764122596154,2396.6934111751184,0.031318359076976776,0.05576948821544647,-170.7335205078125,75.24436950683594,-15.255999565124512,1.5291929244995117,-15.657021522521973,-6.808481693267822,-10.190532684326172,2.3463854789733887,0.44934937357902527,-3.7128071784973145,-7.281684875488281,-8.727672576904297,0.28243905305862427,0.2517559230327606,0.3255680501461029,0.5600571036338806,0.33926528692245483,0.23654602468013763,0.2605530321598053,0.25704649090766907,0.3585512936115265,0.2797831594944,0.5180453658103943,0.4468846917152405,0.24559080600738525,1.64691960811615,2.6243648529052734
SZA,Músicas Internacionais,ytsearch1:SZA official audio,125.97,10,15.974,22050,129.19921875,0.27201664447784424,0.11128830909729004,0.06146878974382267,0.04575022487484009,1828.6505875537807,822.2019171403504,2421.748582946924,549.566451391985,4026.2708087300143,2134.149722215907,0.01340624038130045,0.02132013626396656,-76.43274688720703,116.57779693603516,15.812464714050293,13.580656051635742,11.961005210876465,6.113350868225098,0.9603963494300842,2.1123268604278564,4.502257823944092,-0.8086767792701721,-3.3028554916381836,2.0553958415985107,-0.6434915661811829,0.28384360671043396,0.41376540064811707,0.2828340232372284,0.40300342440605164,0.3210145831108093,0.48381322622299194,0.3933942914009094,0.3381289541721344,0.4670884907245636,0.31285056471824646,0.37080657482147217,0.2317572683095932,1.751835823059082,2.23214054107666
80vii,Músicas Internacionais,ytsearch1:80vii official audio,79.14,10,19.074,22050,89.10290948275862,0.20603127777576447,0.09675061702728271,0.0972148960234185,0.050206575953247436,2598.2563197273103,737.8935537994055,2660.293454862831,366.47767824056274,5675.898241474681,1434.72333211835,0.02460651844739914,0.0395483635365963,-81.59532928466797,72.08284759521484,3.4264981746673584,15.45637321472168,-17.344852447509766,-7.768667697906494,-9.037076950073242,2.01829195022583,-9.810043334960938,3.2312979698181152,-5.775519371032715,3.6568965911865234,-2.920544147491455,0.20396734774112701,0.3599556088447571,0.3626294732093811,0.5739529728889465,0.2919105887413025,0.18707849085330963,0.22847987711429596,0.22708167135715485,0.308097243309021,0.2688862085342407,0.3448250889778137,0.22538340091705322,1.5395786762237549,1.365527629852295
EmillyVick,Músicas para Crianças,ytsearch1:EmillyVick official audio,65.28,10,15.274,22050,86.1328125,0.05726613104343414,0.05104779079556465,0.09960343844984802,0.0853200900582254,2023.1477661097463,1213.4114671183827,2183.711419015953,770.2387226964121,3749.558988530585,2602.6382654160893,0.014392240904271603,0.03905683383345604,-307.2931823730469,94.39075469970703,-3.2568671703338623,3.1331915855407715,-3.788132667541504,-7.577839374542236,-12.952754974365234,-12.735530853271484,-5.231255531311035,-4.99650764465332,-5.201829433441162,-1.4606693983078003,-4.65523099899292,0.2921214699745178,0.2984735667705536,0.29774144291877747,0.3037356734275818,0.3079333007335663,0.24801789224147797,0.2104046493768692,0.23226232826709747,0.23869597911834717,0.23485761880874634,0.270660400390625,0.2823496162891388,1.9964005947113037,1.9071565866470337
Larissa Manoela,Músicas para Crianças,ytsearch1:Larissa Manoela official audio,133.16,10,13.174,22050,172.265625,0.20340779423713684,0.047820668667554855,0.12272192726672536,0.07195606426790825,2562.685581916598,977.7223248502808,2558.5460316246235,448.18178598845157,5160.4624573613555,1651.0411393014251,0.028999438509345055,0.03763240948319435,-45.538204193115234,81.52298736572266,-0.40310046076774597,32.58478927612305,8.385478973388672,6.953677654266357,10.87872314453125,8.414938926696777,7.0258588790893555,7.264309883117676,-1.357122778892517,3.371184825897217,-0.20749901235103607,0.4794205129146576,0.33565759658813477,0.42131227254867554,0.2891968786716461,0.38154998421669006,0.2642732858657837,0.30532604455947876,0.497243732213974,0.3133765757083893,0.3292245864868164,0.29213398694992065,0.42429688572883606,1.3231415748596191,1.0578680038452148
Music Box Orchestra,Músicas para Crianças,ytsearch1:Music Box Orchestra official audio,31.24,10,11.174,22050,103.359375,0.06506364047527313,0.019978106021881104,0.059006053877074686,0.05279274832743873,1676.5332504064697,904.2318521368998,2107.343778530519,554.8925296111992,3532.026083538641,1989.4290679278479,0.008720132522284985,0.022310424596071243,-237.1801300048828,120.65397644042969,8.703441619873047,19.73896598815918,0.5133660435676575,14.41012954711914,2.537673234939575,9.383954048156738,-10.109971046447754,3.915039539337158,-10.31078052520752,-4.951267719268799,-3.0757369995117188,0.24733904004096985,0.3068597912788391,0.4008568227291107,0.2782423794269562,0.19887672364711761,0.24059876799583435,0.30998489260673523,0.40865400433540344,0.32859715819358826,0.4048621356487274,0.4414680004119873,0.2532282769680023,1.303834319114685,1.1319580078125
Sandy e Junior,Músicas para Crianças,ytsearch1:Sandy e Junior official audio,58.96,10,18.974,22050,99.38401442307692,0.19257678091526031,0.09377605468034744,0.10252055795385086,0.06880515978096985,2379.3146400488513,824.0546215725703,2676.8521834772428,371.20710167278844,5195.016874952246,1592.0926742598874,0.03058144450187683,0.04861665144562721,-85.96184539794922,89.68602752685547,13.920821189880371,18.21160316467285,-0.2205088585615158,9.10511589050293,11.300393104553223,2.273247718811035,6.6315107345581055,2.717466115951538,-2.0609731674194336,1.3815033435821533,-3.920820474624634,0.28340810537338257,0.33215954899787903,0.3256300985813141,0.4061262905597687,0.26067739725112915,0.3042086362838745,0.4802204370498657,0.3651998043060303,0.4673008620738983,0.36584898829460144,0.4450158178806305,0.39299753308296204,1.590018391609192,2.019994020462036
Vic Brow,Músicas para Crianças,ytsearch1:Vic Brow official audio,128.04,10,17.974,22050,107.666015625,0.3362371623516083,0.1486714482307434,0.09555191532258064,0.049345843046057165,2011.6545278437718,522.9583291574054,2069.927000249967,387.86021033947094,3832.9657258064517,1214.762660924054,0.01216205395758152,0.01846398413181305,-35.44913864135742,100.9083251953125,-30.807172775268555,38.981876373291016,15.61789608001709,0.3567315936088562,4.465987682342529,1.9063557386398315,-1.4193888902664185,-2.4072022438049316,-4.206668376922607,-0.9795278906822205,-2.3425517082214355,0.521110475063324,0.4053594470024109,0.5632364749908447,0.6471351385116577,0.4031476676464081,0.38822707533836365,0.29073062539100647,0.4523908793926239,0.37322714924812317,0.3903106153011322,0.45374205708503723,0.40548473596572876,1.4564522504806519,1.4509227275848389
Taryn Szpilman,Músicas para Crianças,ytsearch1:Taryn Szpilman official audio,108.82,10,18.774,22050,112.34714673913044,0.16080966591835022,0.058505479246377945,0.1024292143077874,0.024214756038258848,1929.676183583858,420.46660010999375,2082.0326261589134,372.47441957617383,3741.5870166679542,1028.0281368475403,0.005426531191915274,0.007410733494907618,-101.9377212524414,116.77617645263672,-13.540349006652832,18.985363006591797,-2.5389792919158936,-12.162664413452148,4.688668251037598,-8.474382400512695,-4.987558841705322,1.4695041179656982,-12.400318145751953,5.484743118286133,-7.596289157867432,0.17419297993183136,0.3299337327480316,0.1416233777999878,0.18662379682064056,0.13275226950645447,0.28823769092559814,0.2928144335746765,0.17643818259239197,0.3803347945213318,0.1934881955385208,0.3827150762081146,0.21724273264408112,1.1772174835205078,0.6997663378715515
Clebinho No Beat,Músicas para Crianças,ytsearch1:Clebinho No Beat official audio,58.97,10,18.974,22050,92.28515625,0.2021004557609558,0.07418670505285263,0.10956780543245721,0.05022766336745082,2681.4915700656684,661.7838386188125,2651.1220405064587,331.94201097846457,5695.334794993505,1218.31227853598,0.031156055629253387,0.03399675711989403,-69.0478744506836,70.74861907958984,9.46257495880127,28.853458404541016,-16.970306396484375,2.611393690109253,0.5499383807182312,2.127877950668335,-1.2416456937789917,-9.108946800231934,-8.43366813659668,-5.208621501922607,-3.4637715816497803,0.4411967396736145,0.23390674591064453,0.2574000954627991,0.22719457745552063,0.3282531201839447,0.21534505486488342,0.27829796075820923,0.35920053720474243,0.31839409470558167,0.37290945649147034,0.3121669292449951,0.5134943723678589,2.120373487472534,3.112090826034546
Wolfgang Amadeus Mozart,Músicas para Crianças,ytsearch1:Wolfgang Amadeus Mozart official audio,854.49,10,14.474,22050,92.28515625,0.11066314578056335,0.03500868007540703,0.0877849872295673,0.014962911538416633,1523.501976774659,180.46832202455477,1488.1070765721502,161.21115252705118,2773.573185847356,318.34051910459175,0.0023248735815286636,0.0012281647650524974,-144.9519805908203,146.39219665527344,-55.06268310546875,18.903274536132812,-4.76920747756958,-14.690644264221191,-5.093502521514893,3.094421863555908,-21.859294891357422,0.9592360258102417,-2.192310094833374,0.7413110733032227,-1.8333487510681152,0.2749061584472656,0.3418472409248352,0.5479435324668884,0.20799632370471954,0.28107285499572754,0.26401904225349426,0.22549091279506683,0.16746917366981506,0.1677706390619278,0.4612196981906891,0.2502945065498352,0.13335564732551575,0.8953274488449097,0.31265005469322205
Little Songbird,Músicas para Crianças,ytsearch1:Little Songbird official audio,72.96,10,12.974,22050,86.1328125,0.14367738366127014,0.07801830768585205,0.05643448121645796,0.0775206647727675,1763.0783495010712,1037.3480854064223,2370.2087608537654,563.1049153833895,3856.5234899094366,2312.8422840709322,0.01192310731858015,0.030793923884630203,-183.8144073486328,108.34850311279297,21.413908004760742,31.857786178588867,30.678495407104492,9.538430213928223,9.768431663513184,14.797734260559082,0.05562126263976097,4.197460651397705,-2.8126332759857178,4.609768390655518,-0.4231264591217041,0.3837737739086151,0.33796241879463196,0.412060409784317,0.4244231879711151,0.3083547055721283,0.3096413314342499,0.37934696674346924,0.505638062953949,0.48938485980033875,0.40324920415878296,0.38247495889663696,0.38988783955574036,1.4611244201660156,1.6963409185409546
Grupo Menos É Mais,Pagode,ytsearch1:Grupo Menos É Mais official audio,111.27,10,11.274,22050,172.265625,0.3133288025856018,0.06722047924995422,0.11985496238425926,0.05475423927863601,2689.1325560687906,702.1267383529635,2794.548553656261,395.43733248343904,5938.556134259259,1516.5758473936962,0.04035722836852074,0.04020211473107338,7.394819259643555,81.82841491699219,11.67183780670166,18.546072006225586,-3.271611213684082,1.1243104934692383,0.9114388227462769,-5.000908374786377,-9.306791305541992,2.3398334980010986,-3.8556809425354004,-0.5168296694755554,-0.931769073009491,0.2130734771490097,0.3300611078739166,0.5217067003250122,0.36398106813430786,0.5553801655769348,0.36006447672843933,0.4138279855251312,0.41590648889541626,0.3453335762023926,0.3877527117729187,0.21405375003814697,0.21831464767456055,1.582209587097168,1.5236080884933472
Ferrugem,Pagode,ytsearch1:Ferrugem official audio,299.14,10,19.074,22050,103.359375,0.15167953073978424,0.05731556564569473,0.07471594149178833,0.053079711662076014,1807.4308435800458,786.2535850209517,2214.7446456552016,465.07995070750775,3594.9970774406934,1625.8739428260817,0.007626739796251059,0.021776914596557617,-155.7975311279297,107.7404556274414,10.71184253692627,18.444236755371094,4.982710838317871,-6.995675563812256,-12.942111015319824,-8.145105361938477,-19.281208038330078,1.8262584209442139,-14.31790542602539,-8.484463691711426,-8.250129699707031,0.19318649172782898,0.26199576258659363,0.34311848878860474,0.18629664182662964,0.28361475467681885,0.24258014559745789,0.483382910490036,0.41855281591415405,0.29217034578323364,0.29415473341941833,0.16747550666332245,0.24996525049209595,1.8037748336791992,2.0073084831237793
Grupo Revelação,Pagode,ytsearch1:Grupo Revelação official audio,30.65,10,10.674,22050,117.45383522727273,0.22246727347373962,0.047733668237924576,0.11768745754076088,0.03482884145893023,2862.1344302754483,628.3772195863107,3046.0855626651532,371.87700922974943,6749.629330842391,1488.7732437370848,0.0495823472738266,0.035207755863666534,-14.273055076599121,83.47957611083984,15.305667877197266,5.913437366485596,5.870325565338135,-1.1423053741455078,-7.1343231201171875,-9.330735206604004,-8.449667930603027,-2.9479308128356934,-3.5033085346221924,-3.8356704711914062,-5.807288646697998,0.33736956119537354,0.22435389459133148,0.3919233977794647,0.2766178846359253,0.3575941324234009,0.5130356550216675,0.31472325325012207,0.3086150586605072,0.2948097288608551,0.46955201029777527,0.509891152381897,0.3554501533508301,1.5811864137649536,1.5930677652359009
Pagode Restaura,Pagode,ytsearch1:Pagode Restaura official audio,45.42,10,15.374,22050,129.19921875,0.320249080657959,0.07801031321287155,0.08662757470776772,0.05497022155047954,2445.4850455524997,787.9513756609875,2860.3840287891635,423.8471115273585,5789.524820595306,1810.6085189319133,0.031037449836730957,0.03473152965307236,-8.49521541595459,94.53797149658203,18.29262351989746,8.372492790222168,5.200052261352539,2.8359386920928955,0.22967642545700073,2.126495838165283,-2.990656852722168,6.22285795211792,3.3875715732574463,-1.0028672218322754,-2.0281476974487305,0.4408857822418213,0.37496960163116455,0.3276262581348419,0.39999455213546753,0.3729563057422638,0.4459089934825897,0.5041862726211548,0.5741519331932068,0.5020464062690735,0.38061726093292236,0.3584029972553253,0.3360176384449005,1.5431441068649292,1.3670998811721802
Thiaguinho,Pagode,ytsearch1:Thiaguinho official audio,31.42,10,11.374,22050,95.703125,0.20357735455036163,0.0743861198425293,0.08533462213010204,0.04213205449729538,2376.741955667558,669.7796340003582,2794.471583554677,335.89932813050393,5726.27197265625,1382.9018432914713,0.024572933092713356,0.03510581701993942,-77.71879577636719,87.28036499023438,27.23482894897461,17.927770614624023,4.214768409729004,17.698402404785156,3.550809144973755,10.698224067687988,0.06893865019083023,3.4065306186676025,4.487030029296875,4.397309303283691,2.1808295249938965,0.44019415974617004,0.38845357298851013,0.4673307240009308,0.31297463178634644,0.31604820489883423,0.31411799788475037,0.3676551580429077,0.44801509380340576,0.33710357546806335,0.33729133009910583,0.25891563296318054,0.3066639006137848,1.669264554977417,1.9682270288467407
Pagode do Adame,Pagode,ytsearch1:Pagode do Adame official audio,193.66,10,13.674,22050,151.99908088235293,0.20994867384433746,0.05781736969947815,0.07548794964983022,0.05138293325681071,2348.801805772718,904.9907324437227,2914.8802871137,480.6835631356212,5783.456426079691,2109.3388812869694,0.01811390556395054,0.024258654564619064,-87.27626037597656,92.09227752685547,37.01388931274414,17.672813415527344,13.24697208404541,9.235779762268066,-4.017208099365234,-8.017800331115723,-7.048358917236328,-5.714461803436279,-7.195297718048096,-2.573232412338257,-7.127049922943115,0.3260301947593689,0.24403809010982513,0.26487523317337036,0.29983070492744446,0.4877279996871948,0.4330427348613739,0.3504408001899719,0.4335021376609802,0.3446185290813446,0.36805546283721924,0.2833673655986786,0.268665611743927,1.7750654220581055,1.9269126653671265
Samba De Raiz,Pagode,ytsearch1:Samba De Raiz official audio,142.92,10,12.874,22050,95.703125,0.18013322353363037,0.06484542787075043,0.09796065596846847,0.03451201539330466,2486.8328581429514,457.3852316303152,2704.407302764756,340.3011300000677,5651.670449746622,1204.4673633941607,0.03603671118617058,0.02641560696065426,-48.47438430786133,85.16503143310547,1.188015341758728,16.523523330688477,-0.19269733130931854,-2.029017686843872,-10.876739501953125,-5.6028947830200195,-9.003653526306152,3.4221811294555664,-0.3130858540534973,0.2989146113395691,1.2262061834335327,0.42795515060424805,0.38238370418548584,0.5162913203239441,0.4105474650859833,0.3460688292980194,0.287573903799057,0.37888821959495544,0.44951459765434265,0.4804512560367584,0.5704260468482971,0.44499829411506653,0.5090451836585999,1.4205514192581177,1.3884106874465942
Pagode da 27,Pagode,ytsearch1:Pagode da 27 official audio,1106.07,10,16.074,22050,112.34714673913044,0.16969417035579681,0.11259842664003372,0.11040440679112554,0.060885509082844826,2880.5363435336785,558.0733189539857,2966.4542593747456,270.90981950610296,6754.729669744318,946.3127635355626,0.05131140351295471,0.054473597556352615,-87.73196411132812,67.72189331054688,4.198360443115234,7.75897216796875,8.256438255310059,6.766038417816162,-13.819215774536133,-4.440786838531494,-10.06639575958252,-3.0819551944732666,-5.016514778137207,0.3651505708694458,-7.767545223236084,0.3625081479549408,0.38075968623161316,0.430463969707489,0.4303151071071625,0.47259196639060974,0.36662691831588745,0.25738227367401123,0.2887076735496521,0.4393472671508789,0.6463468670845032,0.40886807441711426,0.3513374924659729,1.4823263883590698,1.570094108581543
Yan,Pagode,ytsearch1:Yan official audio,182.33,10,12.274,22050,184.5703125,0.2869299650192261,0.05788680166006088,0.10490570356805293,0.046854374450857265,2635.152950133439,626.8470405577968,2880.7469357270425,294.4658688462342,6207.200210080931,1240.767684976335,0.03519498556852341,0.036403559148311615,-4.728506565093994,83.57858276367188,11.119133949279785,17.479095458984375,17.414762496948242,7.330036640167236,-2.3849968910217285,10.62392807006836,-1.1267948150634766,8.191203117370605,4.445155620574951,1.041825771331787,3.0709104537963867,0.3646543025970459,0.48499053716659546,0.3523978292942047,0.3695433437824249,0.4486083984375,0.3798106610774994,0.5000227689743042,0.39941197633743286,0.6226536631584167,0.44684720039367676,0.3755878508090973,0.47279810905456543,1.3812159299850464,1.1766159534454346
Gloria Groove,Pagode,ytsearch1:Gloria Groove official audio,45.63,10,15.574,22050,129.19921875,0.29899364709854126,0.0997358188033104,0.1380424215257079,0.08284747964007813,2883.0831413195715,953.0801743499957,2648.4489303491423,386.91885257325606,5932.140731243014,1801.518954668081,0.06250646710395813,0.08560332655906677,-6.537878036499023,63.79740905761719,-11.608242988586426,15.928154945373535,2.557542324066162,-1.646712303161621,-2.143540382385254,8.942270278930664,-9.370198249816895,6.872229099273682,-3.4530062675476074,-2.4376277923583984,1.1743415594100952,0.3264603614807129,0.43349310755729675,0.33058035373687744,0.469033807516098,0.4017750918865204,0.2951090931892395,0.2998262643814087,0.2984769344329834,0.40661799907684326,0.33046942949295044,0.3406650722026825,0.34698671102523804,1.7429217100143433,1.7479876279830933
Gaab,Pagode,ytsearch1:Gaab official audio,210.32,10,10.274,22050,112.34714673913044,0.15312501788139343,0.08878935873508453,0.07712198433972912,0.07606565869787042,2553.533627018242,1333.1318733914213,2808.773203170163,641.8279911520118,5591.074317949351,2589.890782985443,0.0283863116055727,0.0490819588303566,-164.2457275390625,81.03742980957031,23.605600357055664,7.492977619171143,2.1862223148345947,6.817694187164307,3.2513227462768555,5.37416410446167,4.747409820556641,16.758872985839844,3.235769271850586,-2.1498162746429443,1.2322827577590942,0.4167200028896332,0.37387698888778687,0.39562520384788513,0.4572128355503082,0.5620293617248535,0.47914132475852966,0.5132724046707153,0.4857633113861084,0.41929346323013306,0.500608503818512,0.5223979949951172,0.5698593258857727,1.847089171409607,2.090803861618042
Diggo,Pagode,ytsearch1:Diggo official audio,1006.46,10,16.474,22050,92.28515625,0.26523271203041077,0.06345963478088379,0.06635948503521127,0.03675095029563327,2202.8054970507865,707.221057604825,2805.4353309814373,433.6770608525865,5499.398107394366,1764.1787713523652,0.01631968468427658,0.01974836364388466,-56.387027740478516,97.74144744873047,35.99660110473633,18.198875427246094,3.797671318054199,5.002191066741943,-9.537728309631348,-3.2996416091918945,-6.199529647827148,-0.30464795231819153,-2.633479595184326,-0.7989830374717712,-5.456978797912598,0.28361842036247253,0.25107207894325256,0.3402917981147766,0.33514177799224854,0.44521012902259827,0.33672893047332764,0.3915068805217743,0.3339805603027344,0.3437057137489319,0.4647499620914459,0.33503881096839905,0.38749080896377563,1.5381959676742554,1.4512478113174438
Turma do Pagode,Pagode,ytsearch1:Turma do Pagode official audio,62.91,10,12.874,22050,123.046875,0.26985907554626465,0.08803893625736237,0.09775742539414414,0.04408090889053733,2405.3613097444645,718.847519170981,2736.789778012826,477.5529699635084,5531.181508657095,1786.4379846027452,0.02656704932451248,0.028187302872538567,-25.279083251953125,95.67074584960938,8.989945411682129,4.816713333129883,4.0575737953186035,-1.747084140777588,-15.886493682861328,-4.904300212860107,-8.827340126037598,-2.8753082752227783,-2.759460687637329,-3.319875717163086,-2.513261318206787,0.28733205795288086,0.38660910725593567,0.3581371307373047,0.4684205651283264,0.2975953221321106,0.22296598553657532,0.2988959550857544,0.24645738303661346,0.316285103559494,0.20715685188770294,0.29284146428108215,0.3528214991092682,1.4662705659866333,1.2639226913452148
Mr. Dan,Pagode,ytsearch1:Mr. Dan official audio,170.21,10,10.174,22050,86.1328125,0.11522950232028961,0.025835298001766205,0.1021686805951025,0.04539031907458513,2453.1815437615396,614.9244886304318,2623.9323611543405,320.98810388384334,5486.282466810222,1154.4404839928554,0.026364536955952644,0.031638313084840775,-103.87129974365234,83.88653564453125,10.670095443725586,35.77260208129883,-0.2189687043428421,18.551944732666016,4.129465103149414,6.664419651031494,-5.779806613922119,10.098343849182129,4.245763778686523,6.170788288116455,-2.935844898223877,0.3515351116657257,0.25863537192344666,0.37647590041160583,0.4500078558921814,0.4459848701953888,0.6374666094779968,0.510349690914154,0.4999487102031708,0.36784783005714417,0.3027345836162567,0.4055800139904022,0.3106878399848938,1.4275426864624023,1.0668714046478271
Samba da Ladeira,Pagode,ytsearch1:Samba da Ladeira official audio,257.74,10,17.674,22050,129.19921875,0.25779569149017334,0.07216189056634903,0.08102905593832022,0.04733597675819587,2294.4824755877894,638.5090466914108,2691.7524788526657,341.26963303412555,5306.450983483021,1268.5793737198876,0.020017875358462334,0.020736122503876686,-41.310184478759766,89.73815155029297,17.989221572875977,27.62476921081543,4.862752437591553,12.545262336730957,1.5694855451583862,1.4387136697769165,0.6671820282936096,0.7954497337341309,-0.6201170086860657,1.8305259943008423,-5.275183200836182,0.38073650002479553,0.3358015716075897,0.43479210138320923,0.37265342473983765,0.437056303024292,0.4693273603916168,0.39851248264312744,0.40581613779067993,0.47428566217422485,0.5387738943099976,0.3548058271408081,0.29844364523887634,1.444752812385559,1.1896759271621704
Anitta,Pagode,ytsearch1:Anitta official audio,115.7,10,15.674,22050,129.19921875,0.24797707796096802,0.08344950526952744,0.07066787629437869,0.034892206939007006,2155.5777180711993,640.4889479606929,2750.1193208940776,405.64700254239676,4955.615053797615,1818.4178653013037,0.020208634436130524,0.02813480608165264,-53.122764587402344,108.63692474365234,13.977250099182129,2.5268547534942627,5.6649956703186035,-5.393416881561279,1.4352259635925293,-2.6752710342407227,1.6942683458328247,0.24833723902702332,-5.325796127319336,3.0441887378692627,-4.192863941192627,0.38004863262176514,0.2558949887752533,0.23705178499221802,0.249925896525383,0.41734322905540466,0.23630884289741516,0.19940578937530518,0.26849931478500366,0.36613455414772034,0.624111533164978,0.40394890308380127,0.3914593458175659,1.6895482540130615,1.8314008712768555
Malibu,Pagode,ytsearch1:Malibu official audio,82.32,10,12.274,22050,92.28515625,0.17457331717014313,0.11209768801927567,0.10762494092627599,0.05799037782712456,2154.5421305044874,762.0784715771689,2227.570576433368,469.86172642812,4235.752017736886,1396.3854527275264,0.02051153965294361,0.04055311158299446,-92.11201477050781,103.4996566772461,-24.02918243408203,26.50065040588379,8.797486305236816,-5.5548906326293945,2.823193311691284,-1.1337871551513672,0.19099821150302887,5.475841999053955,-9.17289924621582,5.213761806488037,-8.992372512817383,0.5742194056510925,0.3932669460773468,0.3160227835178375,0.4748441278934479,0.2753349840641022,0.22800074517726898,0.22877620160579681,0.41222724318504333,0.4471364915370941,0.3172494173049927,0.38458284735679626,0.35142871737480164,1.5251448154449463,1.7020314931869507
Sambabook,Pagode,ytsearch1:Sambabook official audio,87.77,10,17.774,22050,92.28515625,0.2402186542749405,0.06774600595235825,0.06060042020234987,0.03375265958742874,1934.9635399279553,656.7009036795206,2626.1757005041686,439.9240323828697,4519.470756670203,1949.325124896424,0.012539390474557877,0.01477516908198595,-73.49376678466797,109.43441009521484,27.28330421447754,14.726993560791016,12.486200332641602,2.49661922454834,-1.9263100624084473,2.89564847946167,-7.7698259353637695,-0.6810833215713501,-5.550048351287842,-0.6862694025039673,-3.650451898574829,0.3791578710079193,0.29539379477500916,0.40041854977607727,0.34203365445137024,0.39120936393737793,0.4336979389190674,0.40512874722480774,0.49668610095977783,0.47476720809936523,0.5258424282073975,0.3702155649662018,0.402115136384964,1.5656033754348755,1.5927423238754272
Os Barões Da Pisadinha,Piseiro,ytsearch1:Os Barões Da Pisadinha official audio,37.83,10,17.774,22050,172.265625,0.20023418962955475,0.07948939502239227,0.11039108395887728,0.05788354958635867,2574.5993657711947,740.2965390143602,2708.5743224439707,405.338722500425,5632.478734905352,1440.4783784290028,0.030973583459854126,0.0389220267534256,-63.27623748779297,80.40776824951172,13.765737533569336,25.058977127075195,-3.2035672664642334,7.6893181800842285,-2.402616024017334,-7.037901878356934,-2.3208866119384766,-1.5499764680862427,-2.7138876914978027,3.426541328430176,-2.8213706016540527,0.3725977838039398,0.24525664746761322,0.3287973701953888,0.25129732489585876,0.28515762090682983,0.22076751291751862,0.3744884431362152,0.37524500489234924,0.27383893728256226,0.34081751108169556,0.32125887274742126,0.5028127431869507,1.9005378484725952,2.3066258430480957
Rey Vaqueiro,Piseiro,ytsearch1:Rey Vaqueiro official audio,83.14,10,13.074,22050,151.99908088235293,0.2323213368654251,0.12244352698326111,0.09787441821808511,0.05318469839506675,2678.5261250147764,616.8154968572723,2890.6661026363654,324.5390974529793,6313.695509890293,1269.3071673479492,0.0242129098623991,0.026687758043408394,-72.7725830078125,74.23235321044922,16.576396942138672,7.887147426605225,-3.1129868030548096,8.877908706665039,-1.1604231595993042,2.6089794635772705,-5.824543476104736,7.23466157913208,-1.8000191450119019,2.310490608215332,-4.991456031799316,0.5418572425842285,0.439920574426651,0.4074963629245758,0.27975308895111084,0.2953418791294098,0.22388756275177002,0.24427151679992676,0.2992693781852722,0.27390122413635254,0.35730987787246704,0.27040353417396545,0.35974380373954773,1.7261451482772827,1.8060905933380127
Filho do Piseiro,Piseiro,ytsearch1:Filho do Piseiro official audio,275.24,10,15.174,22050,184.5703125,0.25821638107299805,0.1358146220445633,0.10066881092316514,0.04365554519439844,2538.333925766683,572.8405107611101,2600.686238046992,445.9924871539682,5456.36221509461,1495.3307046238372,0.023998461663722992,0.02347288653254509,-58.49292755126953,74.78876495361328,-5.555608749389648,16.006309509277344,1.9419914484024048,8.75772476196289,-7.031120300292969,-3.572751760482788,-12.492463111877441,-6.07714319229126,-6.323863506317139,-3.0215089321136475,-4.737259864807129,0.40280136466026306,0.28606337308883667,0.320697158575058,0.47353047132492065,0.5303152203559875,0.3144174814224243,0.2368418127298355,0.37132859230041504,0.2270548939704895,0.21320247650146484,0.20087696611881256,0.23084305226802826,1.9315719604492188,2.510976552963257
Natanzinho Lima,Piseiro,ytsearch1:Natanzinho Lima official audio,67.12,10,17.074,22050,135.99917763157896,0.2837751507759094,0.11410900950431824,0.10633783755095108,0.048197595508832965,2674.892071068161,714.9457933187522,2766.1004027211875,350.8967067907264,5901.077768077021,1327.8897030679796,0.030719423666596413,0.03732091933488846,-30.96295928955078,76.64542388916016,16.331256866455078,20.050479888916016,-8.067004203796387,5.389489650726318,-13.09449291229248,-5.669528961181641,-6.018866062164307,-0.22812224924564362,-5.3663434982299805,-0.6612693667411804,-0.4867556095123291,0.3492758274078369,0.4495393633842468,0.29421311616897583,0.34446051716804504,0.2670881450176239,0.2421707957983017,0.3706229627132416,0.25833773612976074,0.2994999587535858,0.2452356517314911,0.34682053327560425,0.4456246495246887,1.7701961994171143,2.219956398010254
Zé Vaqueiro,Piseiro,ytsearch1:Zé Vaqueiro official audio,92.32,10,12.274,22050,151.99908088235293,0.3153071105480194,0.11967690289020538,0.10733603349480152,0.07348412754763711,2565.6995058653197,867.9271545687025,2722.2313802738126,382.2819655662874,5618.98555647448,1550.0103524175836,0.026028018444776535,0.030936211347579956,-24.73474884033203,83.41876220703125,11.797228813171387,21.571378707885742,-2.568511486053467,-2.582904100418091,-1.6897037029266357,-3.6642661094665527,-5.769476890563965,3.050450325012207,-5.610494613647461,-4.236875057220459,-0.7646793723106384,0.33289456367492676,0.3287310302257538,0.2509593069553375,0.22183549404144287,0.27526411414146423,0.2296137809753418,0.32655805349349976,0.2356913685798645,0.37286967039108276,0.47609665989875793,0.3711761236190796,0.4867994487285614,1.6526423692703247,1.7281359434127808
Marília Mendonça,Piseiro,ytsearch1:Marília Mendonça official audio,33.91,10,13.874,22050,117.45383522727273,0.26070672273635864,0.08878493309020996,0.10578964386496656,0.0529380247421149,2136.6518900008487,800.6315148752263,2299.2600193145354,513.2727168076747,4302.12153303982,1702.7137309009818,0.01282422337681055,0.021040553227066994,-56.78955841064453,100.06761932373047,-3.670227289199829,26.24452018737793,6.767287254333496,1.8771734237670898,1.668079137802124,8.685215950012207,-6.1661505699157715,12.941780090332031,-4.5009942054748535,0.19556501507759094,-8.261530876159668,0.20867395401000977,0.254827618598938,0.1978379338979721,0.32915616035461426,0.5679097175598145,0.3038739860057831,0.29871851205825806,0.24880889058113098,0.40952175855636597,0.2653537094593048,0.22992004454135895,0.3691265285015106,1.6824731826782227,1.8043726682662964
Pisadinha do Vaqueiro,Piseiro,ytsearch1:Pisadinha do Vaqueiro official audio,69.26,10,19.274,22050,112.34714673913044,0.26232048869132996,0.08104565739631653,0.10556746389891697,0.060063568974994035,2709.811804052857,826.7692920438152,2842.1582696502483,369.1224247312313,6104.20961896435,1552.019260230536,0.034765832126140594,0.04038481041789055,-38.590850830078125,73.70438385009766,23.854990005493164,21.789033889770508,-8.811792373657227,2.1705210208892822,-4.247321128845215,-7.582458972930908,-7.130761623382568,0.9891185760498047,-12.558152198791504,1.0182095766067505,0.7776914238929749,0.27914535999298096,0.27170896530151367,0.3903787434101105,0.2949000298976898,0.36917397379875183,0.32802966237068176,0.28953292965888977,0.4536527097225189,0.3726412355899811,0.4329128861427307,0.35733848810195923,0.27875638008117676,1.9735101461410522,2.412292957305908
Forró e Piseiro,Piseiro,ytsearch1:Forró e Piseiro official audio,1218.11,10,18.074,22050,123.046875,0.23109348118305206,0.061812836676836014,0.08776212993421052,0.04217022744631756,2304.0286215927827,604.8688546632235,2601.743236445702,372.1032515723229,5222.824515855665,1330.5922147764957,0.020317841321229935,0.026548881083726883,-55.329891204833984,89.62271118164062,12.709298133850098,25.464553833007812,-2.8276987075805664,10.242240905761719,2.6412718296051025,2.9787580966949463,-2.641559600830078,-0.9424396753311157,-5.919679164886475,-3.120175361633301,-7.055259704589844,0.3314961791038513,0.32949668169021606,0.4562760293483734,0.3772420883178711,0.2762090861797333,0.3319340944290161,0.26269710063934326,0.2941317558288574,0.28178441524505615,0.3733946979045868,0.552989661693573,0.39082255959510803,1.924896478652954,2.1481287479400635
Francildo Silva,Piseiro,ytsearch1:Francildo Silva official audio,85.54,10,15.474,22050,107.666015625,0.2565058767795563,0.08921154588460922,0.10826520333583209,0.0583840260312904,2724.982519601519,795.282937109302,2796.6970363857426,360.88936350123885,6048.376519747939,1473.1156364326062,0.03489987552165985,0.04109435901045799,-41.28898239135742,70.00045013427734,16.456140518188477,15.173272132873535,-13.948140144348145,5.044822692871094,-5.498660564422607,-7.389361381530762,-7.506119251251221,1.7149158716201782,-6.584045886993408,2.128208637237549,3.942131996154785,0.365917831659317,0.4606163203716278,0.4574413001537323,0.29926416277885437,0.2972954213619232,0.2455991506576538,0.2888033092021942,0.3252277672290802,0.2939890921115875,0.36393457651138306,0.39428243041038513,0.47736766934394836,2.03273868560791,2.680190324783325
Biu do Piseiro,Piseiro,ytsearch1:Biu do Piseiro official audio,34.45,10,14.474,22050,86.1328125,0.18485084176063538,0.12067686766386032,0.12073223407451923,0.0663713790634163,2700.1539688788903,845.4486847319722,2641.6680875369525,455.0108065460663,5680.452082707332,1602.4446471174836,0.049576666206121445,0.05677914246916771,-92.5224609375,67.0389404296875,13.117453575134277,30.493824005126953,-13.297832489013672,7.022089958190918,-2.551631450653076,4.05250358581543,-0.3977672755718231,1.9848281145095825,0.6294813752174377,5.17202615737915,-0.2513082027435303,0.4740113615989685,0.36359044909477234,0.4838107228279114,0.4591890871524811,0.5512292385101318,0.3848765790462494,0.40918081998825073,0.5459049940109253,0.3904101550579071,0.5070371031761169,0.44108718633651733,0.4154904782772064,2.5253329277038574,3.980985641479492
Forró e Piseiro,Piseiro,ytsearch1:Forró e Piseiro official audio,1489.96,10,19.974,22050,151.99908088235293,0.18150870501995087,0.08429231494665146,0.10216930712833915,0.043439578829520646,2623.984314843492,642.3900277969115,2810.6210823457154,345.64437614275784,6015.816739710366,1297.333825420596,0.029423793777823448,0.03736300766468048,-74.98448944091797,79.51266479492188,18.79386329650879,18.122516632080078,-8.07423210144043,4.571081161499023,-6.737898826599121,-1.6914564371109009,-2.624673366546631,1.8858665227890015,-0.5120733976364136,4.182835578918457,-3.1239266395568848,0.23884077370166779,0.4206964075565338,0.26403576135635376,0.348188579082489,0.47803351283073425,0.25508448481559753,0.33219820261001587,0.23959492146968842,0.3464432656764984,0.36432453989982605,0.23152725398540497,0.2433975636959076,1.656074047088623,2.1918981075286865
Forró Boys,Piseiro,ytsearch1:Forró Boys official audio,157.97,10,17.974,22050,92.28515625,0.28621912002563477,0.06961669027805328,0.15330204133064515,0.0651792323966953,3292.6744593213234,635.9130839116847,3103.649058716198,225.30705496897593,7256.203219506048,919.4967631231465,0.04800506681203842,0.03697643429040909,1.2939413785934448,55.457786560058594,14.462925910949707,13.738775253295898,1.338289737701416,7.194809913635254,-0.24478499591350555,5.027068138122559,-0.58348149061203,2.745522975921631,0.3834187090396881,4.12363862991333,7.521439075469971,0.5701602101325989,0.32528504729270935,0.4227852523326874,0.24067945778369904,0.354315847158432,0.4430505037307739,0.2404036968946457,0.2981872856616974,0.19759249687194824,0.26248618960380554,0.24120499193668365,0.2938016951084137,1.369524598121643,1.2518508434295654
Gospel Pisadinha,Piseiro,ytsearch1:Gospel Pisadinha official audio,908.83,10,18.774,22050,112.34714673913044,0.29019662737846375,0.09968143701553345,0.13007595217861556,0.05644639635232796,2838.597183139064,676.1145550979061,2636.554255887427,303.4955941365623,5958.229319568913,1011.0950790889428,0.03145802021026611,0.03632655739784241,-29.644020080566406,67.3244857788086,7.613595008850098,18.63657569885254,-26.476255416870117,8.233599662780762,-2.397113800048828,6.155182361602783,-4.481062889099121,4.791627407073975,5.910002708435059,-6.574790954589844,-3.3349204063415527,0.4875403046607971,0.2664698660373688,0.22790507972240448,0.19263939559459686,0.27552247047424316,0.28835567831993103,0.2617820203304291,0.5042559504508972,0.27716436982154846,0.22681376338005066,0.19153888523578644,0.343282550573349,1.838597059249878,2.1778135299682617
Forro Pisada Black,Piseiro,ytsearch1:Forro Pisada Black official audio,69.3,10,19.274,22050,92.28515625,0.24308636784553528,0.08506564050912857,0.1052160894253911,0.055503631249433964,2748.7443753707116,897.1574775098106,3009.932730872455,460.6285447176851,6435.888319325361,2069.9557685941963,0.033514779061079025,0.04232106730341911,-52.790218353271484,82.89478302001953,30.84309196472168,7.241617679595947,-2.525489568710327,-2.133737325668335,-3.424461841583252,4.074203014373779,-1.2610868215560913,-4.813821315765381,-7.051542282104492,2.5586886405944824,-0.5189167261123657,0.2943496108055115,0.3141769468784332,0.1939743161201477,0.29754000902175903,0.344858855009079,0.2820437550544739,0.4465234577655792,0.2418091744184494,0.32182615995407104,0.3731846511363983,0.33204132318496704,0.4872097074985504,1.9406511783599854,2.5841434001922607
Pisadinha Gospel,Piseiro,ytsearch1:Pisadinha Gospel official audio,67.0,10,16.974,22050,117.45383522727273,0.24198481440544128,0.11338173598051071,0.13746954086867305,0.05639319641133816,3085.0859630675145,676.9577839470144,3066.2890642168823,256.2351642624687,6897.665267505985,1195.3379884042567,0.037045739591121674,0.03915886953473091,-60.99632263183594,54.16251754760742,35.39448547363281,38.488040924072266,-2.613006591796875,-2.1350741386413574,1.022953748703003,-3.5762579441070557,3.7699601650238037,1.730078101158142,-9.677200317382812,-9.492924690246582,-2.7538704872131348,0.3751431107521057,0.381888210773468,0.27851349115371704,0.28215333819389343,0.2118188738822937,0.2736175060272217,0.3658016324043274,0.3784993290901184,0.4663935601711273,0.33725738525390625,0.4666508138179779,0.3474116921424866,1.936087965965271,2.7812790870666504
Diego Souza Pisadinha de Luxo,Piseiro,ytsearch1:Diego Souza Pisadinha de Luxo official audio,39.54,10,19.474,22050,161.4990234375,0.10051558911800385,0.05295485258102417,0.08981988881853396,0.0584155166917882,2436.704859667992,851.3125687262129,2740.9701891049544,434.04528583870365,5554.719450703963,1728.0195244442916,0.02195408008992672,0.02526705339550972,-157.51910400390625,86.5140609741211,17.4748592376709,23.376386642456055,3.5637078285217285,-1.6744725704193115,-5.761582374572754,-6.574017524719238,-10.007722854614258,1.8042006492614746,-5.926832675933838,-1.6178263425827026,-1.5985536575317383,0.4145088195800781,0.344971239566803,0.28112855553627014,0.390778511762619,0.2916994094848633,0.308034747838974,0.37420836091041565,0.3335922658443451,0.4192120134830475,0.2935260832309723,0.3207211196422577,0.3496994972229004,1.9566212892532349,2.5372323989868164
Henrique & Juliano,Piseiro,ytsearch1:Henrique & Juliano official audio,68.63,10,18.574,22050,151.99908088235293,0.3207186162471771,0.08907458186149597,0.0957647705078125,0.04942909659989179,2153.6651050474325,664.9286272157506,2385.1578579177444,407.66513714009466,4558.471435546875,1440.348492500808,0.019432036206126213,0.03155582770705223,-13.786904335021973,97.7526626586914,-2.4494664669036865,27.34701919555664,5.048867225646973,8.743512153625488,-2.126436710357666,5.408143520355225,-3.494391441345215,4.243249893188477,0.856334924697876,3.676780939102173,-6.528204441070557,0.27509593963623047,0.27436742186546326,0.4235861897468567,0.29096150398254395,0.3130548596382141,0.2835293710231781,0.42551282048225403,0.403726190328598,0.29427245259284973,0.3258894383907318,0.2692415714263916,0.2862792909145355,1.4758086204528809,1.602785348892212
Forrozão Chicote D' Luxo,Piseiro,ytsearch1:Forrozão Chicote D' Luxo official audio,132.42,10,12.374,22050,89.10290948275862,0.21806266903877258,0.09102360904216766,0.13611595626172607,0.0863628183304613,2835.219564670611,908.0974429456612,2847.6987953551193,395.8086745915078,6316.9853167507035,1567.1207428687285,0.03511833772063255,0.04607769474387169,-57.72899627685547,68.30497741699219,10.278743743896484,21.745140075683594,8.323873519897461,5.524682521820068,7.0320048332214355,10.074006080627441,-1.5060749053955078,8.16935920715332,0.011408421210944653,8.0709810256958,-0.4668203592300415,0.38774725794792175,0.2704775929450989,0.3868262767791748,0.3823716938495636,0.33350080251693726,0.47752493619918823,0.32422497868537903,0.41236555576324463,0.3953201174736023,0.37289223074913025,0.4526820778846741,0.3297519385814667,2.037099838256836,2.513598918914795
Henrique & Juliano,Pop,ytsearch1:Henrique & Juliano official audio,89.42,10,19.374,22050,112.34714673913044,0.3203796148300171,0.08327940851449966,0.07373105351796407,0.030866788258609074,2025.593512436488,584.9618345291494,2442.7233742700896,366.30655503907474,4564.213837949102,1362.2513172654783,0.015126670710742474,0.019173789769411087,-20.916828155517578,102.87666320800781,6.9557881355285645,22.94489097595215,5.600289344787598,13.080105781555176,-8.815601348876953,-0.3514441251754761,1.3340548276901245,4.304368019104004,1.2548801898956299,4.623053073883057,-4.724228858947754,0.26051098108291626,0.37910109758377075,0.5289101004600525,0.3514021635055542,0.2771269977092743,0.47694480419158936,0.3477541208267212,0.3600480258464813,0.2369799166917801,0.2660151422023773,0.26938268542289734,0.18873344361782074,1.4393852949142456,1.556836485862732
MJ Records,Pop,ytsearch1:MJ Records official audio,195.07,10,15.074,22050,112.34714673913044,0.25845852494239807,0.07913699746131897,0.13148212139423077,0.032123721089314175,2813.4765706807534,348.77947795984323,2705.2468109167667,270.3572645289349,5946.410606971154,913.6391845337286,0.05974945053458214,0.03306484594941139,12.964113235473633,73.11251831054688,-8.204099655151367,21.77678108215332,3.206813335418701,5.971053600311279,4.728813648223877,12.264791488647461,3.5080084800720215,7.343616962432861,-3.6259443759918213,2.295806884765625,4.4626312255859375,0.40712904930114746,0.53630131483078,0.429570734500885,0.4247710108757019,0.3495289087295532,0.3859703540802002,0.2815089225769043,0.3662438988685608,0.4849587678909302,0.48264971375465393,0.7678273320198059,0.46704891324043274,1.6800942420959473,2.1982529163360596
Panda,Pop,ytsearch1:Panda official audio,78.8,10,18.774,22050,143.5546875,0.31496885418891907,0.1575191468000412,0.1142119418263288,0.08087938303069624,2715.258214062297,1079.601430284936,2465.5897196176793,357.0135096255457,5345.3049253032295,1658.1164228237774,0.04479702562093735,0.06280964612960815,-32.496524810791016,62.54400634765625,-16.087711334228516,27.89219856262207,7.056344985961914,14.089947700500488,-9.201690673828125,8.176094055175781,-3.2750332355499268,12.33869457244873,3.7462356090545654,14.321965217590332,6.712987422943115,0.5096222758293152,0.4345111548900604,0.4709987938404083,0.5635761618614197,0.6529913544654846,0.6050034165382385,0.5248047113418579,0.4776664078235626,0.5062057971954346,0.5007038116455078,0.554816722869873,0.5849749445915222,1.8435760736465454,1.9412341117858887
Marília Mendonça,Pop,ytsearch1:Marília Mendonça official audio,127.4,10,17.374,22050,117.45383522727273,0.24549728631973267,0.08083821833133698,0.08373730077603471,0.038267451710992904,1992.2010179219888,548.0627605291708,2216.5553960352713,405.26843703386504,4145.529716705608,1270.166221356423,0.012842015363276005,0.012571830302476883,-39.9097900390625,108.56153869628906,-13.832101821899414,21.38343620300293,-4.0489654541015625,8.676973342895508,4.018784046173096,4.975926399230957,0.4888775050640106,12.46627426147461,-3.7795798778533936,2.9029057025909424,-1.6647332906723022,0.4907427132129669,0.3276721239089966,0.3712271451950073,0.326653391122818,0.4390076994895935,0.38820281624794006,0.35882675647735596,0.5507799983024597,0.49064862728118896,0.45859283208847046,0.37841877341270447,0.38897812366485596,1.3522355556488037,1.300015926361084
Justin Bieber,Pop,ytsearch1:Justin Bieber official audio,194.68,10,14.674,22050,92.28515625,0.10382949560880661,0.03141834959387779,0.1313746971420095,0.07388916910808307,2876.3601042775304,938.4885903945175,2825.493939932945,415.0363418812572,6304.3392519407635,1949.8430168783127,0.028396395966410637,0.042481061071157455,-131.8301544189453,68.09524536132812,-20.007360458374023,-19.47864532470703,-10.640451431274414,-24.21396827697754,-7.597546577453613,-15.766218185424805,-15.918621063232422,-0.17528600990772247,-15.537782669067383,-0.0712852030992508,-4.7297797203063965,0.4052829146385193,0.24947965145111084,0.20967531204223633,0.22060032188892365,0.23896221816539764,0.46581199765205383,0.20351064205169678,0.23809245228767395,0.2922121286392212,0.29235807061195374,0.48806896805763245,0.30330514907836914,1.6652857065200806,1.3101933002471924
BTS,Pop,ytsearch1:BTS official audio,86.6,10,16.574,22050,117.45383522727273,0.3146957457065582,0.14014343917369843,0.09268795408788516,0.07233129982485219,2259.0680276007292,965.4688834600303,2444.1461606477583,500.39402274304507,4652.770278033088,1840.2213075016625,0.03551219403743744,0.052993614226579666,-28.91460418701172,94.03888702392578,-6.5964274406433105,16.803817749023438,4.900078773498535,4.380840301513672,1.452771782875061,0.9504695534706116,-2.2721309661865234,0.5262537598609924,2.5667645931243896,3.223137617111206,-3.6681931018829346,0.3153623044490814,0.30337077379226685,0.29026854038238525,0.3479693830013275,0.32388490438461304,0.30429789423942566,0.3296419382095337,0.39417701959609985,0.6974312663078308,0.6191641092300415,0.3941597044467926,0.33857056498527527,1.768043875694275,2.099191427230835
Gusttavo Lima,Pop,ytsearch1:Gusttavo Lima official audio,74.47,10,14.474,22050,95.703125,0.3239447772502899,0.07802930474281311,0.07062628330328526,0.029761230981416763,1920.7522065692394,593.881716610807,2341.4481486235027,459.15704510326134,4164.0694251427285,1522.3560589062772,0.014787166379392147,0.016577286645770073,-20.37005043029785,111.31663513183594,0.8471081852912903,27.216157913208008,8.79211711883545,5.209480285644531,2.747620105743408,7.349826812744141,2.152662515640259,3.1510679721832275,-1.3679910898208618,0.7628597617149353,-1.8750842809677124,0.2526164948940277,0.2453175038099289,0.19936858117580414,0.29410505294799805,0.5242290496826172,0.30118200182914734,0.324752539396286,0.2912451922893524,0.4827979505062103,0.3146285116672516,0.2750069499015808,0.49614882469177246,1.2697957754135132,1.352785348892212
Jorge & Mateus,Pop,ytsearch1:Jorge & Mateus official audio,34.29,10,14.274,22050,184.5703125,0.23584432899951935,0.1056213527917862,0.08809467098577235,0.0705795100614658,2158.9586757637285,886.7320229875795,2297.0329631345085,409.06577832791834,4519.539229230183,1599.4076262948406,0.02332957275211811,0.04768485203385353,-68.14818572998047,95.37353515625,-1.4261289834976196,33.785526275634766,-5.7338738441467285,9.071296691894531,-3.399301290512085,11.55467700958252,-3.2182717323303223,-0.12704701721668243,-1.6283329725265503,-0.7429242730140686,-4.249535083770752,0.2755192220211029,0.31362131237983704,0.24132074415683746,0.329902321100235,0.44192513823509216,0.32087478041648865,0.38448455929756165,0.31078383326530457,0.39865005016326904,0.37049227952957153,0.27800944447517395,0.3218083679676056,1.6333752870559692,1.7703008651733398
Pop Smoke,Pop,ytsearch1:Pop Smoke official audio,123.73,10,13.674,22050,143.5546875,0.31925657391548157,0.16534914076328278,0.12516248408319186,0.08878511677147011,3196.8756507905346,1184.2835811196187,2879.234695930339,424.78518893327276,6570.186077435272,1707.61518000677,0.054948221892118454,0.06913172453641891,-47.63319778442383,51.752784729003906,23.575153350830078,25.475910186767578,2.9788858890533447,13.662748336791992,-3.5760152339935303,7.321812152862549,1.2870969772338867,0.890280544757843,-1.6963863372802734,1.3178435564041138,-4.804896354675293,0.23303554952144623,0.39715540409088135,0.6019061207771301,0.44733333587646484,0.30390217900276184,0.30125823616981506,0.4387747347354889,0.6687057018280029,0.45574116706848145,0.42992639541625977,0.2826065123081207,0.2186097502708435,1.8167287111282349,2.094932794570923
Alok,Pop,ytsearch1:Alok official audio,75.81,10,15.774,22050,123.046875,0.3006415069103241,0.05124008283019066,0.07561681410845589,0.035712585064446904,2476.649031873389,824.2623769095508,2736.9870174955804,485.40445262697773,5690.386424345129,1838.7063988187529,0.02764013595879078,0.027166275307536125,-18.57887840270996,87.71543884277344,11.309473991394043,21.706541061401367,13.338740348815918,21.308609008789062,-1.698399305343628,6.146030426025391,-2.318371295928955,2.6658060550689697,-1.1168763637542725,3.5858986377716064,0.932399332523346,0.3405444324016571,0.37614336609840393,0.29499226808547974,0.37005308270454407,0.44657403230667114,0.3327152729034424,0.3724575936794281,0.409122109413147,0.6680660247802734,0.42466071248054504,0.3328632712364197,0.39765194058418274,1.391357660293579,1.448070764541626
Banda Mega Pop Show,Pop,ytsearch1:Banda Mega Pop Show official audio,119.03,10,18.974,22050,143.5546875,0.36161524057388306,0.1009259968996048,0.1317010333893643,0.06723287382809752,2876.2830389934334,802.1111614456822,2796.062483822709,339.9462021303413,6218.291534946134,1286.3884512250945,0.04096856713294983,0.03728180751204491,16.556344985961914,69.54874420166016,7.968493461608887,24.703981399536133,5.320738792419434,12.432394981384277,2.1080336570739746,8.848352432250977,-1.9563018083572388,2.186275005340576,0.3400646150112152,-1.2951620817184448,-5.916448593139648,0.2745242714881897,0.3561764359474182,0.34844234585762024,0.3382129669189453,0.44083720445632935,0.29372116923332214,0.3613338768482208,0.238899827003479,0.36525198817253113,0.4154106378555298,0.3046547770500183,0.3550598621368408,1.589329481124878,1.5984925031661987
Poppy,Pop,ytsearch1:Poppy official audio,31.31,10,11.274,22050,135.99917763157896,0.29500675201416016,0.054814741015434265,0.07374352977109054,0.03198071271659561,2731.5038902798983,671.6702797797911,2844.488914098284,331.0117932501967,6154.131854021991,1311.2098655584316,0.032749444246292114,0.02913442999124527,-12.001505851745605,72.77017211914062,3.6259427070617676,18.182546615600586,4.898768901824951,18.002044677734375,6.699383735656738,12.758453369140625,9.835837364196777,12.265945434570312,4.555708885192871,8.864802360534668,2.241229295730591,0.5226829051971436,0.5157551765441895,0.6016150116920471,0.584760844707489,0.5789898037910461,0.5766531229019165,0.5049095153808594,0.5251378417015076,0.5411130785942078,0.5892075300216675,0.5493390560150146,0.529165506362915,1.3958654403686523,1.3485107421875
Anitta,Pop,ytsearch1:Anitta official audio,84.79,10,14.774,22050,143.5546875,0.34148064255714417,0.10756746679544449,0.0746901675333595,0.05104041094966466,1990.3250919853288,853.2860871606258,2424.1605439637274,531.0207571930445,4322.984900841346,1989.6786954083166,0.022054165601730347,0.03475293144583702,-25.567710876464844,111.93846893310547,8.843544960021973,15.177248001098633,6.763726234436035,5.840569972991943,4.910096645355225,0.09049683809280396,-6.931172847747803,4.49790620803833,-4.623127460479736,2.781540870666504,-3.2591240406036377,0.38650885224342346,0.34659120440483093,0.4275234341621399,0.3873598873615265,0.549329936504364,0.3518765866756439,0.2318246066570282,0.2511368989944458,0.29739341139793396,0.3926730453968048,0.2811434864997864,0.3042517602443695,1.9616988897323608,2.3332343101501465
Mob Entertainment,Pop,ytsearch1:Mob Entertainment official audio,88.02,10,17.974,22050,143.5546875,0.14815455675125122,0.05159700661897659,0.02795677923387097,0.010142995574137939,462.0843476623028,256.5878369941453,752.7407390941623,547.7042256123163,772.1389868951613,451.4629442502997,0.00012446542677935213,0.000332231487846002,-320.0526123046875,209.75152587890625,50.49113845825195,27.47881317138672,32.351112365722656,16.037633895874023,-0.8091437816619873,-2.42745304107666,1.5516960620880127,7.604883670806885,9.2587308883667,13.554863929748535,12.978808403015137,0.3302456736564636,0.4276543855667114,0.68588787317276,0.32676583528518677,0.36377978324890137,0.4246179163455963,0.28237244486808777,0.1332646757364273,0.12767337262630463,0.24039621651172638,0.1924823522567749,0.2129334807395935,0.6767992377281189,0.2063133269548416
Matheus & Kauan,Pop,ytsearch1:Matheus & Kauan official audio,1217.83,10,17.774,22050,123.046875,0.23529762029647827,0.05422269180417061,0.10164154291775457,0.047384574701514824,2180.223590890387,669.2687950553092,2405.1329864956515,397.7039760772503,4660.631304310134,1437.3502688300675,0.02210298925638199,0.03179626911878586,-29.03146743774414,100.827880859375,-6.207898139953613,16.428743362426758,5.3721466064453125,9.267457962036133,-6.595818042755127,10.43620491027832,-3.7126076221466064,1.7067711353302002,0.8086393475532532,3.9734654426574707,-2.2244019508361816,0.30951839685440063,0.4145670235157013,0.2728387713432312,0.36662858724594116,0.24862925708293915,0.4091551899909973,0.4003521800041199,0.28264179825782776,0.4252924919128418,0.3001079559326172,0.3816450238227844,0.2953473627567291,1.3702905178070068,1.2050387859344482
Ana Castela,Pop,ytsearch1:Ana Castela official audio,87.99,10,17.974,22050,129.19921875,0.3509232699871063,0.08776750415563583,0.10605783770161291,0.051225145100280804,2766.1949904816906,735.2484727687416,2815.349667284269,294.9304825666577,6141.186176915323,1377.7001722022915,0.045816272497177124,0.06423833221197128,11.722723960876465,73.02686309814453,1.253516674041748,19.92926597595215,7.086025714874268,9.370712280273438,7.786910057067871,7.67279052734375,2.4927940368652344,13.169769287109375,-0.5745512247085571,-0.2854011654853821,-4.512275218963623,0.22251185774803162,0.21333946287631989,0.3073154091835022,0.25469887256622314,0.30829086899757385,0.4045288562774658,0.3700040876865387,0.6072010397911072,0.3919431269168854,0.48359784483909607,0.48802679777145386,0.26542767882347107,1.5002018213272095,1.4810035228729248
Music Travel Love,Pop,ytsearch1:Music Travel Love official audio,93.48,10,13.474,22050,61.5234375,0.20190411806106567,0.07829593867063522,0.09115815942340792,0.05352967439233139,1979.8068284208346,720.2947116094994,2266.0954003748143,420.55115116231667,4090.1411309299697,1550.849600089755,0.016407683491706848,0.031171929091215134,-69.67333221435547,111.93476867675781,-0.8240301012992859,21.68288230895996,-0.6110835671424866,7.317063331604004,2.122230291366577,-4.601161003112793,-3.5704150199890137,-0.28391075134277344,-3.8907182216644287,1.658841609954834,-5.209878444671631,0.4275140166282654,0.45315662026405334,0.2612670361995697,0.4605349898338318,0.2850784659385681,0.37466731667518616,0.2731335461139679,0.3828202784061432,0.5362281203269958,0.33228033781051636,0.23890048265457153,0.20074807107448578,1.3425270318984985,1.3673886060714722
Imagine Dragons,Pop Rock,ytsearch1:Imagine Dragons official audio,78.44,10,18.374,22050,123.046875,0.33410289883613586,0.06741176545619965,0.0920706084280303,0.039508619062781844,2330.9569608547986,649.7683790439633,2469.674514579111,386.12962886154816,4954.104891690341,1413.256262386629,0.031865667551755905,0.03512878343462944,5.432830333709717,87.65733337402344,-14.292976379394531,24.421106338500977,12.058978080749512,11.813421249389648,-2.4760971069335938,10.04847526550293,1.5179157257080078,3.807218551635742,4.930819988250732,4.2554497718811035,4.987267971038818,0.4722333550453186,0.5135272145271301,0.4116467833518982,0.4825231432914734,0.45359569787979126,0.42721474170684814,0.40545138716697693,0.42789432406425476,0.42770200967788696,0.48026028275489807,0.5302006602287292,0.4117948114871979,1.34949791431427,1.5945649147033691
Skank,Pop Rock,ytsearch1:Skank official audio,164.67,10,14.674,22050,99.38401442307692,0.23414449393749237,0.04666357487440109,0.0986992558346519,0.03810822880433758,2549.650898873925,604.7963403719151,2826.5881243756908,320.32028390944276,5676.980281781547,1516.7969128050636,0.034488532692193985,0.03696592152118683,-30.690465927124023,80.15999603271484,5.216756820678711,22.345388412475586,17.871326446533203,5.222941875457764,13.30248737335205,7.653614044189453,2.585841655731201,6.861896991729736,0.7750943303108215,3.425572156906128,6.513766288757324,0.517143964767456,0.44505271315574646,0.3648897111415863,0.35459867119789124,0.5067774057388306,0.33983737230300903,0.30471643805503845,0.39366576075553894,0.4466839134693146,0.612354040145874,0.4988580644130707,0.4789404571056366,1.7541028261184692,2.153310775756836
Pitty,Pop Rock,ytsearch1:Pitty official audio,169.74,10,19.674,22050,198.76802884615384,0.3168146312236786,0.06635504215955734,0.08369532171285378,0.02718739819115519,2400.022274867411,410.3620971192431,2485.126505458809,268.2791380848951,5014.036819170106,1013.0009391180487,0.027749985456466675,0.021078504621982574,9.506441116333008,83.1805191040039,-12.411190032958984,34.10460662841797,7.52479887008667,2.499051570892334,1.8907908201217651,15.970841407775879,2.0395467281341553,4.188648223876953,2.8255295753479004,2.9550743103027344,-0.3128966689109802,0.4232213795185089,0.34208944439888,0.4041072130203247,0.36365562677383423,0.3724614381790161,0.41558218002319336,0.49701833724975586,0.5937108993530273,0.5880255699157715,0.5546520948410034,0.40494102239608765,0.36693674325942993,1.1299782991409302,0.9430120587348938
Legião Urbana,Pop Rock,ytsearch1:Legião Urbana official audio,125.38,10,15.374,22050,92.28515625,0.11951106786727905,0.025517340749502182,0.1314522353412519,0.058970141521314516,2955.5728154675535,759.7588253803966,2781.3320019952484,285.53618949356854,6254.518590038178,1125.538671887284,0.04822453483939171,0.040860194712877274,-89.79676055908203,61.4527473449707,13.381281852722168,39.498085021972656,5.577410697937012,18.93137550354004,-0.21739907562732697,13.494800567626953,-4.477349281311035,5.3549723625183105,2.5870115756988525,3.882754325866699,1.2986080646514893,0.35830944776535034,0.34358128905296326,0.5407905578613281,0.4734607934951782,0.5733086466789246,0.4757903218269348,0.4390609562397003,0.3507533371448517,0.28512799739837646,0.3571580946445465,0.3454989790916443,0.3780076205730438,1.2677536010742188,1.346164584159851
Maroon 5,Pop Rock,ytsearch1:Maroon 5 official audio,186.84,10,16.774,22050,95.703125,0.3086901605129242,0.11006827652454376,0.08092096732365145,0.037836703165666,2487.1790931938554,604.2971329337137,2664.6761464036904,304.96677633665485,5566.973345111514,1205.1353506322557,0.022851020097732544,0.022154243662953377,-37.18715286254883,73.36663818359375,-2.8870861530303955,18.596052169799805,0.6860108375549316,11.58159351348877,0.17456038296222687,6.181314945220947,2.818709135055542,11.633452415466309,6.861353874206543,5.669250011444092,0.6872860193252563,0.2895377278327942,0.29985344409942627,0.3389725983142853,0.34213054180145264,0.578747570514679,0.38985973596572876,0.6013078093528748,0.4471608102321625,0.2904573678970337,0.26563796401023865,0.28256988525390625,0.37819409370422363,1.293182611465454,1.1670610904693604
Dino Fonseca,Pop Rock,ytsearch1:Dino Fonseca official audio,58.42,10,18.374,22050,117.45383522727273,0.2769862711429596,0.08285420387983322,0.07558310152304293,0.04690878531433939,2276.0794246360892,767.5946702150153,2687.1352184604057,406.929625488331,5290.0582053444605,1570.5748931575351,0.023538317531347275,0.028449928387999535,-32.55253601074219,93.16763305664062,20.278060913085938,29.189067840576172,7.433572769165039,9.519721031188965,-0.48899075388908386,3.7798240184783936,1.5815422534942627,7.410798072814941,1.506917953491211,6.127230644226074,-1.523188591003418,0.3489846885204315,0.5028061270713806,0.37581896781921387,0.39889734983444214,0.368834912776947,0.4644872844219208,0.5524027943611145,0.3727472126483917,0.38776907324790955,0.3351329565048218,0.4718194305896759,0.4300665557384491,1.2246229648590088,1.4987754821777344
Green Day,Pop Rock,ytsearch1:Green Day official audio,94.3,10,14.274,22050,83.35433467741936,0.17338316142559052,0.03603838011622429,0.06833158663617886,0.03753490223599972,1813.6848361251452,724.4914224417226,2146.750912617584,516.2953760506949,3862.2688405106705,1596.879582752922,0.015623390674591064,0.02518286742269993,-87.26529693603516,116.92875671386719,-10.452540397644043,33.416419982910156,11.393475532531738,17.159582138061523,1.5586011409759521,6.651068210601807,3.425135850906372,3.336920738220215,-1.7816134691238403,4.9138264656066895,-0.4620766341686249,0.36434489488601685,0.25793346762657166,0.3587192893028259,0.4568166434764862,0.3907861113548279,0.5229070782661438,0.40096044540405273,0.44967105984687805,0.5128067135810852,0.41180428862571716,0.4425194263458252,0.3215586543083191,1.381731390953064,1.890893816947937
Coldplay,Pop Rock,ytsearch1:Coldplay official audio,119.09,10,19.074,22050,123.046875,0.14137205481529236,0.04203648492693901,0.0856072270377129,0.03495933462417352,2272.881241981796,597.464184421052,2647.158254990122,341.22587705592707,5254.114660555429,1421.4749210420543,0.02258000709116459,0.03099917247891426,-92.80126953125,92.83244323730469,11.384069442749023,20.50859260559082,8.695039749145508,7.817795276641846,-5.0344648361206055,8.213974952697754,-5.0547990798950195,-6.751798629760742,-1.048183798789978,1.057428240776062,-3.8752939701080322,0.26642662286758423,0.4276266098022461,0.25051847100257874,0.3276808261871338,0.22586549818515778,0.3003735840320587,0.40937697887420654,0.2696213126182556,0.3470556139945984,0.23327158391475677,0.3271559476852417,0.2792072594165802,1.2847175598144531,1.2495290040969849
Roupa Nova,Pop Rock,ytsearch1:Roupa Nova official audio,97.73,10,17.674,22050,86.1328125,0.18835945427417755,0.04992365092039108,0.10825361917650919,0.060589676390573874,2543.7538772316393,761.0860587707615,2703.0696542620203,382.47409834946075,5503.273502860482,1518.4394761971264,0.03135690838098526,0.03997580707073212,-50.8293342590332,83.01688385009766,4.965520858764648,30.042409896850586,11.961883544921875,0.07701699435710907,0.1633433699607849,4.493965148925781,-4.586589336395264,0.05810398608446121,-7.202612400054932,1.9048447608947754,0.4178650677204132,0.5100425481796265,0.26858359575271606,0.32286766171455383,0.31417709589004517,0.44827258586883545,0.3181622624397278,0.3266286253929138,0.4356321096420288,0.2818678915500641,0.24063332378864288,0.1896989345550537,0.40417733788490295,1.0834065675735474,0.9280346632003784
The Cranberries,Pop Rock,ytsearch1:The Cranberries official audio,251.84,10,11.774,22050,172.265625,0.14860063791275024,0.04016296565532684,0.13492037555364172,0.03976079391886294,2756.906445477433,521.1553372514419,2739.972409622565,290.98099148847996,5820.344267116757,1109.9990807553884,0.0469457283616066,0.03726032376289368,-59.42094421386719,67.52875518798828,3.577707290649414,44.149383544921875,12.749309539794922,8.006129264831543,10.942030906677246,5.7255964279174805,-0.388454407453537,-3.1808056831359863,-0.961977481842041,2.7842843532562256,-2.9758284091949463,0.5667436122894287,0.4217090904712677,0.3614335060119629,0.43839210271835327,0.6358993649482727,0.45387282967567444,0.5309433341026306,0.6080577373504639,0.4717021584510803,0.4265483021736145,0.37486615777015686,0.6773974299430847,1.0295367240905762,1.0064547061920166
Os Paralamas Do Sucesso,Pop Rock,ytsearch1:Os Paralamas Do Sucesso official audio,123.61,10,13.574,22050,161.4990234375,0.3157691955566406,0.08209027349948883,0.06028979700854701,0.03345448801614046,1820.299435794659,574.4732556752722,2352.100564340686,366.3579594376161,4038.9847506009614,1282.8780984124132,0.01243975292891264,0.018336746841669083,-24.499483108520508,113.62496185302734,6.619199275970459,29.2069034576416,8.820113182067871,4.208710670471191,0.11138667166233063,2.6037731170654297,-6.400502681732178,8.617679595947266,0.25140538811683655,-0.4579141139984131,-5.029247760772705,0.3105752468109131,0.5194964408874512,0.5665560960769653,0.33209171891212463,0.3128725588321686,0.3460415005683899,0.5204437375068665,0.4814959168434143,0.3843560516834259,0.43117693066596985,0.2865235507488251,0.30885231494903564,1.1064809560775757,1.1466238498687744
Capital Inicial,Pop Rock,ytsearch1:Capital Inicial official audio,105.45,10,15.374,22050,80.74951171875,0.22254224121570587,0.03671477735042572,0.11539418952677225,0.046143405093829894,2700.4495387724046,677.3601211051754,2766.457195227172,347.0290215999212,5987.610802283654,1248.1949497808516,0.037685539573431015,0.029587499797344208,-19.33645248413086,78.2283706665039,16.13402557373047,39.098388671875,7.317946910858154,5.403966903686523,-4.121401786804199,8.901805877685547,-10.574058532714844,5.496555328369141,-5.041029453277588,-0.7628861665725708,1.4604600667953491,0.35346049070358276,0.4387646019458771,0.569362998008728,0.37766268849372864,0.32978174090385437,0.309918075799942,0.45576420426368713,0.30937400460243225,0.34040743112564087,0.4662809669971466,0.3878926932811737,0.47389793395996094,1.1667782068252563,0.9742315411567688
Chappell Roan,Pop Rock,ytsearch1:Chappell Roan official audio,147.73,10,17.674,22050,117.45383522727273,0.2654929459095001,0.0775211751461029,0.10749364337270341,0.08469097493621248,2479.7302776171205,878.8728173475681,2599.752335065288,342.6941396500998,5226.591623861958,1518.3677806110265,0.03126135468482971,0.04647953063249588,-31.776216506958008,83.37622833251953,0.727149486541748,19.187349319458008,5.663605213165283,6.137551784515381,3.2759127616882324,6.805348873138428,2.0963351726531982,12.023216247558594,-6.351439952850342,3.1207468509674072,-1.2140536308288574,0.23234209418296814,0.2966097593307495,0.35165277123451233,0.39738279581069946,0.6378466486930847,0.5005348324775696,0.4855071008205414,0.3434412181377411,0.22053276002407074,0.2615962624549866,0.20873016119003296,0.2878323197364807,1.418066143989563,1.2875205278396606
Jota Quest,Pop Rock,ytsearch1:Jota Quest official audio,190.22,10,10.174,22050,143.5546875,0.20827451348304749,0.05894285812973976,0.09718576487756264,0.035096859457413324,2277.0397390518965,523.3457018520761,2451.8834225350656,285.0798539410469,4709.394909417711,1162.3941388830779,0.027536606416106224,0.02980329841375351,-36.92535400390625,91.43962097167969,-12.164382934570312,25.900470733642578,7.117066860198975,-0.05018521845340729,0.8565042614936829,13.039563179016113,1.4078612327575684,4.438256740570068,1.7933475971221924,3.3299269676208496,-4.285715579986572,0.34452205896377563,0.3551555871963501,0.5488108992576599,0.33905869722366333,0.3611765503883362,0.3693959712982178,0.5553649067878723,0.5229877829551697,0.35128381848335266,0.4474869668483734,0.29053694009780884,0.33768224716186523,1.1925034523010254,1.024375081062317
Titãs,Pop Rock,ytsearch1:Titãs official audio,113.06,10,13.074,22050,92.28515625,0.16146090626716614,0.036777522414922714,0.18280072584219859,0.03081378654673541,2921.7856324462887,291.56678491346037,2454.765810132134,189.85007025644185,5502.936050739694,681.638659169288,0.05089626833796501,0.021097203716635704,-15.679595947265625,62.89908981323242,-25.566516876220703,42.380611419677734,7.2617645263671875,4.370275497436523,-1.5347812175750732,9.194594383239746,-10.907331466674805,2.0594162940979004,-3.193608283996582,2.58412766456604,-10.199787139892578,0.4337000250816345,0.40543651580810547,0.5090479254722595,0.501995861530304,0.5289890170097351,0.626055896282196,0.603003203868866,0.6593208909034729,0.552909255027771,0.47163164615631104,0.35055387020111084,0.38171932101249695,1.20731782913208,0.9529993534088135
Phil Collins,Pop Rock,ytsearch1:Phil Collins official audio,152.71,10,12.674,22050,103.359375,0.20411460101604462,0.060513369739055634,0.09327692164606227,0.06549561293535926,1896.6130098033332,959.4769359784649,2032.84561865477,560.3054044899981,3795.3650841346152,1786.731588957608,0.0175252016633749,0.027603954076766968,-76.31232452392578,121.98249816894531,-0.7656606435775757,33.375064849853516,-2.038421630859375,21.133522033691406,-6.940587997436523,-1.17622709274292,-2.4516234397888184,2.2708287239074707,-4.2286200523376465,0.78228360414505,-4.6937456130981445,0.4005599319934845,0.2556823492050171,0.2058562934398651,0.4381466805934906,0.3997657895088196,0.6126611232757568,0.3835739195346832,0.4452974200248718,0.4316982626914978,0.2978648841381073,0.5115057229995728,0.3269847333431244,1.3828998804092407,1.6416447162628174
BTS,Pop Rock,ytsearch1:BTS official audio,47.27,10,17.274,22050,123.046875,0.29647716879844666,0.07077113538980484,0.12546859248991934,0.06428572914291579,2955.6933630342583,806.2546072394506,3018.286076555443,361.98877179423835,6699.2428687310985,1523.6688063756844,0.04540116712450981,0.04642314091324806,4.367092132568359,77.61297607421875,16.989179611206055,18.532386779785156,12.178983688354492,4.505590438842773,5.825843811035156,2.3346478939056396,-2.3598930835723877,3.214984178543091,-4.041362762451172,4.560352325439453,-4.994247913360596,0.33321642875671387,0.42363440990448,0.29604870080947876,0.3196423053741455,0.34259963035583496,0.2820056676864624,0.3552919328212738,0.34861883521080017,0.49732592701911926,0.4150802493095398,0.3363510072231293,0.42398059368133545,1.3517823219299316,1.0494903326034546
Charlie Brown Jr.,Pop Rock,ytsearch1:Charlie Brown Jr. official audio,105.05,10,15.074,22050,161.4990234375,0.2993236780166626,0.062310826033353806,0.164375,0.048334857333143535,3172.552058657167,568.7253579716885,2774.266873483921,254.79491619883888,6456.416240985577,1006.8608545687306,0.06930840015411377,0.04499872401356697,29.575023651123047,53.44266891479492,-0.2555580139160156,37.51618957519531,2.6626791954040527,14.46658992767334,7.4913530349731445,15.02718734741211,2.4408936500549316,8.498699188232422,-0.17985078692436218,6.436796188354492,-1.3625954389572144,0.4061371386051178,0.4286835789680481,0.5168793201446533,0.679352343082428,0.452506422996521,0.3940398693084717,0.3533095121383667,0.39168092608451843,0.36966049671173096,0.4095016121864319,0.6228203773498535,0.4556955099105835,1.2489277124404907,0.9846003651618958
Fleetwood Mac,Pop Rock,ytsearch1:Fleetwood Mac official audio,102.35,10,12.374,22050,117.45383522727273,0.06721939891576767,0.027408311143517494,0.06244320180581613,0.03846795431337712,1797.9606545586646,890.2918158232444,2297.8622684084708,665.0304571200321,4061.028789355652,2273.3243599070192,0.01593592017889023,0.024271996691823006,-226.66647338867188,111.63885498046875,24.807247161865234,34.217987060546875,7.260348796844482,13.817949295043945,4.574671268463135,3.7313225269317627,-4.0323710441589355,0.6644737720489502,-4.427542209625244,0.9189965128898621,-5.030420780181885,0.41336676478385925,0.33651116490364075,0.4654781222343445,0.33971136808395386,0.4496789574623108,0.3958345651626587,0.3749038577079773,0.47677212953567505,0.33228445053100586,0.25447142124176025,0.1532348394393921,0.22899562120437622,1.6800529956817627,2.792381525039673
Rita Lee,Pop Rock,ytsearch1:Rita Lee official audio,54.43,10,14.374,22050,123.046875,0.11836854368448257,0.0407085046172142,0.07855815272177419,0.05061582250737962,2186.5199423562667,863.6938874741323,2560.125743831246,576.2440306886264,5021.38667937248,2039.223201928051,0.015986230224370956,0.026369167491793633,-141.92349243164062,100.4811019897461,16.70496368408203,22.753170013427734,3.7222158908843994,0.34751036763191223,-6.132382392883301,-1.849062442779541,-8.401763916015625,-0.6226826906204224,-9.49891471862793,3.6462578773498535,-11.99456787109375,0.2669984996318817,0.21771900355815887,0.31436941027641296,0.26613953709602356,0.5201166868209839,0.33152905106544495,0.32855966687202454,0.2689264714717865,0.18925555050373077,0.32568979263305664,0.19289995729923248,0.2528509795665741,1.4271966218948364,1.6313704252243042
Rap Box,RAP,ytsearch1:Rap Box official audio,221.07,10,11.074,22050,161.4990234375,0.3415047228336334,0.14484599232673645,0.08149588083071278,0.038555714512228514,1852.9807143997277,756.6247195277937,2067.6561289878846,520.2863616386329,3770.1162662146226,1625.436736397491,0.012039120309054852,0.024820201098918915,-56.24452209472656,111.71868133544922,-6.160948753356934,24.471616744995117,-6.648831367492676,8.41850471496582,9.707022666931152,-1.5122674703598022,0.8583505153656006,6.2923197746276855,-13.15269660949707,2.0932421684265137,-1.0283927917480469,0.3854314088821411,0.3073689937591553,0.23723337054252625,0.3514183461666107,0.3147113025188446,0.4320879280567169,0.28613343834877014,0.3376147150993347,0.36396247148513794,0.23370255529880524,0.22094398736953735,0.23479469120502472,1.9040101766586304,2.2819907665252686
O Rappa,RAP,ytsearch1:O Rappa official audio,37.13,10,17.074,22050,95.703125,0.27287521958351135,0.09582789987325668,0.11111715565557065,0.05200278972992563,2510.291321229678,694.9161716245558,2550.354535593724,364.6513679140035,5283.431774636973,1421.4413443454184,0.032330628484487534,0.03397626802325249,-25.815105438232422,78.27067565917969,-6.9423909187316895,20.355281829833984,3.9973316192626953,21.338031768798828,3.285198926925659,0.8507804870605469,-0.30849364399909973,7.11867094039917,-4.9269633293151855,3.110914707183838,4.6601176261901855,0.49232617020606995,0.6305280923843384,0.4187662601470947,0.3922356367111206,0.4299667179584503,0.4151166081428528,0.41431450843811035,0.35091716051101685,0.4126007556915283,0.3934246599674225,0.3817414939403534,0.48295119404792786,1.507968783378601,1.632856845855713
BK,RAP,ytsearch1:BK official audio,70.38,10,10.374,22050,172.265625,0.3606768250465393,0.09168210625648499,0.06068451132550336,0.056855141268770504,2306.7004023902214,1142.0254475444685,2660.2201674377543,658.3157309830708,5144.9903654572145,2457.274821642619,0.01770147681236267,0.028397001326084137,-43.7722053527832,96.45933532714844,20.075437545776367,17.847814559936523,15.306238174438477,12.089055061340332,5.32996129989624,10.175610542297363,-4.604104995727539,11.56656551361084,3.739793062210083,6.110514163970947,1.8983567953109741,0.6179434657096863,0.5108820199966431,0.4071512222290039,0.40746819972991943,0.4631885588169098,0.4934079349040985,0.40439367294311523,0.46681907773017883,0.4681839942932129,0.46089205145835876,0.5143759250640869,0.5108476281166077,1.8208856582641602,1.816623330116272
A.Baby,RAP,ytsearch1:A.Baby official audio,101.4,10,11.374,22050,64.599609375,0.047822002321481705,0.01498181652277708,0.058166254783163264,0.0410140199404512,1989.640385528048,1032.7711288914702,2589.623260283722,608.7609293973609,4575.6298828125,2479.8651613651477,0.007457311265170574,0.011782875284552574,-283.088623046875,103.80756378173828,48.909828186035156,26.19733428955078,8.607930183410645,13.286584854125977,-4.197693347930908,7.404085159301758,-13.834648132324219,0.20010070502758026,-13.266960144042969,-5.200408458709717,-9.329946517944336,0.1998034119606018,0.4216389060020447,0.44165685772895813,0.6138386130332947,0.39701294898986816,0.32951492071151733,0.3669094741344452,0.24547776579856873,0.4045886993408203,0.24609792232513428,0.4344005584716797,0.18474997580051422,1.291572093963623,1.2954210042953491
Jeferson Devon,RAP,ytsearch1:Jeferson Devon official audio,36.95,10,16.974,22050,107.666015625,0.2354341745376587,0.17543816566467285,0.06428212636798905,0.058264007014540854,2214.5258709548957,1182.893441296539,2557.814800723648,645.0625869697369,4881.585985593365,2424.3436673997576,0.019289322197437286,0.0404183566570282,-136.7576141357422,89.01190948486328,20.05918312072754,10.7175931930542,4.248129844665527,15.963763236999512,-0.3526218831539154,1.7999483346939087,-4.723094463348389,-2.10465145111084,0.06453778594732285,8.121904373168945,-0.779242753982544,0.38409537076950073,0.6379358768463135,0.5211613774299622,0.3517301082611084,0.3458201587200165,0.36204710602760315,0.3829938471317291,0.3512665927410126,0.46562400460243225,0.384402334690094,0.33610039949417114,0.4317866563796997,1.5663217306137085,2.09635591506958
Neovaldo Paulo,RAP,ytsearch1:Neovaldo Paulo official audio,30.08,10,10.074,22050,143.5546875,0.24736598134040833,0.08644400537014008,0.10895759828629033,0.09324459327200726,3143.255183458126,1201.4994066981553,2824.093388762721,448.293098133989,6400.4469348538305,1648.1718731170308,0.045796915888786316,0.058765582740306854,-56.509918212890625,57.946044921875,21.992965698242188,31.953462600708008,-3.2100167274475098,14.111682891845703,0.2582099735736847,13.797359466552734,0.6663931012153625,8.323492050170898,-0.1554180085659027,2.760732650756836,-1.8179925680160522,0.6187186241149902,0.5789027214050293,0.46670305728912354,0.44050538539886475,0.49491608142852783,0.621195375919342,0.5238221883773804,0.5055580139160156,0.5739246010780334,0.5528646111488342,0.5480275750160217,0.5191247463226318,1.6276222467422485,1.4679534435272217
Rapaz do Dread,RAP,ytsearch1:Rapaz do Dread official audio,64.04,10,13.974,22050,184.5703125,0.1656668335199356,0.06053593382239342,0.06313995665490033,0.044730298142726,1979.288786098447,784.1382458544425,2499.041980147852,451.85143034360357,4632.589650708575,1820.5155650735364,0.013609740883111954,0.019839448854327202,-119.51788330078125,102.18988800048828,26.1083984375,33.32951736450195,3.8913724422454834,12.155473709106445,-8.267001152038574,6.041595458984375,-8.03770923614502,0.8937621116638184,-1.7752572298049927,0.9819753766059875,-9.68519115447998,0.3781084418296814,0.30496224761009216,0.5531936883926392,0.35968494415283203,0.4807927906513214,0.33348989486694336,0.27772650122642517,0.397731214761734,0.31205567717552185,0.4589632451534271,0.3178420066833496,0.42988935112953186,1.8077927827835083,2.444702386856079
Rapaz do Dread,RAP,ytsearch1:Rapaz do Dread official audio,55.73,10,15.674,22050,89.10290948275862,0.191852405667305,0.045066047459840775,0.05487674509985207,0.03646246063687059,1864.0870116668193,812.1174608018397,2500.1930406611286,550.8536922212918,4457.46860842733,2010.6389489959374,0.00943441316485405,0.011197882704436779,-104.51375579833984,109.18604278564453,29.392427444458008,32.603824615478516,12.113005638122559,12.784768104553223,-5.910991191864014,8.51283073425293,-5.546810150146484,3.9377572536468506,1.0843380689620972,4.889797210693359,-8.05234432220459,0.42146238684654236,0.3019750118255615,0.47550445795059204,0.3797837793827057,0.5486357808113098,0.43257078528404236,0.33911603689193726,0.4486004412174225,0.3359208405017853,0.5194556713104248,0.31894558668136597,0.40383264422416687,1.5377748012542725,1.701291799545288
BabyBoiG,RAP,ytsearch1:BabyBoiG official audio,65.47,10,15.474,22050,123.046875,0.12562145292758942,0.06863006949424744,0.08338628537293853,0.08298028751737817,2214.276511448454,1359.4031301654518,2451.9048148474617,749.9775643225214,4636.983205174756,2765.354423805128,0.019378576427698135,0.03963768482208252,-196.0855255126953,99.22022247314453,23.27630043029785,14.151432991027832,9.2019681930542,-0.47979360818862915,-7.116890907287598,5.00739049911499,-12.846449851989746,6.588469505310059,-4.0223798751831055,3.85060453414917,-5.349831581115723,0.23872661590576172,0.2632119953632355,0.2633725106716156,0.2759994566440582,0.32509833574295044,0.4590848982334137,0.6901373863220215,0.5455003380775452,0.2748728096485138,0.2179940789937973,0.26979896426200867,0.27022331953048706,2.5434563159942627,2.4029953479766846
Prince Skellet,RAP,ytsearch1:Prince Skellet official audio,139.96,10,19.974,22050,135.99917763157896,0.30052006244659424,0.1147720143198967,0.08413636033681765,0.05600500175929511,2539.875037290776,1024.5475304830788,2631.39042895001,569.6079852691423,5428.405463986281,2024.2245261792175,0.022091031074523926,0.034250691533088684,-54.159942626953125,76.40580749511719,4.982832431793213,28.23118782043457,14.951053619384766,9.39586067199707,-3.539533853530884,20.199445724487305,-5.633127689361572,9.968090057373047,10.076788902282715,10.980937957763672,7.722257137298584,0.6039533019065857,0.5497650504112244,0.5157022476196289,0.6217007040977478,0.5403956174850464,0.5800929069519043,0.39939647912979126,0.37103548645973206,0.3862980902194977,0.4374438524246216,0.5236549973487854,0.5016772747039795,1.9799081087112427,2.009664535522461
Stvtic,RAP,ytsearch1:Stvtic official audio,53.02,10,12.974,22050,172.265625,0.2800258696079254,0.10383467376232147,0.09882934788685152,0.07416437378446046,2958.0973072262736,1398.5472827033682,2992.249751606176,600.2666831204536,6265.1413045756935,2501.3304683961946,0.031774889677762985,0.04463406652212143,-60.13872528076172,79.94971466064453,35.2954216003418,17.731924057006836,10.305994033813477,-5.793476104736328,2.451838970184326,3.708228826522827,-5.894951343536377,4.013653755187988,-4.388972282409668,1.5664212703704834,-3.213050365447998,0.5909655094146729,0.4484902024269104,0.4877781867980957,0.5657393336296082,0.4223715662956238,0.5224788188934326,0.4008502960205078,0.5258921980857849,0.4419379234313965,0.36233964562416077,0.36620470881462097,0.4420585036277771,1.642005443572998,1.523512601852417
Matuê,RAP,ytsearch1:Matuê official audio,61.06,10,11.074,22050,161.4990234375,0.41547879576683044,0.10304612666368484,0.0959518720518868,0.08248107848618255,2652.361054549638,1060.850213621997,2765.585709705823,466.40924638561876,5880.731316332547,1847.8184272415992,0.0338214747607708,0.06038619950413704,-12.332256317138672,78.57249450683594,20.01453971862793,6.32120943069458,-11.064064025878906,20.459474563598633,-6.305558681488037,2.8853237628936768,-6.845542907714844,5.764608383178711,7.341135025024414,5.9415130615234375,-0.5607436895370483,0.3468509912490845,0.46778666973114014,0.3681168556213379,0.5275354981422424,0.598787248134613,0.4958682358264923,0.5096539855003357,0.41405731439590454,0.5808471441268921,0.4712759852409363,0.3403068780899048,0.3502516448497772,1.665995717048645,1.975637674331665
80vii,RAP,ytsearch1:80vii official audio,92.62,10,12.574,22050,89.10290948275862,0.2300586700439453,0.09097936004400253,0.08396996079335793,0.051660567726256754,2455.4957638149867,850.4337383275281,2690.563181577882,420.2165234341216,5428.929718130189,1811.217431836911,0.02394944615662098,0.0429312102496624,-75.32575225830078,81.6837158203125,9.121321678161621,12.022401809692383,-10.380818367004395,-15.536558151245117,-13.51927661895752,-1.379530906677246,-12.813618659973145,1.7147611379623413,-6.794545650482178,3.362142562866211,-2.5284838676452637,0.21514892578125,0.34078365564346313,0.33089062571525574,0.5125922560691833,0.23487116396427155,0.20602287352085114,0.2188049554824829,0.2641616463661194,0.4325018525123596,0.3392278850078583,0.3793408274650574,0.2539985775947571,1.6129828691482544,1.3606544733047485
Kemdilo Gold,RAP,ytsearch1:Kemdilo Gold official audio,104.52,10,14.474,22050,151.99908088235293,0.1399642527103424,0.03338243439793587,0.10486935346554487,0.04841463610280673,2360.130851300108,583.304029478145,2466.760533418263,330.84524451749047,5385.526569073017,1212.3391100141737,0.01732342131435871,0.016596807166934013,-87.61793518066406,97.20970916748047,4.142026424407959,32.82583999633789,-15.63251781463623,14.597310066223145,-13.573862075805664,18.857757568359375,-16.943984985351562,6.608907222747803,-1.4609665870666504,2.6867711544036865,-7.842668533325195,0.5517681837081909,0.4797050356864929,0.3000437021255493,0.21268631517887115,0.2482859492301941,0.2912203073501587,0.37445852160453796,0.33748582005500793,0.3496430218219757,0.344251424074173,0.3906085789203644,0.4671419560909271,1.536706566810608,0.9426217675209045
Muzzul CJ,RAP,ytsearch1:Muzzul CJ official audio,139.12,10,19.074,22050,143.5546875,0.23093728721141815,0.09760988503694534,0.07171497205748176,0.061106466828384234,2590.714559861406,937.086137001043,2903.695909002609,382.95921508850125,6250.7064039689785,1638.3983188408688,0.021476522088050842,0.037668630480766296,-98.15853118896484,77.29261016845703,25.716379165649414,4.177567958831787,6.145638465881348,15.602522850036621,-7.873394012451172,11.85789966583252,-11.842626571655273,3.018432855606079,-5.283143043518066,3.18461275100708,-2.769882917404175,0.36391693353652954,0.2913239598274231,0.3023325204849243,0.35268282890319824,0.3736100494861603,0.3630524277687073,0.5007144808769226,0.447583943605423,0.3551650643348694,0.40384000539779663,0.419880747795105,0.6079239845275879,1.790519118309021,1.865342617034912
Deejay Bruhnin,RAP,ytsearch1:Deejay Bruhnin official audio,591.86,10,11.874,22050,129.19921875,0.08705894649028778,0.08014048635959625,0.12616825103759766,0.06464145373382481,2551.4903865549622,874.8984386724281,2451.072080054503,511.51699662514267,5162.858819961548,1914.6362919544288,0.04647248983383179,0.05160543695092201,-157.68142700195312,86.43014526367188,-20.054431915283203,13.876561164855957,3.6241543292999268,-2.5760412216186523,-1.2484158277511597,-0.030679941177368164,-8.087623596191406,4.89666748046875,-1.308835506439209,2.1847481727600098,-4.296599388122559,0.3871745467185974,0.3329053521156311,0.32380691170692444,0.4184790849685669,0.46647632122039795,0.6375596523284912,0.5487831830978394,0.47159743309020996,0.400299996137619,0.36617329716682434,0.3755686283111572,0.3618755638599396,1.8525152206420898,2.3417789936065674
Raphaela Santos,RAP,ytsearch1:Raphaela Santos official audio,47.45,10,17.474,22050,135.99917763157896,0.33296093344688416,0.06634260714054108,0.10287431005146082,0.04322069981287467,2713.9017807829273,636.6969078117326,2880.2452050796464,324.22329789544483,6207.124529226842,1266.3374273884851,0.036165907979011536,0.03194696828722954,10.270859718322754,79.49019622802734,12.60380744934082,17.369247436523438,0.17414765059947968,-0.19463859498500824,1.5870082378387451,1.7199620008468628,-6.782349586486816,-1.1621322631835938,-7.045246124267578,-2.117640495300293,-7.6328630447387695,0.47142064571380615,0.33319342136383057,0.38431137800216675,0.294904500246048,0.326428085565567,0.29660171270370483,0.21196839213371277,0.3275133967399597,0.24135145545005798,0.29573625326156616,0.29077500104904175,0.36770662665367126,1.4239287376403809,1.2460867166519165
TrapLaudo,RAP,ytsearch1:TrapLaudo official audio,52.86,10,12.874,22050,123.046875,0.2579657733440399,0.14584344625473022,0.10452298001126126,0.09377235579706986,2695.4042011585866,1237.8985099380984,2873.268571627124,431.40060083579203,6055.0203230574325,2042.5298482867854,0.03250744938850403,0.057578977197408676,-77.1900634765625,79.73160552978516,29.291784286499023,14.808097839355469,9.81268310546875,5.397674560546875,-2.041578769683838,-2.5004825592041016,-18.274154663085938,3.4829466342926025,-7.216760635375977,-0.3743092715740204,1.9546403884887695,0.48456668853759766,0.3445734977722168,0.36786144971847534,0.3456968665122986,0.49886468052864075,0.4776345193386078,0.24467751383781433,0.2351638376712799,0.24499964714050293,0.31935957074165344,0.32388684153556824,0.4965210556983948,1.9262853860855103,2.2751359939575195
Tribo da Periferia,RAP,ytsearch1:Tribo da Periferia official audio,40.11,10,10.074,22050,129.19921875,0.1883510798215866,0.13185355067253113,0.08714695240495392,0.12112532563276779,1959.851279059114,1384.0713051372245,2135.1356268060817,651.6580332546368,3813.5352350050402,2480.408251424867,0.02883632853627205,0.06116341054439545,-179.203857421875,93.49295043945312,5.493108749389648,19.974321365356445,9.70949649810791,12.20853328704834,1.9458084106445312,-4.2406005859375,1.4272716045379639,-0.4136844873428345,-0.44964635372161865,5.920688629150391,-2.027500629425049,0.46647632122039795,0.553149402141571,0.5596239566802979,0.4974031150341034,0.47844570875167847,0.4121154546737671,0.3149581551551819,0.3722827434539795,0.4069785475730896,0.5295407176017761,0.45283642411231995,0.40026426315307617,1.9251025915145874,2.3631837368011475
Natiruts,Reggae,ytsearch1:Natiruts official audio,78.0,10,17.974,22050,112.34714673913044,0.2643543481826782,0.07892517745494843,0.07734501008064516,0.03802582781606619,1983.3262720776697,689.4220830048446,2429.4056709283373,451.8470331178803,4407.624401461693,1692.1676561398779,0.01302454061806202,0.01727742701768875,-50.9462890625,106.3074722290039,16.16169548034668,28.838266372680664,4.507866859436035,6.30891752243042,-0.33805546164512634,6.337348937988281,2.6283187866210938,0.1100248470902443,-6.804533958435059,7.928150177001953,2.9980249404907227,0.33912089467048645,0.48172733187675476,0.44116777181625366,0.5566736459732056,0.3477553129196167,0.2707848846912384,0.3442319929599762,0.2882705628871918,0.4015468657016754,0.284249871969223,0.3539044260978699,0.39905691146850586,1.4545166492462158,1.65952467918396
SOJA,Reggae,ytsearch1:SOJA official audio,98.55,10,18.574,22050,184.5703125,0.20192338526248932,0.06088133528828621,0.0724810791015625,0.03831228142418516,2038.4985597065745,786.6563290500496,2305.201528091888,565.9537878030847,4456.148345947266,1817.3377879911293,0.016705956310033798,0.02388577163219452,-88.170166015625,96.3722915649414,-2.4854815006256104,35.932960510253906,5.964324951171875,11.09936809539795,-1.041250228881836,7.350345611572266,-2.1745147705078125,7.387180328369141,8.62171745300293,7.334688663482666,2.238229751586914,0.4207717478275299,0.35504791140556335,0.46678707003593445,0.45644545555114746,0.5048485994338989,0.2810307443141937,0.275088369846344,0.34511756896972656,0.2592298686504364,0.35590338706970215,0.35680022835731506,0.4640524387359619,1.8872647285461426,2.7517569065093994
Edson Gomes,Reggae,ytsearch1:Edson Gomes official audio,55.4,10,15.374,22050,184.5703125,0.1768706738948822,0.06416285037994385,0.08008475325226244,0.04284770125424238,2035.2624343126315,762.6658335234522,2308.419425849114,544.0248269634295,4458.899533371041,1790.7449944533332,0.016549618914723396,0.026942143216729164,-94.8702163696289,101.98686218261719,-3.108032703399658,30.574831008911133,1.968009114265442,12.880220413208008,1.993594765663147,8.255677223205566,1.0065900087356567,3.276778221130371,0.4433591067790985,1.4141079187393188,-1.2313661575317383,0.24823103845119476,0.3304203152656555,0.5261027812957764,0.36000075936317444,0.3064229488372803,0.37282174825668335,0.4897930324077606,0.3296143710613251,0.28105810284614563,0.5362145304679871,0.32992789149284363,0.32396066188812256,1.7282795906066895,2.095357894897461
Ponto De Equilíbrio,Reggae,ytsearch1:Ponto De Equilíbrio official audio,1520.66,10,10.674,22050,107.666015625,0.2281462699174881,0.09777984768152237,0.08859650985054347,0.04176092320671372,1849.805916634732,682.3323572078067,1915.751928187559,435.698681394927,3543.546036430027,1437.263019098313,0.013492553494870663,0.026083793491125107,-96.83491516113281,106.65242767333984,-33.78383255004883,13.538158416748047,-6.642231464385986,22.06304359436035,6.628397464752197,16.59217071533203,-8.174402236938477,4.733514785766602,4.791251182556152,4.454625606536865,-0.25987210869789124,0.36202359199523926,0.37864238023757935,0.7070290446281433,0.29888466000556946,0.25064024329185486,0.2825993001461029,0.30166155099868774,0.255170077085495,0.25868430733680725,0.4599722921848297,0.2838314175605774,0.3599048852920532,1.8153918981552124,2.3371291160583496
Armandinho,Reggae,ytsearch1:Armandinho official audio,302.94,10,12.874,22050,151.99908088235293,0.24046938121318817,0.05494489520788193,0.06641328828828828,0.04522900781907319,1894.5613965822731,758.422614184054,2441.316679856431,477.5576615568276,4273.933435388513,1832.039107405539,0.01437454391270876,0.024609630927443504,-59.932552337646484,110.24735260009766,17.689298629760742,24.28062629699707,10.31112003326416,15.45423698425293,3.3546972274780273,11.271323204040527,1.8020150661468506,9.14677906036377,-3.8173484802246094,4.0151567459106445,-0.7652490139007568,0.38040831685066223,0.31439265608787537,0.4308196008205414,0.3287352919578552,0.40398678183555603,0.3766118288040161,0.3896121382713318,0.5245658159255981,0.4147169589996338,0.4900839924812317,0.3796522915363312,0.4422156810760498,1.4135310649871826,1.4783484935760498
Bob Marley & The Wailers,Reggae,ytsearch1:Bob Marley & The Wailers official audio,69.45,10,19.474,22050,123.046875,0.14990665018558502,0.06946738809347153,0.09600226273837903,0.050907514495168726,2239.0898057047625,669.8547418904873,2558.8195188157033,455.9748632033035,4981.150888799911,1782.5397911141931,0.020094286650419235,0.028608577325940132,-106.29451751708984,98.59785461425781,-0.3058214783668518,4.204041481018066,7.171501159667969,9.909011840820312,-1.1688586473464966,8.405856132507324,0.2605116367340088,9.225930213928223,0.9656239151954651,5.103271961212158,0.5842002034187317,0.36441585421562195,0.46421942114830017,0.39602410793304443,0.29069066047668457,0.3855201005935669,0.35187414288520813,0.43708276748657227,0.297557532787323,0.30852463841438293,0.3427988886833191,0.3104056119918823,0.46817827224731445,1.615919828414917,1.9241377115249634
Maneva,Reggae,ytsearch1:Maneva official audio,104.97,10,14.974,22050,143.5546875,0.22737367451190948,0.05803561955690384,0.0586929203003876,0.026981769722645224,1752.2896638783573,814.6874177369751,2281.1814507866807,720.4054422903246,4001.5869140625,2292.1903764072895,0.011464851908385754,0.017837757244706154,-106.37553405761719,118.8269271850586,23.794050216674805,22.19519805908203,10.805614471435547,20.12176513671875,-2.771573305130005,0.9390830993652344,-1.2820346355438232,-5.028825283050537,-5.660390377044678,3.3040599822998047,-6.802590370178223,0.26479706168174744,0.2396005094051361,0.3809397220611572,0.24221853911876678,0.26158541440963745,0.21839970350265503,0.33521968126296997,0.3440926969051361,0.21395829319953918,0.248675137758255,0.22495003044605255,0.35477572679519653,1.8265773057937622,2.5743868350982666
Victor Santos,Reggae,ytsearch1:Victor Santos official audio,35.34,10,15.274,22050,143.5546875,0.15374284982681274,0.08216626197099686,0.08686879630509119,0.06608036242797159,2003.248295141433,1017.4195384642337,2111.7556740196073,641.8691563264977,3931.085854388298,2011.2956328365874,0.009760725311934948,0.027097482234239578,-163.21701049804688,104.26490020751953,-11.605161666870117,15.566499710083008,-1.576841950416565,-14.043033599853516,1.3964754343032837,-12.31944751739502,-21.28877067565918,0.1292392462491989,-26.681474685668945,-4.741468906402588,-16.251020431518555,0.19628021121025085,0.2361055314540863,0.12438783049583435,0.24120189249515533,0.18961670994758606,0.3909946382045746,0.40270301699638367,0.20564024150371552,0.28021642565727234,0.13341425359249115,0.09388075768947601,0.07664139568805695,1.3686981201171875,1.0972931385040283
Onze:20,Reggae,ytsearch1:Onze:20 official audio,111.08,10,11.074,22050,135.99917763157896,0.20048974454402924,0.08071079105138779,0.07292485587002097,0.05236881413610967,2158.2479212340836,1049.6313421632121,2626.0262496979603,633.2203997225334,4830.818377800708,2493.1130297630243,0.02120622619986534,0.036620400846004486,-105.08033752441406,97.33659362792969,28.313505172729492,28.8536434173584,19.63555145263672,7.353879928588867,-0.7786841988563538,7.702098369598389,-3.2763004302978516,-2.302060127258301,-8.112422943115234,-1.707224726676941,-6.8022074699401855,0.3187226951122284,0.31616270542144775,0.41129639744758606,0.35286620259284973,0.3376963436603546,0.4504457116127014,0.40197038650512695,0.5594225525856018,0.3525419235229492,0.3476865887641907,0.3431074619293213,0.2649107277393341,1.6058406829833984,1.914501428604126
Pancadão Reggae Music,Reggae,ytsearch1:Pancadão Reggae Music official audio,59.7,10,19.674,22050,151.99908088235293,0.2613541781902313,0.08498623222112656,0.1067856122862618,0.08397616791477451,3034.036544428878,937.9498599413239,3031.4036631286463,391.24997572578036,6732.439753694354,1611.3853528687066,0.040812235325574875,0.06050793081521988,-68.15940856933594,54.45110321044922,20.685535430908203,25.64179229736328,7.707655429840088,7.216854572296143,8.140342712402344,10.53026008605957,0.9590123295783997,2.1409125328063965,-3.3354923725128174,2.1750645637512207,-3.0077733993530273,0.5495675206184387,0.4138921797275543,0.41515880823135376,0.4626185894012451,0.3942190110683441,0.4344892203807831,0.36755040287971497,0.45246121287345886,0.5699857473373413,0.42517420649528503,0.4758012890815735,0.42217594385147095,1.6638243198394775,1.5482089519500732
Banda Calypso,Reggae,ytsearch1:Banda Calypso official audio,76.28,10,16.274,22050,103.359375,0.3227716386318207,0.07569646090269089,0.10056086171540657,0.04321494048325508,2397.4916543487006,609.1887609536341,2601.1712060516243,310.43674371258794,5168.0301856722535,1139.0311243993192,0.021939722821116447,0.022453296929597855,-11.766742706298828,86.62084197998047,10.147940635681152,26.89375114440918,-5.381172180175781,5.4008870124816895,5.897737979888916,-0.40111154317855835,-0.8205153942108154,2.750187873840332,-14.506203651428223,-3.721510887145996,-5.5284953117370605,0.31924378871917725,0.2660404145717621,0.1931418627500534,0.2374536693096161,0.17834636569023132,0.2272225171327591,0.2683999538421631,0.20900431275367737,0.3228222727775574,0.2753511071205139,0.4436427056789398,0.3366049528121948,1.5307540893554688,1.6094282865524292
Edu Ribeiro,Reggae,ytsearch1:Edu Ribeiro official audio,41.29,10,11.274,22050,135.99917763157896,0.08818166702985764,0.02334115281701088,0.0644310217335391,0.06418086781538981,2029.9710574667836,1172.5751416962341,2506.639616610328,822.9768723393105,4572.194643373842,2782.3791004236964,0.010364892892539501,0.019366512075066566,-228.37538146972656,93.68034362792969,33.03201675415039,39.1004638671875,19.18353271484375,7.17557430267334,2.3963065147399902,8.434938430786133,6.200995445251465,-4.35509729385376,0.7139248251914978,1.869147539138794,-0.6464951634407043,0.397245317697525,0.2782023549079895,0.29752132296562195,0.2498277872800827,0.254045307636261,0.27758684754371643,0.37125417590141296,0.4699978828430176,0.3446941375732422,0.2704790532588959,0.2937718629837036,0.3616637885570526,1.9440134763717651,2.820376396179199
Zyan Dias,Reggae,ytsearch1:Zyan Dias official audio,113.53,10,13.474,22050,89.10290948275862,0.2404472678899765,0.1029379591345787,0.0894815310348537,0.0333457465860642,2074.43666251478,691.1680362880869,2309.635631554921,579.5332559806017,4366.25535344503,1636.0193889015818,0.023716628551483154,0.02589135803282261,-42.95005798339844,108.4031753540039,-5.2051310539245605,20.988632202148438,8.948614120483398,4.6490478515625,0.5443105101585388,6.206331253051758,1.6338504552841187,-1.3798956871032715,2.792332649230957,5.831409454345703,-2.2939035892486572,0.36917057633399963,0.5120664238929749,0.4022614359855652,0.24169883131980896,0.24318775534629822,0.27396392822265625,0.5106581449508667,0.38152581453323364,0.36868810653686523,0.48941728472709656,0.45700550079345703,0.5754777789115906,1.0189247131347656,0.6702048182487488
Amani Kush,Reggae,ytsearch1:Amani Kush official audio,181.46,10,11.474,22050,143.5546875,0.1757078319787979,0.06850431114435196,0.1358526672979798,0.08189514129665122,2675.7677585847414,920.1743134335433,2515.0162315890666,413.27048686018406,5440.026633522727,1574.2950469557436,0.04675118625164032,0.05916844680905342,-49.05729293823242,78.97818756103516,-15.064823150634766,15.264641761779785,-10.15898609161377,-5.810211658477783,-14.160122871398926,-6.087024688720703,-8.715963363647461,-5.353780746459961,-16.55248260498047,-4.260239124298096,-14.793316841125488,0.2553262710571289,0.24195115268230438,0.30502498149871826,0.2304476648569107,0.4035659432411194,0.20447947084903717,0.2114640772342682,0.3799920082092285,0.4499232769012451,0.7729383111000061,0.37689700722694397,0.2930896580219269,1.3947666883468628,1.2658796310424805
Sean Paul,Reggae,ytsearch1:Sean Paul official audio,65.98,10,15.974,22050,123.046875,0.24748121201992035,0.12710796296596527,0.13869103720021803,0.06600195014962058,2942.132726237293,864.4112909915343,2637.593474136915,335.8974159761329,5807.8147355900255,1723.2506437357092,0.060614779591560364,0.07448448240756989,-35.321983337402344,57.50447463989258,-21.32853889465332,17.867063522338867,16.445398330688477,-5.771141052246094,-8.422948837280273,-0.27868562936782837,-13.989649772644043,5.397765159606934,-9.175448417663574,4.550597190856934,2.0559568405151367,0.3311566710472107,0.27444595098495483,0.27450695633888245,0.2611575126647949,0.27226921916007996,0.3832700550556183,0.33756718039512634,0.35652288794517517,0.44550397992134094,0.40512239933013916,0.6479933857917786,0.533408522605896,2.147059679031372,2.5542352199554443
Peter Tosh,Reggae,ytsearch1:Peter Tosh official audio,208.6,10,18.574,22050,143.5546875,0.15476827323436737,0.06646965444087982,0.1075250244140625,0.06051093061760193,2525.539590687459,937.5505035067989,2673.4627180217662,547.7134437084308,5559.671173095703,2075.7041950602866,0.030246084555983543,0.03886891156435013,-94.8559799194336,88.49201202392578,5.5277934074401855,15.45196533203125,9.831794738769531,9.900778770446777,-0.5150517225265503,6.715384006500244,3.3827054500579834,9.157697677612305,1.9613745212554932,-4.414095878601074,-4.2176432609558105,0.26736244559288025,0.3322610855102539,0.29370343685150146,0.3854910135269165,0.4518382251262665,0.3524734079837799,0.34582850337028503,0.3388846218585968,0.6688551902770996,0.3535076081752777,0.3232268989086151,0.3705805838108063,1.861257791519165,2.246741771697998
Big Up,Reggae,ytsearch1:Big Up official audio,92.9,10,12.874,22050,95.703125,0.2238210141658783,0.07024935632944107,0.07264833192567567,0.03008750164379381,2184.881371025646,569.3315098018414,2416.1590243016194,368.8096705649727,4723.240207981419,1240.666480317586,0.018437350168824196,0.022923028096556664,-62.01546859741211,87.5697250366211,-3.12143874168396,43.858882904052734,6.8725433349609375,9.568904876708984,3.3130836486816406,10.556448936462402,-2.7140300273895264,-0.08946701139211655,-3.182987689971924,-1.4820632934570312,-1.3451054096221924,0.3797919750213623,0.28304430842399597,0.28559401631355286,0.26291272044181824,0.4503001868724823,0.3495827615261078,0.4169457256793976,0.5584341883659363,0.4371151030063629,0.30292296409606934,0.26612961292266846,0.36795055866241455,1.72404146194458,2.1825215816497803
Jimmy Cliff,Reggae,ytsearch1:Jimmy Cliff official audio,142.94,10,12.874,22050,117.45383522727273,0.15065915882587433,0.04601845517754555,0.07030810106981981,0.045165369833440515,2224.1322558634806,750.8550854683173,2704.8741416755424,388.0878824656939,5217.262325802365,1731.4375862970862,0.021572312340140343,0.032309167087078094,-112.10896301269531,95.84032440185547,22.05476188659668,17.57265281677246,6.320165157318115,11.746541976928711,-4.287439823150635,9.451619148254395,8.991131782531738,4.275286674499512,3.164844036102295,3.4160892963409424,0.1628442108631134,0.449079304933548,0.4274859130382538,0.6158269047737122,0.47135862708091736,0.43352505564689636,0.36678147315979004,0.42800676822662354,0.44576817750930786,0.38424599170684814,0.4739111065864563,0.4049542248249054,0.45071566104888916,1.589247226715088,1.8424383401870728
Rainha Musical,Reggae,ytsearch1:Rainha Musical official audio,194.44,10,14.374,22050,143.5546875,0.305277943611145,0.08808740973472595,0.13125708795362903,0.08207631004636659,2794.9056082633983,915.3916408993273,2757.192851870372,324.27955431927455,5963.516412550403,1312.6585769444307,0.04380965232849121,0.04306257143616676,0.7887215614318848,74.55286407470703,14.805105209350586,27.895376205444336,6.925683498382568,15.45192813873291,-2.6427955627441406,7.7882561683654785,-2.7629027366638184,1.9554872512817383,-1.8953739404678345,0.7199569344520569,0.8827722072601318,0.4101838171482086,0.41550523042678833,0.3690159022808075,0.45857715606689453,0.5394771099090576,0.36221760511398315,0.3849366009235382,0.3899884521961212,0.49178940057754517,0.4833858907222748,0.41351693868637085,0.4928731620311737,1.5479141473770142,1.5428972244262695
Shakira,Ritmos Variados,ytsearch1:Shakira official audio,45.93,10,15.874,22050,135.99917763157896,0.29760026931762695,0.05329152196645737,0.10068159493786549,0.04419488266847702,2612.0950333687474,655.1019865327864,2736.007030362055,347.2280062927704,5660.83984375,1371.7306677201288,0.03565869852900505,0.03394865244626999,-2.9363434314727783,76.93769836425781,5.831058025360107,35.16258239746094,9.929828643798828,4.950176239013672,4.2277069091796875,5.931615352630615,5.552422046661377,7.067768096923828,-4.971840858459473,4.353626728057861,-4.703720569610596,0.26634958386421204,0.24766652286052704,0.24868330359458923,0.2608407139778137,0.3418205976486206,0.3260757327079773,0.5349915027618408,0.36925169825553894,0.24439047276973724,0.3318201005458832,0.31663820147514343,0.4420170485973358,1.331648588180542,1.167546272277832
Bad Bunny,Ritmos Variados,ytsearch1:Bad Bunny official audio,167.86,10,17.874,22050,89.10290948275862,0.21066181361675262,0.051075924187898636,0.08310293222402597,0.034802602184101285,2441.5230377122843,531.1984934429295,2521.6996330915345,322.75726030534526,5316.505903764205,1138.8570432594659,0.021609308198094368,0.02158055640757084,-56.912742614746094,78.51676940917969,-3.8699934482574463,28.34376335144043,-2.331322193145752,12.56807804107666,-5.208437919616699,8.445390701293945,0.01812807470560074,7.79710578918457,-0.032611481845378876,3.45046329498291,-2.4489452838897705,0.41357550024986267,0.35700932145118713,0.35252922773361206,0.35432541370391846,0.45568543672561646,0.41646555066108704,0.35430043935775757,0.3734045922756195,0.4402667284011841,0.5550051331520081,0.29810643196105957,0.29521819949150085,1.809586763381958,2.14971661567688
BTS,Ritmos Variados,ytsearch1:BTS official audio,144.29,10,14.274,22050,117.45383522727273,0.35587337613105774,0.08859960734844208,0.05931942327235772,0.036185387775239594,1703.515958616394,679.6343120440107,2143.2137508659675,501.0449769001852,3763.828839557927,1797.6557498878456,0.0109806964173913,0.019628457725048065,-27.884599685668945,121.83988952636719,-2.1476690769195557,19.01457977294922,-1.2753684520721436,21.521770477294922,11.390936851501465,4.7558369636535645,3.857320547103882,11.203812599182129,-2.080688238143921,7.543610095977783,-0.825334370136261,0.5232408046722412,0.44738030433654785,0.3421350419521332,0.354403018951416,0.514472484588623,0.5313907265663147,0.505345344543457,0.48586663603782654,0.5021735429763794,0.4070740342140198,0.38187792897224426,0.5378413796424866,1.1797541379928589,1.0498979091644287
Tems,Ritmos Variados,ytsearch1:Tems official audio,41.87,10,11.874,22050,92.28515625,0.18930187821388245,0.12456125020980835,0.08741283416748047,0.04907776324318058,2335.467973423226,912.0223908385844,2673.021977644714,595.6698937360785,5099.352693557739,2329.037978846346,0.02173004299402237,0.03364435210824013,-113.30084228515625,91.03512573242188,14.275917053222656,24.84062385559082,20.431493759155273,-5.4244818687438965,7.653409481048584,-1.5932941436767578,-3.100144386291504,2.7081339359283447,-13.241739273071289,-4.3451948165893555,-3.6994118690490723,0.3145785331726074,0.4710620939731598,0.34378570318222046,0.34061944484710693,0.48076191544532776,0.3698090612888336,0.41719406843185425,0.3452377915382385,0.4833259582519531,0.4079956114292145,0.3720458149909973,0.3542898893356323,1.884680986404419,2.4842681884765625
Todah Music,Ritmos Variados,ytsearch1:Todah Music official audio,223.79,10,13.774,22050,135.99917763157896,0.3046224117279053,0.05484312027692795,0.10158633864688552,0.03200526144813111,2431.5643664186255,488.069036734603,2672.188332326341,327.8177385625683,5358.958111387311,1291.412533499381,0.03297268599271774,0.02448924258351326,13.220442771911621,91.04572296142578,1.673138976097107,22.097400665283203,11.946105003356934,7.386975288391113,1.4363670349121094,2.1984734535217285,-2.5771384239196777,5.90391731262207,-4.213615417480469,5.679839611053467,5.77577018737793,0.4554891288280487,0.31547123193740845,0.3399488031864166,0.26603052020072937,0.4576880931854248,0.4590853154659271,0.33091112971305847,0.29457175731658936,0.2950362265110016,0.4627039134502411,0.35109618306159973,0.34602078795433044,1.2175978422164917,0.7753797769546509
Henrique & Juliano,Ritmos Variados,ytsearch1:Henrique & Juliano official audio,91.29,10,11.274,22050,151.99908088235293,0.34960097074508667,0.09435757994651794,0.0979958365483539,0.03466385725647358,2202.436204675758,541.7297026882176,2436.6845396131985,394.0569102336864,4727.269151475694,1345.6131039544637,0.021794896572828293,0.019319958984851837,8.915485382080078,97.4963607788086,-4.228613376617432,27.62822151184082,6.93516731262207,6.562872886657715,-4.5156965255737305,4.0140275955200195,-0.9626140594482422,4.981324195861816,-2.588881015777588,2.518120765686035,-5.373119354248047,0.31477224826812744,0.3441489040851593,0.31790801882743835,0.48067307472229004,0.3588825762271881,0.4847092032432556,0.3919578492641449,0.32886815071105957,0.38967281579971313,0.31390145421028137,0.3215193748474121,0.2785402238368988,1.4042460918426514,1.2932485342025757
J Balvin,Ritmos Variados,ytsearch1:J Balvin official audio,110.38,10,10.374,22050,123.046875,0.3025744557380676,0.16656121611595154,0.08551912926454139,0.06562384146572256,2318.40671450721,895.828113046883,2693.5226456541973,443.7464277957289,5174.664757235738,2136.686769041404,0.03652467951178551,0.05766810476779938,-61.79582977294922,91.26681518554688,9.143535614013672,12.50742244720459,16.92667007446289,10.330338478088379,-1.748808741569519,5.245943069458008,-1.0646655559539795,-0.7773686051368713,-1.4173319339752197,5.88224458694458,-4.3810014724731445,0.42292729020118713,0.5013028979301453,0.4243547022342682,0.49528083205223083,0.38980183005332947,0.3932228982448578,0.3894096910953522,0.45225852727890015,0.6476725935935974,0.550951361656189,0.5866921544075012,0.4778698980808258,2.071359872817993,2.8207998275756836
Música Aos Orixás,Ritmos Variados,ytsearch1:Música Aos Orixás official audio,43.23,10,13.174,22050,172.265625,0.16181761026382446,0.07095733284950256,0.11484925176056338,0.11407611773709138,2790.255709296438,1227.5132014747019,2996.856906698909,354.88893979950905,6318.933621258803,2064.7267095389943,0.04955986887216568,0.09126830101013184,-113.171142578125,77.92408752441406,30.643266677856445,7.825674057006836,-0.4305783212184906,-3.098794460296631,-6.6150617599487305,-13.02731990814209,-1.895452618598938,-8.851641654968262,-6.700549125671387,0.38139551877975464,-8.049433708190918,0.38486921787261963,0.39232078194618225,0.33913081884384155,0.37934544682502747,0.3464176058769226,0.47035089135169983,0.3065093755722046,0.24654538929462433,0.31233906745910645,0.30918723344802856,0.4029497802257538,0.2765192985534668,1.7094818353652954,1.6463253498077393
Panda,Ritmos Variados,ytsearch1:Panda official audio,198.06,10,18.074,22050,143.5546875,0.3153095245361328,0.15815633535385132,0.09781545852053915,0.08426510661634327,2501.7318677274125,1154.8756878885997,2411.059518106332,462.47664288498527,4986.857650032092,1918.1438491912845,0.037251874804496765,0.06217392906546593,-47.90817642211914,74.00255584716797,-11.775434494018555,26.51894187927246,7.541326522827148,16.34836196899414,-4.4326324462890625,1.7122220993041992,0.10603068023920059,12.591365814208984,2.988093137741089,14.782852172851562,5.7255659103393555,0.5176205635070801,0.43141433596611023,0.436602920293808,0.5330526232719421,0.6471649408340454,0.6062383055686951,0.5248125791549683,0.4622267186641693,0.501808226108551,0.5038712620735168,0.5585787296295166,0.5800726413726807,1.9867866039276123,2.0375614166259766
MJ Records,Ritmos Variados,ytsearch1:MJ Records official audio,94.69,10,14.674,22050,117.45383522727273,0.25656211376190186,0.06316950917243958,0.16719229010087025,0.0529464657995569,2904.361440553497,578.4022013846719,2505.2767000561507,298.23413239019453,5649.603812302215,1061.3201673619888,0.08779922872781754,0.06267084181308746,32.144569396972656,70.86457061767578,-17.129655838012695,30.155641555786133,-7.344695568084717,9.00625228881836,-3.4863126277923584,8.214609146118164,2.2037744522094727,9.429048538208008,0.8772892951965332,4.358833312988281,-0.7244575619697571,0.4114846885204315,0.3749592900276184,0.49549248814582825,0.5425755977630615,0.72197026014328,0.5224229097366333,0.4369369149208069,0.45528826117515564,0.4261930584907532,0.505532443523407,0.5107131004333496,0.5686304569244385,1.5236167907714844,1.7150219678878784
Marília Mendonça,Ritmos Variados,ytsearch1:Marília Mendonça official audio,44.17,10,14.174,22050,112.34714673913044,0.25751376152038574,0.08836649358272552,0.11016456117021277,0.05408606534508463,2245.864849949505,762.9100803097696,2388.876023436237,463.0940222653473,4647.964802194149,1607.853813011231,0.01520372275263071,0.021796399727463722,-53.579811096191406,94.2071762084961,0.6381020545959473,30.20969009399414,6.520655632019043,-2.5931618213653564,-1.9585050344467163,8.76290512084961,-6.1368560791015625,8.98703670501709,-7.182577133178711,5.3972601890563965,-9.418059349060059,0.2964573800563812,0.3409811854362488,0.22799302637577057,0.35041818022727966,0.4832969307899475,0.29054537415504456,0.4157664477825165,0.24616073071956635,0.3461868464946747,0.2607334852218628,0.24923868477344513,0.3794618844985962,1.7009708881378174,1.8001118898391724
Justin Bieber,Ritmos Variados,ytsearch1:Justin Bieber official audio,58.74,10,18.674,22050,135.99917763157896,0.13575655221939087,0.07159978896379471,0.14321016110248447,0.11297366075924896,3047.8491870847097,1303.4186739197507,2857.5841500855845,595.0540527041001,6446.987516983696,2185.961183290384,0.05944618582725525,0.08232162147760391,-110.03003692626953,68.99819946289062,9.40215015411377,9.736184120178223,11.30381965637207,7.72487735748291,1.0544172525405884,4.127876281738281,-0.20211642980575562,7.925832748413086,-1.5207782983779907,3.6910035610198975,0.19823217391967773,0.4572935998439789,0.37386554479599,0.3664282262325287,0.35412612557411194,0.36297374963760376,0.4872359335422516,0.3580683469772339,0.3839230239391327,0.44253990054130554,0.4276975691318512,0.5837827920913696,0.47657501697540283,1.9016200304031372,2.0957815647125244
Tyla,Ritmos Variados,ytsearch1:Tyla official audio,98.8,10,18.774,22050,143.5546875,0.3352798521518707,0.130080908536911,0.07862112754944375,0.045953773818268796,2499.223754221733,721.340894340059,2836.4182527999733,453.78277342442306,5772.016354102287,1745.6861553455951,0.025282828137278557,0.03624105080962181,-37.61925506591797,79.0380859375,16.4812068939209,26.6232852935791,9.663897514343262,0.30111804604530334,7.384291648864746,-2.208287477493286,6.918595790863037,1.633929967880249,-3.719799041748047,-0.14678102731704712,-3.890941619873047,0.34319058060646057,0.39020344614982605,0.29469162225723267,0.330381840467453,0.39161747694015503,0.3379254937171936,0.43082278966903687,0.3741356134414673,0.5447872877120972,0.47456708550453186,0.3655901253223419,0.39278945326805115,1.7680386304855347,2.2818820476531982
Alok,Ritmos Variados,ytsearch1:Alok official audio,63.76,10,13.774,22050,129.19921875,0.2594328224658966,0.04560564458370209,0.11905266861321549,0.04626093335736823,2961.8526110655152,720.3496855511328,2970.615603502281,378.0694164769779,6782.904607599432,1457.1528678476905,0.048396166414022446,0.03656405955553055,1.2089999914169312,74.37650299072266,9.408227920532227,17.084871292114258,8.523037910461426,7.0130791664123535,6.359639644622803,5.617255687713623,-4.381545543670654,8.469226837158203,-1.9539213180541992,1.3650078773498535,-1.5650986433029175,0.39384302496910095,0.2902510464191437,0.40166932344436646,0.3418714106082916,0.6025683283805847,0.5010532140731812,0.34185442328453064,0.45350760221481323,0.3583633601665497,0.42253416776657104,0.3183581531047821,0.35686206817626953,1.3313088417053223,1.263641595840454
Latino,Ritmos Variados,ytsearch1:Latino official audio,64.2,10,14.174,22050,92.28515625,0.33342063426971436,0.09609825164079666,0.05550343315261866,0.0759024660200491,1429.1856454010174,1116.0555264313232,1860.2900371263847,641.7156481605796,2713.6769895662846,1981.6813273415457,0.0048243082128465176,0.013812148943543434,-114.58309936523438,129.26535034179688,11.531585693359375,36.1917724609375,17.404640197753906,6.889408111572266,-7.163846015930176,2.33185076713562,-3.3936173915863037,2.2469096183776855,-2.2255043983459473,-4.12355375289917,-10.648736000061035,0.3406205177307129,0.284160315990448,0.34177544713020325,0.36623457074165344,0.2767055034637451,0.38108110427856445,0.2923710346221924,0.35337892174720764,0.26272499561309814,0.1993805468082428,0.24296709895133972,0.21905916929244995,1.9921783208847046,2.399517297744751
Pop Smoke,Ritmos Variados,ytsearch1:Pop Smoke official audio,77.38,10,17.374,22050,143.5546875,0.27761775255203247,0.1336468905210495,0.1408277442840454,0.09111558601314582,3357.626058342169,982.9309446387277,2993.737318634814,340.58111657634015,7023.949738974883,1383.9327504135122,0.06430163979530334,0.07725744694471359,-37.353214263916016,48.62717056274414,12.273249626159668,13.933757781982422,2.275106191635132,12.983160018920898,-3.8622334003448486,6.854532718658447,-3.9486026763916016,-5.482621192932129,-6.071140289306641,-0.874042809009552,-7.66237735748291,0.2388058304786682,0.3460489511489868,0.49487751722335815,0.34423452615737915,0.33367490768432617,0.39249110221862793,0.569392740726471,0.6886397004127502,0.41048872470855713,0.2654508054256439,0.21329055726528168,0.22292561829090118,1.9199360609054565,1.9768638610839844
Sleepy World,Ritmos Variados,ytsearch1:Sleepy World official audio,49.31,10,19.274,22050,99.38401442307692,0.14479215443134308,0.09532245248556137,0.15096645607701564,0.11041415647672935,3215.201317969945,1284.3609570295648,2913.0525166967936,515.614616563099,6719.020141160875,2141.4132902206848,0.09591715037822723,0.1484423279762268,-158.39402770996094,55.8696403503418,5.8506083488464355,24.772872924804688,13.508984565734863,-9.8966703414917,-0.36039650440216064,2.1305670738220215,0.5475562810897827,-5.4862518310546875,-3.23403263092041,-0.9046542644500732,-7.14697790145874,0.4070747494697571,0.4894792437553406,0.34819138050079346,0.2989358901977539,0.3183384835720062,0.44281941652297974,0.5006420612335205,0.34595170617103577,0.38067927956581116,0.3011774718761444,0.34752124547958374,0.34844881296157837,1.494278907775879,2.285398006439209
Céline Dion,Ritmos Variados,ytsearch1:Céline Dion official audio,262.26,10,12.274,22050,117.45383522727273,0.1874023675918579,0.03220580890774727,0.09282235792769376,0.026102105955780826,1961.5024493174637,466.10935473172606,2226.9403225155,387.64484299628907,4110.765816989603,1268.8150690993784,0.014323174022138119,0.01712941750884056,-60.89671325683594,110.27506256103516,-10.604453086853027,16.375871658325195,-6.080667018890381,8.691474914550781,9.545632362365723,11.392897605895996,10.086326599121094,12.98364543914795,1.6880439519882202,-1.4659417867660522,-6.645443439483643,0.14849276840686798,0.16913044452667236,0.12769994139671326,0.1250971257686615,0.29946085810661316,0.1854802817106247,0.29980283975601196,0.15300995111465454,0.4285920262336731,0.5363796949386597,0.20870666205883026,0.25631028413772583,1.042288064956665,0.7548938989639282
KAROL G,Ritmos Variados,ytsearch1:KAROL G official audio,56.08,10,16.074,22050,117.45383522727273,0.2701575756072998,0.11365482211112976,0.0709677692099567,0.05182860185634386,2164.7251282533575,882.469329386781,2742.4972066671708,519.6651547037316,4949.467329545455,2231.501040989029,0.013699689880013466,0.025886083021759987,-82.47552490234375,102.811767578125,23.088502883911133,21.097421646118164,11.839583396911621,-10.623448371887207,8.01761245727539,-3.6639938354492188,9.010004043579102,-4.378664970397949,-12.600170135498047,3.204725742340088,-5.566242694854736,0.3151175379753113,0.547806441783905,0.33392584323883057,0.4298393726348877,0.4515741169452667,0.23065738379955292,0.2112654447555542,0.2226281315088272,0.3681839108467102,0.34907442331314087,0.2914583384990692,0.2537383437156677,1.811816692352295,2.3044018745422363
Zé Neto & Cristiano,Ritmos Variados,ytsearch1:Zé Neto & Cristiano official audio,33.31,10,13.274,22050,112.34714673913044,0.35031643509864807,0.09644695371389389,0.06863339297421328,0.035557991542662856,1956.3027797477707,612.4253678824555,2525.857001073256,355.053340158444,4361.67828753278,1621.5126190300764,0.012163789011538029,0.017418378964066505,-31.127613067626953,106.96918487548828,20.000017166137695,20.520458221435547,7.780404090881348,3.3951547145843506,-2.092494487762451,9.678765296936035,-5.343923091888428,-3.897083282470703,3.2654592990875244,1.927490472793579,-5.620474815368652,0.28273117542266846,0.4056831896305084,0.23886550962924957,0.3100605010986328,0.22699257731437683,0.27046260237693787,0.37179845571517944,0.2577383816242218,0.27878665924072266,0.20611736178398132,0.30677059292793274,0.3886031210422516,1.3154983520507812,1.2530109882354736
Charlie Brown Jr.,Rock,ytsearch1:Charlie Brown Jr. official audio,47.71,10,17.674,22050,129.19921875,0.21452350914478302,0.06373823434114456,0.12302060264927822,0.0875470115495653,2751.138700434691,1052.1422375620632,2765.9120168202135,392.07388489837547,5940.352312223179,1719.063151222845,0.03872000426054001,0.04989120364189148,-48.61005783081055,75.88553619384766,13.517473220825195,17.53365135192871,7.888219356536865,10.438692092895508,-7.349979877471924,-2.9301037788391113,-9.142436981201172,5.257114887237549,-8.475995063781738,-6.005969524383545,-9.972018241882324,0.24096842110157013,0.18477284908294678,0.3436475396156311,0.24970155954360962,0.2459661066532135,0.25024229288101196,0.3486429750919342,0.5844587683677673,0.33060505986213684,0.2567404508590698,0.24007800221443176,0.347920298576355,1.5259400606155396,1.3116648197174072
Guns N' Roses,Rock,ytsearch1:Guns N' Roses official audio,185.56,10,15.574,22050,135.99917763157896,0.14411579072475433,0.02719780057668686,0.13730672503725783,0.048559394886181204,2936.679737660077,573.449955804119,2746.304720785408,266.20748015499004,6154.901878027198,1031.1331040219877,0.06356181204319,0.045057326555252075,-38.043914794921875,69.9398193359375,-2.565368175506592,20.344364166259766,-8.47019100189209,3.9225106239318848,-4.254965782165527,-2.5692851543426514,-8.521595001220703,-0.45390594005584717,-8.386423110961914,-6.422554016113281,-7.420873641967773,0.2908380329608917,0.41957566142082214,0.35451629757881165,0.3628701865673065,0.2670731842517853,0.2915836572647095,0.3879327178001404,0.3980235457420349,0.5079228281974792,0.38352495431900024,0.3310685157775879,0.3233072757720947,1.2573764324188232,1.0904844999313354
O Rappa,Rock,ytsearch1:O Rappa official audio,171.85,10,11.774,22050,95.703125,0.2858150899410248,0.0841657966375351,0.09622504767470473,0.04515043443056869,2261.2325445758984,664.209909469529,2456.229358203978,360.40046959656496,4878.987229715182,1445.2175137175611,0.022245876491069794,0.024535922333598137,-24.20493507385254,89.69203186035156,-4.518983840942383,22.62603759765625,0.19313104450702667,14.282169342041016,1.9665604829788208,0.3457633852958679,-1.1522053480148315,7.359524250030518,-4.190771102905273,6.035760879516602,3.977958917617798,0.3374241590499878,0.5139715075492859,0.3697274923324585,0.443197101354599,0.47814691066741943,0.3471316695213318,0.45438119769096375,0.37077054381370544,0.523271918296814,0.4421505331993103,0.30087289214134216,0.3518260419368744,1.3738713264465332,1.6609505414962769
Legião Urbana,Rock,ytsearch1:Legião Urbana official audio,66.86,10,16.874,22050,92.28515625,0.11048100888729095,0.02268877625465393,0.11177409301925723,0.056345276424126685,2708.8203706066697,823.6419691658897,2702.508260496429,363.02209125331296,5837.067867735557,1392.0418800383095,0.03741166368126869,0.03656330332159996,-105.28977966308594,72.13799285888672,13.619532585144043,42.54187774658203,4.646549701690674,13.933738708496094,-1.2233468294143677,16.73220443725586,-4.807855129241943,2.991419792175293,1.6216764450073242,4.37016487121582,2.586240291595459,0.5012338161468506,0.43784311413764954,0.4905663728713989,0.41202983260154724,0.48559918999671936,0.4505339562892914,0.417754203081131,0.44568124413490295,0.3336470425128937,0.3449189364910126,0.400259792804718,0.5029486417770386,1.2790757417678833,1.4213478565216064
AC/DC,Rock,ytsearch1:AC/DC official audio,79.11,10,19.074,22050,123.046875,0.20109626650810242,0.06677592545747757,0.10981219586374696,0.054656796134641514,1968.0051642917617,667.7565052937762,1900.7889241706466,396.41023839794025,3796.9036018761403,1203.8370449923361,0.0119822658598423,0.022284135222434998,-84.73886108398438,107.25460815429688,-31.01884651184082,53.57725143432617,4.8075761795043945,12.786283493041992,-1.1610867977142334,4.716853141784668,5.615502834320068,4.876189231872559,-2.385160207748413,6.132826805114746,0.6973180174827576,0.26693257689476013,0.290849506855011,0.30508190393447876,0.31988218426704407,0.4020622670650482,0.28917351365089417,0.25713297724723816,0.29013240337371826,0.3682181239128113,0.48416849970817566,0.5217681527137756,0.5338405966758728,1.3922529220581055,2.1011364459991455
Genki Rockets,Rock,ytsearch1:Genki Rockets official audio,399.24,10,19.174,22050,129.19921875,0.22074858844280243,0.062159739434719086,0.07186601467917676,0.033468472010250036,1901.0516501516147,375.0960006792527,2215.107650454809,281.2615357303209,4016.5941141419494,942.9225327786215,0.014724412932991982,0.016567999497056007,-52.768856048583984,106.20382690429688,-16.23837661743164,21.07715606689453,-0.6882071495056152,13.801568984985352,4.007230758666992,8.618775367736816,-1.3885337114334106,2.9503750801086426,-1.2111412286758423,9.37979793548584,7.82879114151001,0.8073310256004333,0.46453991532325745,0.4348410665988922,0.3323207497596741,0.3853038549423218,0.3076742887496948,0.3271571099758148,0.471571147441864,0.39021751284599304,0.4301384389400482,0.39570003747940063,0.5852459669113159,1.3586819171905518,1.4170966148376465
Tom Harmon,Rock,ytsearch1:Tom Harmon official audio,53.51,10,13.474,22050,135.99917763157896,0.21834948658943176,0.06951949745416641,0.06210248359509466,0.03082624914409298,1912.8961460683995,671.4066370240954,2496.64080219056,538.0066407881444,4320.9096150225905,1929.82724773818,0.012086412869393826,0.016810372471809387,-78.60262298583984,115.78617095947266,8.290014266967773,16.53577423095703,14.215633392333984,-5.187971591949463,3.8405799865722656,3.2227742671966553,-2.2865140438079834,7.337966442108154,-0.25067704916000366,3.9216959476470947,-4.379086494445801,0.3443729281425476,0.2802976965904236,0.2620376646518707,0.34880736470222473,0.3702647387981415,0.5988345742225647,0.3166644275188446,0.31982192397117615,0.5698031187057495,0.315372109413147,0.28157955408096313,0.29065757989883423,1.1233906745910645,0.8220000863075256
Charli xcx,Rock,ytsearch1:Charli xcx official audio,51.4,10,11.374,22050,95.703125,0.26676660776138306,0.05281923711299896,0.05643634406887755,0.02752319916791999,1807.6771939129092,638.7733733591523,2598.054933883046,415.7951506565601,3735.703125,1957.864963446587,0.0057080877013504505,0.008624427951872349,-87.8348159790039,121.75858306884766,19.972978591918945,-1.8345178365707397,2.1927566528320312,-8.974502563476562,17.1314697265625,-7.615318775177002,15.280710220336914,4.454885959625244,-12.321537971496582,-0.03961082175374031,-3.025926351547241,0.8123672604560852,0.3686026632785797,0.16773837804794312,0.187726691365242,0.46725788712501526,0.3337561786174774,0.1966547667980194,0.3701915442943573,0.18840637803077698,0.18004082143306732,0.1713649481534958,0.44880303740501404,1.2109386920928955,1.018512487411499
Queen,Rock,ytsearch1:Queen official audio,95.26,10,15.274,22050,107.666015625,0.172657772898674,0.09735443443059921,0.11016456117021277,0.05697919111155277,2282.156431600631,853.2585521492123,2295.04597421332,544.4428563935132,4570.160561419548,1760.3224228786553,0.03295974060893059,0.051513154059648514,-110.09227752685547,91.53778839111328,-14.646653175354004,30.886568069458008,8.069901466369629,8.188558578491211,10.22718334197998,5.413050174713135,-2.5365588665008545,7.279068946838379,-2.271390914916992,-2.0890724658966064,-3.2497966289520264,0.4913882911205292,0.3370228409767151,0.32818275690078735,0.3675447702407837,0.39785635471343994,0.5402647256851196,0.4442675709724426,0.43414556980133057,0.4220740497112274,0.46968576312065125,0.4579671323299408,0.46838587522506714,2.008122682571411,3.400902271270752
Rita Lee,Rock,ytsearch1:Rita Lee official audio,96.54,10,16.474,22050,92.28515625,0.06362857669591904,0.023030446842312813,0.09649469080105634,0.04146079651219963,2158.3413582450353,547.9846551870578,2333.2239680898747,328.7715428412742,4588.437465613996,1173.3057640619243,0.0178475733846426,0.022380398586392403,-162.775146484375,96.6810073852539,-8.877456665039062,27.37884521484375,-2.0144550800323486,4.782526969909668,-6.221383094787598,1.5567429065704346,-12.544506072998047,0.4822685122489929,-8.716705322265625,-2.401456832885742,-10.259592056274414,0.2597246766090393,0.44018134474754333,0.5389699339866638,0.33847880363464355,0.38632306456565857,0.28622251749038696,0.41900452971458435,0.3334782123565674,0.2619457542896271,0.3055175244808197,0.18101857602596283,0.21849550306797028,1.0887755155563354,0.9900640249252319
Rock Danger,Rock,ytsearch1:Rock Danger official audio,167.91,10,17.874,22050,123.046875,0.4258319139480591,0.1652572900056839,0.06889077719155844,0.06065085996769987,2145.1172288586067,848.4718296550825,2452.692252007102,452.0177183945293,4623.262606534091,1830.92481455709,0.024302979931235313,0.0464760884642601,-18.37666130065918,97.07089233398438,-8.349398612976074,1.1711349487304688,1.4125419855117798,6.642975807189941,-0.8986783027648926,10.346232414245605,-9.360459327697754,-0.3386373817920685,4.753777027130127,0.3556901514530182,-0.32509639859199524,0.413136750459671,0.4504757523536682,0.49776691198349,0.5177979469299316,0.5306646823883057,0.5015095472335815,0.4599229693412781,0.42870816588401794,0.47519445419311523,0.5382373332977295,0.47699397802352905,0.4155421555042267,1.8166345357894897,2.1139092445373535
Raul Seixas,Rock,ytsearch1:Raul Seixas official audio,124.84,10,14.774,22050,135.99917763157896,0.21757610142230988,0.051139332354068756,0.07489253213304553,0.041988435167850544,2027.5024987821785,707.3035211364138,2449.666882021389,416.61266778715634,4586.386343149038,1471.8912357223746,0.014699151739478111,0.021847834810614586,-72.21635437011719,100.11772918701172,13.192084312438965,29.348134994506836,2.027740716934204,7.641041278839111,4.476655006408691,-0.47634491324424744,-6.377848148345947,5.97582483291626,-6.299729347229004,5.848509788513184,-7.593280792236328,0.2231830507516861,0.19794851541519165,0.3032747805118561,0.34412652254104614,0.31145018339157104,0.2800218164920807,0.2702542841434479,0.3426578938961029,0.33119314908981323,0.49177050590515137,0.4445292055606842,0.3454630672931671,1.4089714288711548,1.3581254482269287
woming pai music,Rock,ytsearch1:woming pai music official audio,95.49,10,15.474,22050,143.5546875,0.0960170179605484,0.023709852248430252,0.09861963549475262,0.030948029315935086,2315.5599498717343,399.45076906994746,2404.8167457018667,276.3478546943137,5032.571067981634,777.6372817491622,0.02703315205872059,0.021720968186855316,-102.91545867919922,90.36758422851562,-11.390802383422852,39.556182861328125,2.741626024246216,20.671157836914062,-3.8431413173675537,1.9171286821365356,0.39651739597320557,0.6089666485786438,-3.5764904022216797,-2.3070828914642334,-3.5109691619873047,0.4396297335624695,0.40468829870224,0.4860060214996338,0.3901095986366272,0.3810490369796753,0.3532642722129822,0.41586801409721375,0.5477954745292664,0.44549790024757385,0.490115225315094,0.4806327223777771,0.4138364791870117,1.1014469861984253,0.9002383947372437
Bon Jovi,Rock,ytsearch1:Bon Jovi official audio,142.96,10,12.974,22050,123.046875,0.23511238396167755,0.03662051260471344,0.15671382351296959,0.04075636991130012,2978.235618093607,388.2718343770532,2707.309804154393,183.57207768915958,6102.602215870975,658.3942593069037,0.07004982233047485,0.03902260214090347,17.842859268188477,64.62776947021484,-2.3543529510498047,33.5011100769043,0.37998878955841064,11.495736122131348,0.6668578386306763,6.84728479385376,-3.174694299697876,6.90402364730835,4.235774517059326,0.11175425350666046,-6.2328972816467285,0.39062461256980896,0.41823336482048035,0.6139045357704163,0.5603698492050171,0.5848660469055176,0.45577818155288696,0.4821252226829529,0.6374772191047668,0.3785287141799927,0.35814207792282104,0.3409688472747803,0.4420835077762604,1.1569372415542603,1.0011444091796875
Imagine Dragons,Rock,ytsearch1:Imagine Dragons official audio,127.22,10,17.174,22050,123.046875,0.34638258814811707,0.057982269674539566,0.09797165329391892,0.031240726011590888,2429.404521878774,468.3393333915668,2489.779329165805,309.8385479064094,5118.151393581081,1145.49055642895,0.03591174632310867,0.033314671367406845,26.158023834228516,84.88862609863281,-18.910274505615234,23.836650848388672,12.296456336975098,9.011378288269043,-2.989488363265991,12.148984909057617,3.5308725833892822,6.245387554168701,4.104705810546875,5.404120922088623,5.748143196105957,0.524174153804779,0.5471933484077454,0.354814350605011,0.4127487540245056,0.42737850546836853,0.4197448790073395,0.39407774806022644,0.41763177514076233,0.4469291865825653,0.5076494216918945,0.516539990901947,0.40065571665763855,1.2658650875091553,1.2534313201904297
Snohia,Rock,ytsearch1:Snohia official audio,76.98,10,16.974,22050,67.99958881578948,0.15409694612026215,0.05229521542787552,0.02893216698016416,0.009091137930951843,652.2230819985891,181.044842182574,970.3497839552404,206.88640198710684,1274.376790141929,553.9046171278293,5.272440466796979e-05,0.00016813489492051303,-223.09104919433594,195.0669403076172,-5.98534631729126,45.94620132446289,9.204245567321777,6.8070759773254395,15.427970886230469,-4.196986675262451,11.165021896362305,4.060504913330078,-0.9238030910491943,-2.472843885421753,-3.243178129196167,0.47848063707351685,0.46004435420036316,0.321231484413147,0.44051042199134827,0.35894298553466797,0.46180853247642517,0.229427307844162,0.2715487480163574,0.3377079963684082,0.18752363324165344,0.3078085482120514,0.2569996416568756,0.8528745174407959,0.8985505104064941
Rockabye Baby!,Rock,ytsearch1:Rockabye Baby! official audio,165.21,10,15.174,22050,103.359375,0.2708289921283722,0.08940567821264267,0.13341874522171254,0.07089997406708934,2863.3701428654335,907.8177452787519,2805.1515251504625,401.95139524143224,6039.503744982798,1891.1888474962188,0.047942548990249634,0.058097969740629196,-14.733410835266113,77.48558044433594,-8.702723503112793,2.128563404083252,4.840566635131836,-4.431124210357666,11.665152549743652,0.17024143040180206,-1.766209363937378,4.866607189178467,-8.73774242401123,5.112364292144775,-1.5524461269378662,0.3912440836429596,0.25119438767433167,0.29929718375205994,0.24368342757225037,0.4212280213832855,0.21943403780460358,0.21284927427768707,0.3540882468223572,0.2768831253051758,0.44127213954925537,0.25847238302230835,0.3791123628616333,1.6421476602554321,1.5851497650146484
Samba De Raiz,Samba,ytsearch1:Samba De Raiz official audio,35.52,10,15.474,22050,95.703125,0.12730972468852997,0.04275382682681084,0.12403295422601199,0.039265533048097066,2712.7774400852772,490.1078545557744,2763.463656791798,331.26511870637376,6021.807065217391,1147.1919442926262,0.052701398730278015,0.03548984229564667,-61.06369400024414,80.54097747802734,-3.121596336364746,7.16911506652832,-8.448162078857422,-6.477745532989502,-11.663701057434082,-7.331395149230957,-11.722908020019531,-1.9194767475128174,-3.6496410369873047,-2.250727415084839,-2.340456962585449,0.3693462312221527,0.3318023979663849,0.33552202582359314,0.33409583568573,0.4015706479549408,0.36764347553253174,0.4244358241558075,0.5380115509033203,0.48190000653266907,0.4894239008426666,0.3649439513683319,0.4614409804344177,1.4315900802612305,1.46931791305542
Zeca Pagodinho,Samba,ytsearch1:Zeca Pagodinho official audio,111.27,10,11.274,22050,92.28515625,0.24036787450313568,0.07030508667230606,0.07285839441872428,0.04029926433885071,2138.3224880561256,625.9859336958746,2616.864547359367,373.2330935965882,5021.910716869213,1464.489379153318,0.017346041277050972,0.023225046694278717,-57.3844108581543,95.5241928100586,19.291465759277344,27.290935516357422,4.939248085021973,0.7435475587844849,-10.1536283493042,0.5589845180511475,-8.947625160217285,-0.04411698877811432,-4.557275772094727,-0.2719690203666687,0.4353443682193756,0.4158182740211487,0.3209148347377777,0.34870973229408264,0.25775209069252014,0.20521995425224304,0.25427064299583435,0.3120277523994446,0.469771146774292,0.5561333894729614,0.4198743402957916,0.4904874861240387,0.385877400636673,1.4219872951507568,1.4196707010269165
Péricles,Samba,ytsearch1:Péricles official audio,93.87,10,13.874,22050,129.19921875,0.2965792715549469,0.0526786744594574,0.10196912886705686,0.04363967390758354,2565.3038465241825,718.6976380237918,2850.2685765335377,397.3412520587951,6127.420584892349,1656.2833316631131,0.022470975294709206,0.021986359730362892,-20.33814239501953,87.4457015991211,19.458267211914062,16.393259048461914,11.154741287231445,-1.9805535078048706,-3.8414759635925293,5.378076553344727,-10.390703201293945,7.838050842285156,-5.965855598449707,2.531773805618286,-0.45301058888435364,0.3211289644241333,0.19757021963596344,0.1840921938419342,0.34941038489341736,0.602167546749115,0.2808224856853485,0.31908899545669556,0.2219606190919876,0.33122915029525757,0.26018112897872925,0.22144818305969238,0.40681546926498413,1.4823611974716187,1.258167028427124
Belo,Samba,ytsearch1:Belo official audio,166.56,10,16.574,22050,143.5546875,0.2031220942735672,0.05921782925724983,0.09846252954306722,0.03767652097101005,2523.040952565365,659.4427901413648,2916.673406751057,384.61815790165264,6181.899126838235,1420.934490746501,0.02487712912261486,0.026886429637670517,-56.46017837524414,90.39875793457031,29.966508865356445,11.043218612670898,4.681110858917236,11.314499855041504,-6.775301933288574,2.6355865001678467,-1.3283491134643555,1.1145870685577393,-1.569348931312561,-1.2456482648849487,-3.8730502128601074,0.2436242550611496,0.22359707951545715,0.3296525478363037,0.26978349685668945,0.4219318926334381,0.2809129059314728,0.47351720929145813,0.5792619585990906,0.28942498564720154,0.30260735750198364,0.24365390837192535,0.35170692205429077,1.3226323127746582,1.0729464292526245
G.R.E.S. Salgueiro,Samba,ytsearch1:G.R.E.S. Salgueiro official audio,47.5,10,17.474,22050,143.5546875,0.13525737822055817,0.03454190865159035,0.13801888798970782,0.044408337441907295,2780.7012443569583,406.72605621024184,2575.2014152047436,237.69119479389073,5845.135084661355,772.6929191324565,0.04089700058102608,0.03164958581328392,-49.7474250793457,70.24063873291016,-13.99373722076416,26.671110153198242,-2.27864670753479,13.048933029174805,-6.205875873565674,12.035465240478516,-2.3002543449401855,9.711078643798828,3.2690372467041016,4.693782329559326,2.3606927394866943,0.5601056218147278,0.5478216409683228,0.5323873162269592,0.448268324136734,0.45814454555511475,0.43975043296813965,0.4584232270717621,0.451734334230423,0.5083063840866089,0.5128814578056335,0.4372303783893585,0.51805579662323,1.3610451221466064,1.0493959188461304
Bibhuti Patnaik,Samba,ytsearch1:Bibhuti Patnaik official audio,146.37,10,16.374,22050,103.359375,0.12061189860105515,0.04628828540444374,0.052703943873937675,0.02198600237630158,1042.3381267338807,279.7480042415106,1386.784730993227,379.63308059569715,1766.0734095586934,984.2946480096655,0.0004588164738379419,0.0007578759104944766,-243.072265625,162.2247772216797,2.8598015308380127,20.084732055664062,-5.643620491027832,16.293781280517578,-4.658173561096191,14.648115158081055,-17.9295654296875,4.5059404373168945,-2.394259214401245,0.5516760945320129,2.1103708744049072,0.2799609899520874,0.3955528438091278,0.2823413610458374,0.3360852599143982,0.33688732981681824,0.2856874167919159,0.2950408458709717,0.16434846818447113,0.1598358005285263,0.14394120872020721,0.13894422352313995,0.18160796165466309,1.8475230932235718,1.414061427116394
Samba De Dom,Samba,ytsearch1:Samba De Dom official audio,89.5,10,19.474,22050,143.5546875,0.17811213433742523,0.07447246462106705,0.13534644107568533,0.10044438407199834,2793.2795384452093,1067.5202648094287,2613.8681361230124,370.11006452980877,5922.156998426326,1351.4458664857473,0.023781605064868927,0.03022334910929203,-90.87153625488281,76.68441009521484,8.00259780883789,-19.06644630432129,-38.913665771484375,13.039421081542969,-18.46908950805664,2.7055087089538574,-6.521625995635986,1.9592652320861816,-5.942239761352539,-4.032310485839844,-7.781772613525391,0.28801992535591125,0.2526927590370178,0.3984375596046448,0.2366836816072464,0.2760528028011322,0.33321666717529297,0.2801523506641388,0.2972608506679535,0.2549329996109009,0.32624033093452454,0.23616470396518707,0.2046273946762085,1.2654393911361694,0.8730970025062561
Tiee,Samba,ytsearch1:Tiee official audio,215.56,10,15.574,22050,172.265625,0.2859257757663727,0.06788798421621323,0.07866276429769002,0.03522272602696724,2396.228675760414,583.5005548649816,2899.7579617246656,288.0820066500659,5957.958111144747,1297.935788959907,0.021186567842960358,0.02306135930120945,-34.656837463378906,88.66813659667969,25.55772590637207,18.695384979248047,15.001471519470215,6.911113739013672,-5.490375518798828,-0.1966877430677414,-7.612435817718506,1.0899490118026733,-3.1296393871307373,-0.16441193222999573,-5.732975482940674,0.3375741243362427,0.3325011134147644,0.5115614533424377,0.3422301411628723,0.3321007788181305,0.3757605254650116,0.27510106563568115,0.35849320888519287,0.35498300194740295,0.4240116775035858,0.2703516185283661,0.21888162195682526,1.4661962985992432,1.3472307920455933
Cartola,Samba,ytsearch1:Cartola official audio,109.58,10,19.574,22050,95.703125,0.18431949615478516,0.052991464734077454,0.08179203273279953,0.04886010669141853,2016.844264475913,814.3269718253341,2376.357965267173,614.0211077284279,4407.065047403247,2078.9954557446545,0.019223652780056,0.028374027460813522,-74.668212890625,113.50897216796875,3.334152936935425,19.76769256591797,8.954497337341309,3.4522507190704346,-1.6824469566345215,-0.4315197169780731,-14.17665958404541,1.8468090295791626,-5.866807460784912,2.759272813796997,-4.898890018463135,0.27139604091644287,0.264920175075531,0.35693567991256714,0.3415870666503906,0.3139069676399231,0.3479892313480377,0.38161981105804443,0.5139167308807373,0.3994210958480835,0.30142292380332947,0.3144271671772003,0.2849237322807312,1.705851435661316,1.5301519632339478
Grupo Menos É Mais,Samba,ytsearch1:Grupo Menos É Mais official audio,69.49,10,19.474,22050,117.45383522727273,0.29178130626678467,0.06989327818155289,0.0911211961784863,0.0613152408038887,2605.7189869063427,919.5460150925735,2890.2169317929297,469.631860738879,5976.182496135652,1973.7352068748744,0.033284228295087814,0.04372212290763855,-31.54072380065918,81.84053039550781,22.18624496459961,21.05936622619629,3.9435770511627197,-2.1787829399108887,0.36758488416671753,-2.5585014820098877,-4.579892635345459,1.1291619539260864,-4.777904987335205,2.9310965538024902,-4.49819803237915,0.25223639607429504,0.3104342520236969,0.4002233147621155,0.2910054326057434,0.37664541602134705,0.33846959471702576,0.49162378907203674,0.44627195596694946,0.4192412495613098,0.48448413610458374,0.2813953459262848,0.3335457146167755,1.6964027881622314,1.895587682723999
Jorge Aragão,Samba,ytsearch1:Jorge Aragão official audio,112.43,10,12.374,22050,107.666015625,0.22664636373519897,0.06429341435432434,0.07298476342636022,0.03136031596049412,2268.4149768472253,659.2580259196758,2766.8621083422404,436.2882438124695,5483.79579583431,1715.5504185086509,0.02148563414812088,0.022456275299191475,-59.217830657958984,94.13298797607422,23.507526397705078,18.84215545654297,5.801647663116455,7.440781593322754,-2.348628282546997,-5.022867202758789,-13.63548755645752,-4.125356674194336,-8.196390151977539,-7.6971354484558105,-8.640263557434082,0.3959886133670807,0.2770751118659973,0.23596863448619843,0.31220749020576477,0.29207369685173035,0.30450960993766785,0.24671411514282227,0.30569425225257874,0.5221972465515137,0.3813619017601013,0.37375593185424805,0.3601192235946655,1.6216260194778442,1.812950849533081
Samba da Ladeira,Samba,ytsearch1:Samba da Ladeira official audio,3741.56,10,11.574,22050,112.34714673913044,0.2351861149072647,0.08104120194911957,0.07232629321142285,0.05359416345408286,2168.8935001377654,770.4529482656583,2682.507709464395,387.8794812796589,5070.918301446643,1657.0880067610858,0.017740637063980103,0.02468467876315117,-67.5588150024414,96.56133270263672,23.603649139404297,24.078035354614258,7.571144104003906,3.5056660175323486,-9.020524978637695,1.0444765090942383,-2.3998775482177734,-6.786470413208008,-5.380617141723633,-1.2036737203598022,-5.91333532333374,0.21636366844177246,0.2133813500404358,0.21407929062843323,0.26170191168785095,0.2830030620098114,0.39137551188468933,0.41119036078453064,0.669194757938385,0.6247338652610779,0.3278858959674835,0.24959054589271545,0.18021617829799652,1.461471676826477,1.5296111106872559
Arlindo Cruz,Samba,ytsearch1:Arlindo Cruz official audio,252.7,10,12.674,22050,99.38401442307692,0.27313733100891113,0.08006048947572708,0.07876978165064102,0.026299373796547693,2164.8532496998155,538.3027342838685,2554.5351212007563,380.25078292633333,5044.271146334135,1251.6608814169117,0.017546318471431732,0.01748483255505562,-35.06959533691406,94.68438720703125,18.212926864624023,33.480892181396484,-1.2000446319580078,8.902812004089355,-4.86733341217041,-3.138962984085083,-4.270438194274902,1.400072693824768,3.261110305786133,4.418071269989014,-5.666816234588623,0.38426029682159424,0.27145153284072876,0.36367589235305786,0.3458513021469116,0.533349871635437,0.27066493034362793,0.24226248264312744,0.3623668849468231,0.2843465507030487,0.4120185077190399,0.26488107442855835,0.29067903757095337,1.449068546295166,1.2906862497329712
Samba de Caboclo,Samba,ytsearch1:Samba de Caboclo official audio,1310.11,10,10.074,22050,107.666015625,0.20064230263233185,0.04364052042365074,0.08010062644009217,0.030918108732849555,2492.2279736896353,600.52031245578,2911.6539793700294,354.67000851167086,6086.727019279234,1347.4439310295545,0.025585420429706573,0.02169148623943329,-56.07957077026367,87.50264739990234,25.951446533203125,17.46710777282715,2.542940139770508,10.499363899230957,1.4901893138885498,-1.2676650285720825,-6.711989402770996,-2.3098814487457275,-3.1244711875915527,1.7124451398849487,0.02305757813155651,0.3873361051082611,0.3681180775165558,0.5273547768592834,0.3433419167995453,0.29926174879074097,0.2420400083065033,0.33041080832481384,0.47099781036376953,0.26402580738067627,0.2579597234725952,0.2579592764377594,0.43429017066955566,1.4714502096176147,1.3606864213943481
Samba de Coco Raizes de Arcoverde,Samba,ytsearch1:Samba de Coco Raizes de Arcoverde official audio,113.92,10,13.874,22050,129.19921875,0.21260344982147217,0.08669189363718033,0.16439890781772576,0.09774660993179245,3195.1657788443704,858.8881744217896,2836.699205045606,389.56510446743744,6552.305250901442,1495.2826485517455,0.048728812485933304,0.051734019070863724,-54.285945892333984,48.02199935913086,-13.818930625915527,4.905234336853027,-0.5503537058830261,4.077478408813477,10.94724178314209,7.42832612991333,-4.098152160644531,7.743049621582031,-1.6821497678756714,0.9283649325370789,-3.9196937084198,0.5228374600410461,0.5867069959640503,0.3298536539077759,0.22315770387649536,0.16750289499759674,0.21699360013008118,0.1790674328804016,0.22522860765457153,0.39899590611457825,0.23202915489673615,0.2703377604484558,0.3666500151157379,2.0168662071228027,2.1446473598480225
Zeca Baleiro,Samba,ytsearch1:Zeca Baleiro official audio,208.2,10,18.174,22050,92.28515625,0.33225035667419434,0.09494118392467499,0.042550312300447,0.027676917973115476,1522.1223054092138,838.6163340358664,2102.178861303222,656.6154620657725,3231.768027119253,2233.6735994281967,0.008778240531682968,0.0188574381172657,-73.93842315673828,134.10475158691406,22.32131004333496,27.25690460205078,10.025028228759766,0.3052060306072235,-7.6155571937561035,9.572638511657715,-2.4760682582855225,5.178297519683838,-1.4330083131790161,5.789763450622559,-2.1929705142974854,0.37036776542663574,0.4383476972579956,0.35943400859832764,0.41097894310951233,0.4598333239555359,0.3240980803966522,0.2714499235153198,0.3335302770137787,0.6493514776229858,0.5864927172660828,0.3558253347873688,0.3337462246417999,1.5964269638061523,2.082258462905884
Melly,Samba,ytsearch1:Melly official audio,57.19,10,17.174,22050,112.34714673913044,0.25270095467567444,0.11863081902265549,0.11871304898648649,0.08109263640620265,2722.830591528676,1144.3792750350603,2703.014120053997,565.466272629679,5583.574119774071,2263.7553141966537,0.03411012515425682,0.050378669053316116,-62.389671325683594,77.89839172363281,-4.209830284118652,7.509098052978516,11.723791122436523,-6.3560872077941895,-3.7783358097076416,-12.355661392211914,-10.84605598449707,1.988700270652771,-17.281389236450195,4.855027198791504,-14.015751838684082,0.4154073894023895,0.33700212836265564,0.46620509028434753,0.3595917522907257,0.3510688543319702,0.40011921525001526,0.3429432213306427,0.33979108929634094,0.3082767724990845,0.44638049602508545,0.33746305108070374,0.31559693813323975,1.9776053428649902,2.034323215484619
Samba de Cosme,Samba,ytsearch1:Samba de Cosme official audio,2818.79,10,18.774,22050,99.38401442307692,0.2813546359539032,0.09350273013114929,0.0707549105763288,0.034162269710666854,2202.302661159216,628.7489931882935,2796.357903791579,389.12498288661817,5428.203764775186,1637.228920378615,0.017165133729577065,0.017868459224700928,-42.95906448364258,97.76846313476562,26.11791229248047,18.331256866455078,11.976277351379395,6.483211994171143,-5.163849353790283,0.742221474647522,-3.7409658432006836,-1.6508917808532715,-2.541980028152466,0.16846159100532532,-4.606477737426758,0.317236989736557,0.4135908782482147,0.3544134497642517,0.3226153552532196,0.37067344784736633,0.32362473011016846,0.43867188692092896,0.4232308864593506,0.43980348110198975,0.32190436124801636,0.2639187276363373,0.3576127886772156,1.4259135723114014,1.344839334487915
Mr. Dan,Samba,ytsearch1:Mr. Dan official audio,102.86,10,12.874,22050,86.1328125,0.09597206115722656,0.0394570529460907,0.07983090512387388,0.06777569247810271,2160.3804248125452,928.3121675585111,2482.0857253967833,376.15952653153124,4867.144082559122,1576.1371955828229,0.015877073630690575,0.03401760384440422,-178.5634002685547,89.99456787109375,18.48860740661621,37.931636810302734,3.007506847381592,20.272384643554688,0.4657456874847412,9.6090726852417,-1.9855831861495972,5.635705471038818,4.206153392791748,7.935624122619629,-0.4316825568675995,0.4869329631328583,0.36341914534568787,0.40688493847846985,0.561305820941925,0.48686566948890686,0.4650777280330658,0.40358057618141174,0.4651712477207184,0.37564799189567566,0.321029394865036,0.3964651823043823,0.39222806692123413,1.7036086320877075,1.8685330152511597
Zé Neto & Cristiano,Sertanejo,ytsearch1:Zé Neto & Cristiano official audio,66.36,10,16.374,22050,107.666015625,0.28149306774139404,0.08116431534290314,0.0900671421299575,0.039898515618039795,2124.34058183008,609.5131354550346,2435.1827900208978,388.1739422333945,4390.562166640846,1532.8750246565999,0.021594077348709106,0.03132495656609535,-21.7045841217041,105.2267837524414,-7.222522258758545,10.685903549194336,9.305265426635742,3.0592424869537354,2.5027053356170654,9.06020450592041,-3.667691469192505,5.209469795227051,3.770563840866089,3.713327407836914,-10.741124153137207,0.24712395668029785,0.2634694278240204,0.3453780710697174,0.3224964141845703,0.511173665523529,0.36199766397476196,0.34068647027015686,0.2826228439807892,0.2905687689781189,0.39933866262435913,0.31688645482063293,0.37674710154533386,1.3991508483886719,1.3323661088943481
Panda,Sertanejo,ytsearch1:Panda official audio,195.42,10,15.374,22050,143.5546875,0.322668194770813,0.15933585166931152,0.09098454586161388,0.07988360819684884,2430.022625939492,1113.2481649970732,2398.085868304721,466.6020489166563,4890.765298006222,1902.8167618138086,0.033741142600774765,0.059257861226797104,-48.4764404296875,76.48997497558594,-11.312102317810059,27.939697265625,8.0719633102417,16.664058685302734,-3.124937057495117,1.2879208326339722,0.5747239589691162,12.38546085357666,2.841899871826172,15.009760856628418,5.22970724105835,0.5025444626808167,0.43201106786727905,0.4600122272968292,0.5637071132659912,0.6601908802986145,0.5899885892868042,0.5091825127601624,0.47050076723098755,0.5094892978668213,0.5164133906364441,0.5642123222351074,0.5793858170509338,1.983841061592102,2.0632729530334473
Henrique & Juliano,Sertanejo,ytsearch1:Henrique & Juliano official audio,139.77,10,19.774,22050,103.359375,0.27906912565231323,0.10409384965896606,0.08521997872652583,0.04948844532321278,2033.2368090758687,783.2439185602858,2303.334695694998,508.97579364981794,4311.316261828785,1722.9885403891055,0.018791118636727333,0.028766218572854996,-32.92793655395508,105.81490325927734,-4.879922866821289,18.176870346069336,-7.681625843048096,13.377596855163574,10.95231819152832,15.07123851776123,1.8134536743164062,5.174310207366943,-0.46179628372192383,0.29871320724487305,-2.8974952697753906,0.3682394027709961,0.5065390467643738,0.36531955003738403,0.24862301349639893,0.21548855304718018,0.38472017645835876,0.5836706757545471,0.4021117091178894,0.37711888551712036,0.3977154791355133,0.45566144585609436,0.39352932572364807,1.1204699277877808,0.8766095042228699
Ana Castela,Sertanejo,ytsearch1:Ana Castela official audio,59.05,10,18.974,22050,107.666015625,0.30439886450767517,0.09003359824419022,0.11818017936277506,0.06946656976034121,2714.519227151563,774.6611493196067,2808.824096612269,352.9649472171775,6125.367076472723,1458.0879561117747,0.03850874304771423,0.044939104467630386,-3.672987699508667,79.47657012939453,2.622828483581543,16.020130157470703,3.497642993927002,1.4611701965332031,4.461352348327637,1.7636160850524902,-3.762843132019043,8.232548713684082,-4.289505958557129,5.972522735595703,-5.923849582672119,0.3048698306083679,0.31891930103302,0.5485610365867615,0.40407970547676086,0.317518413066864,0.521345317363739,0.3108340799808502,0.33417731523513794,0.25071075558662415,0.3214882016181946,0.3779153525829315,0.25604578852653503,1.3259563446044922,1.03111732006073
Novas Músicas Sertanejas,Sertanejo,ytsearch1:Novas Músicas Sertanejas official audio,864.83,10,14.774,22050,161.4990234375,0.2548036575317383,0.06893642991781235,0.09102191056711147,0.04043703894570067,2272.4589245270818,684.1223073910228,2568.3337225596442,408.1726395355028,5063.057767427885,1610.598819774333,0.019853152334690094,0.02388901449739933,-39.996944427490234,94.03768920898438,11.285381317138672,30.145858764648438,8.4088773727417,8.572894096374512,-1.023315668106079,13.067294120788574,-13.972591400146484,0.9194913506507874,-1.2356740236282349,-2.5689990520477295,-4.917190074920654,0.3590615391731262,0.2277245819568634,0.3899759352207184,0.27182677388191223,0.20603659749031067,0.19435347616672516,0.28792843222618103,0.4693250060081482,0.33645159006118774,0.3488859534263611,0.34831660985946655,0.5435751080513,1.413417100906372,1.3533189296722412
Sertanejo Play,Sertanejo,ytsearch1:Sertanejo Play official audio,94.76,10,14.774,22050,92.28515625,0.13856911659240723,0.04481063783168793,0.11348821379513344,0.07711324552467504,2769.923028583353,848.8320027604245,2806.08879405346,348.2498282876362,6025.679837740385,1551.9677053145615,0.038587622344493866,0.05674847215414047,-97.33910369873047,69.03348541259766,-0.7041170597076416,16.27617835998535,7.851022720336914,-2.8937134742736816,-1.3384764194488525,-4.249528884887695,-11.53577709197998,1.2859469652175903,-0.9045624732971191,-5.023386001586914,-1.3380095958709717,0.2667672038078308,0.26176679134368896,0.22215388715267181,0.3817504644393921,0.3979491591453552,0.24290718138217926,0.3188224136829376,0.24290087819099426,0.31694573163986206,0.3030194640159607,0.28810837864875793,0.39980006217956543,1.5421067476272583,1.4644490480422974
Zezé Di Camargo & Luciano,Sertanejo,ytsearch1:Zezé Di Camargo & Luciano official audio,218.79,10,18.774,22050,143.5546875,0.29586851596832275,0.05238163843750954,0.10740195747064277,0.042831521220620505,2479.210039469754,591.7344749581454,2526.0088381534442,304.95283143860905,5248.338968585831,1113.9231598912156,0.033165331929922104,0.0322553776204586,5.344933032989502,82.73946380615234,-4.835235118865967,31.559192657470703,2.321901321411133,11.74015998840332,2.7169911861419678,8.096623420715332,-0.053967904299497604,3.145045518875122,-1.3800281286239624,1.3619663715362549,-1.5298820734024048,0.3334548771381378,0.39468297362327576,0.3588882386684418,0.4249037504196167,0.4353252947330475,0.3153069019317627,0.44809097051620483,0.39212948083877563,0.4307720363140106,0.363753080368042,0.33853989839553833,0.4065820574760437,1.2658659219741821,1.071498990058899
Bruno & Marrone,Sertanejo,ytsearch1:Bruno & Marrone official audio,43.86,10,13.874,22050,95.703125,0.16477593779563904,0.07294505089521408,0.09536345108695653,0.06597656490961439,2164.8068339468205,966.6089573441435,2335.2533827619504,493.52324385171556,4387.732219377091,1792.0207092695255,0.02061590366065502,0.04120582342147827,-103.70716857910156,90.84213256835938,7.301450729370117,43.307281494140625,13.701685905456543,10.272446632385254,0.37090012431144714,8.607001304626465,-6.955333709716797,2.1229779720306396,-2.667126178741455,-0.9737895727157593,-4.127150535583496,0.34902423620224,0.34100770950317383,0.5306405425071716,0.3042067885398865,0.26592376828193665,0.27432307600975037,0.4671572148799896,0.5708438158035278,0.40261152386665344,0.4382794201374054,0.32450219988822937,0.32009685039520264,1.400338888168335,1.639607548713684
MÚSICAS SERTANEJAS,Sertanejo,ytsearch1:MÚSICAS SERTANEJAS official audio,136.47,10,16.474,22050,123.046875,0.3153252899646759,0.07251039147377014,0.10421090999119718,0.03691256055138669,2303.6817238237572,562.3582024056595,2484.177240312067,340.98584014829225,4896.347106073944,1287.2690615040426,0.020412573590874672,0.022930830717086792,-6.964820384979248,90.15467071533203,-2.3763692378997803,24.551639556884766,1.4764831066131592,9.67994213104248,7.12518310546875,12.065522193908691,-12.020628929138184,5.221380710601807,4.567708969116211,0.6916719675064087,-0.0364418551325798,0.5609184503555298,0.33156272768974304,0.25210195779800415,0.36494356393814087,0.3843553066253662,0.3064958453178406,0.24237994849681854,0.3634984791278839,0.35079386830329895,0.26427605748176575,0.29267260432243347,0.2959682047367096,1.2343863248825073,1.1150977611541748
Jorge & Mateus,Sertanejo,ytsearch1:Jorge & Mateus official audio,103.67,10,13.674,22050,69.83741554054055,0.2781630754470825,0.06873558461666107,0.06785119773981324,0.04505678606731479,2071.761123925951,753.2586675889875,2539.1384957641526,460.25681928200635,4663.108361961481,1770.000832605885,0.017995702102780342,0.03088945336639881,-48.63452911376953,99.10905456542969,13.265801429748535,25.89895248413086,11.287860870361328,11.286917686462402,-0.13097766041755676,6.83329963684082,0.33600395917892456,0.4454909563064575,2.358445644378662,1.6022628545761108,1.3293319940567017,0.22042569518089294,0.36439982056617737,0.4382931888103485,0.3458632826805115,0.2984688878059387,0.2601270079612732,0.38629958033561707,0.40398523211479187,0.3998108208179474,0.4535245895385742,0.3223801851272583,0.324055016040802,1.2709802389144897,1.3569763898849487
Músicas Sertanejas,Sertanejo,ytsearch1:Músicas Sertanejas official audio,68.01,10,17.974,22050,112.34714673913044,0.3305271565914154,0.08735189586877823,0.08458984375,0.052511474480506984,2130.0417628234236,706.0518495661379,2529.1117198500474,378.37092609726534,4579.723317792339,1623.8900617856586,0.016394566744565964,0.0252828411757946,-21.709131240844727,101.53655242919922,8.238018989562988,17.2952880859375,13.282089233398438,2.7938435077667236,-7.470881462097168,4.36443567276001,-5.246097564697266,-1.4900377988815308,1.247849464416504,3.436075210571289,-8.245701789855957,0.27127981185913086,0.28035053610801697,0.2341609001159668,0.38893699645996094,0.2829783260822296,0.24582447111606598,0.32251858711242676,0.2509174644947052,0.3074847161769867,0.26397788524627686,0.4530636966228485,0.5235055685043335,1.3783855438232422,1.2644047737121582
Rionegro & Solimões,Sertanejo,ytsearch1:Rionegro & Solimões official audio,62.81,10,12.774,22050,117.45383522727273,0.21162408590316772,0.08064156025648117,0.1067253431261343,0.05284900476645327,2468.2034289982676,589.1546918616352,2688.485843244983,306.9970589642328,5522.2114355291515,1160.5631411040868,0.02857445366680622,0.03831028565764427,-43.774356842041016,82.74529266357422,9.584789276123047,29.42536735534668,5.430906295776367,7.618412017822266,0.19184452295303345,4.552000999450684,-5.355373859405518,-3.587211847305298,-7.21474552154541,-5.023597240447998,-1.7375638484954834,0.24553152918815613,0.364324152469635,0.48847514390945435,0.2732526361942291,0.3049376904964447,0.2876996695995331,0.5309858918190002,0.3986934721469879,0.27346479892730713,0.3849777579307556,0.2852656841278076,0.354085773229599,1.2374690771102905,1.2177430391311646
Matheus & Kauan,Sertanejo,ytsearch1:Matheus & Kauan official audio,981.48,10,11.474,22050,83.35433467741936,0.30095887184143066,0.07982565462589264,0.060047743055555554,0.04816965834456448,2031.9581343250468,913.6627340245296,2524.0802893635782,596.2054218193072,4692.258966619318,2183.9596431660243,0.012639290653169155,0.01915864832699299,-60.4215202331543,98.53875732421875,15.190239906311035,32.46401596069336,12.777958869934082,8.530732154846191,5.642779350280762,7.8906049728393555,-0.22279372811317444,0.5480675101280212,-8.426756858825684,-0.4287591576576233,0.6806096434593201,0.3985552191734314,0.4384276270866394,0.3003670871257782,0.34942272305488586,0.6588333249092102,0.4974833130836487,0.3947708010673523,0.33250418305397034,0.31567278504371643,0.4351896345615387,0.39248743653297424,0.4421078860759735,1.5198500156402588,1.7293739318847656
Simone & Simaria,Sertanejo,ytsearch1:Simone & Simaria official audio,100.92,10,10.874,22050,129.19921875,0.30256348848342896,0.14135342836380005,0.11195799740138593,0.06068597462698514,2526.7420624480596,864.6916069977568,2578.4426672413565,476.2599631000587,5226.416015625,1858.482370067154,0.0373121052980423,0.04999881610274315,-32.22249221801758,80.50680541992188,-9.211305618286133,16.264583587646484,11.606739044189453,6.041923522949219,-0.16150298714637756,1.2082449197769165,-2.67118763923645,2.3129184246063232,-5.764883518218994,-2.5738070011138916,-7.828551769256592,0.2761719226837158,0.3167247772216797,0.23912334442138672,0.24681638181209564,0.3864527642726898,0.35605567693710327,0.5638394355773926,0.3828737437725067,0.2962096333503723,0.34034672379493713,0.3188202679157257,0.3318611681461334,1.5752155780792236,1.667125940322876
Zé Ramalho,Sertanejo,ytsearch1:Zé Ramalho official audio,74.16,10,14.174,22050,143.5546875,0.20176275074481964,0.03769056871533394,0.07227441566080196,0.03511600748554711,1936.0021323450162,653.730424427725,2315.6663551337424,433.0930284192988,4491.064932615589,1420.6038277557159,0.01154995709657669,0.0226301196962595,-83.11836242675781,101.66143035888672,9.726663589477539,44.38045120239258,-2.396332025527954,11.765775680541992,-5.938539981842041,-1.294309139251709,-10.719773292541504,-6.006338119506836,-10.30578899383545,-3.432420492172241,-9.049711227416992,0.21062533557415009,0.1757763773202896,0.2520047128200531,0.22908541560173035,0.3080562353134155,0.3072032630443573,0.4046931564807892,0.2979474663734436,0.3342737555503845,0.5153085589408875,0.382717490196228,0.3559812009334564,1.266666293144226,0.9087085127830505
Ícaro e Gilmar,Sertanejo,ytsearch1:Ícaro e Gilmar official audio,39.64,10,19.574,22050,95.703125,0.3056201934814453,0.10606894642114639,0.10704885824436536,0.06533193840120848,2344.58421856732,808.917916395109,2485.739169007172,474.8085185363258,5035.410555910809,1803.9069630119807,0.03095841407775879,0.04408400133252144,-6.428478240966797,96.82596588134766,-9.405716896057129,3.7454445362091064,-1.6021161079406738,2.913311004638672,-14.639341354370117,5.123098373413086,-11.078857421875,-4.657012462615967,-3.794527530670166,-3.6662850379943848,-11.39498519897461,0.46151745319366455,0.26436057686805725,0.32192906737327576,0.2663378119468689,0.36763501167297363,0.3398638367652893,0.3070085048675537,0.31526803970336914,0.24031633138656616,0.2913554012775421,0.2652941644191742,0.45547962188720703,1.3142449855804443,1.1777522563934326
Gusttavo Lima,Sertanejo,ytsearch1:Gusttavo Lima official audio,128.33,10,18.274,22050,95.703125,0.3797183632850647,0.06713828444480896,0.07784828661054638,0.021181021648163736,1832.1131468825258,413.53223648904986,2223.2415061165625,426.06383194414985,3792.661945580527,1304.2426285346662,0.011012420058250427,0.010821312665939331,1.7987256050109863,117.92577362060547,-9.158623695373535,18.220077514648438,7.893731117248535,5.630766868591309,0.4945491850376129,2.6771047115325928,1.6551225185394287,1.0777311325073242,-1.5370445251464844,-6.9022135734558105,-3.1646053791046143,0.23260152339935303,0.19037477672100067,0.17509976029396057,0.3346225619316101,0.42175766825675964,0.20812709629535675,0.33904317021369934,0.2280338555574417,0.29958054423332214,0.22339704632759094,0.30549848079681396,0.641848623752594,1.3166395425796509,1.4240094423294067
Teodoro & Sampaio,Sertanejo,ytsearch1:Teodoro & Sampaio official audio,46.78,10,16.774,22050,112.34714673913044,0.21003535389900208,0.07637664675712585,0.13971529758817428,0.05092328310264138,3017.009177017845,610.634414011462,2893.071550553582,284.86793260930784,6640.476489561722,872.6024084201598,0.0482318289577961,0.03723006322979927,-37.39315414428711,65.43843078613281,14.690136909484863,26.650279998779297,5.950939655303955,7.404103755950928,-2.473792791366577,10.830696105957031,-17.809476852416992,2.2756378650665283,8.80247974395752,0.31998857855796814,1.206423282623291,0.6969572305679321,0.47551578283309937,0.3920328915119171,0.32682695984840393,0.42029428482055664,0.44019144773483276,0.3166283667087555,0.3574533760547638,0.3138608932495117,0.3786998987197876,0.42708370089530945,0.4505748748779297,1.5674850940704346,1.5416134595870972
Gabriel Brito,Sertanejo,ytsearch1:Gabriel Brito official audio,123.67,10,13.674,22050,161.4990234375,0.29368576407432556,0.07631104439496994,0.0710105183573854,0.04138567514881804,2105.0551991481225,797.4845140437673,2592.091150686664,493.64533058098687,4897.304795270055,1868.868643447529,0.0153123764321208,0.023485369980335236,-43.34037399291992,98.8111343383789,18.91648292541504,27.84524154663086,8.985749244689941,7.052039623260498,3.4995179176330566,7.298961639404297,-0.12336718291044235,7.2264299392700195,0.5345993638038635,3.9177603721618652,4.552859783172607,0.23457182943820953,0.294725239276886,0.45619437098503113,0.24894247949123383,0.2703506648540497,0.29160359501838684,0.36436253786087036,0.39347681403160095,0.3982873558998108,0.44747433066368103,0.28883931040763855,0.3404730260372162,1.2048555612564087,1.1914032697677612
MJ Records,Sertanejo,ytsearch1:MJ Records official audio,53.39,10,13.374,22050,117.45383522727273,0.15314780175685883,0.0703909620642662,0.09527503119574653,0.06951316381659406,2508.5588161192863,1041.1857310136077,2766.9195891647187,604.0809867741355,5571.735000610352,2517.5103134046026,0.038270458579063416,0.0514988973736763,-102.75205993652344,98.66322326660156,23.91813850402832,2.1209230422973633,-5.256302833557129,-1.1665455102920532,-5.844330787658691,-0.6320865154266357,-0.23535124957561493,5.496222019195557,2.7519009113311768,4.083906650543213,-3.0213170051574707,0.40129783749580383,0.5367223024368286,0.4631364047527313,0.4594319760799408,0.535620927810669,0.5393806099891663,0.5236724615097046,0.3254849314689636,0.3802438974380493,0.26698920130729675,0.32586511969566345,0.47581979632377625,2.116363525390625,2.903501272201538
Zé Neto & Cristiano,Sertanejo Universitário,ytsearch1:Zé Neto & Cristiano official audio,72.3,10,12.274,22050,107.666015625,0.2653001844882965,0.08221577107906342,0.08703405600189036,0.04054677299633631,2123.6852764647433,617.7585461881481,2454.181268974565,423.59644649386604,4508.356670531073,1602.8961904884982,0.02111382782459259,0.026733703911304474,-32.65067672729492,103.66450500488281,-5.785647392272949,13.201550483703613,10.366877555847168,4.122609615325928,2.975598096847534,9.60998821258545,-3.706820487976074,5.919482707977295,4.074110984802246,2.74709415435791,-10.381856918334961,0.24392126500606537,0.3010520339012146,0.36433836817741394,0.296670526266098,0.38852304220199585,0.3548790216445923,0.4536512792110443,0.397390753030777,0.33667922019958496,0.3901398777961731,0.32094305753707886,0.3499809503555298,1.4009755849838257,1.3521883487701416
Henrique & Juliano,Sertanejo Universitário,ytsearch1:Henrique & Juliano official audio,89.83,10,19.774,22050,112.34714673913044,0.3214322626590729,0.08301770687103271,0.0734903398254108,0.03063961050093895,2019.8767384292337,581.4965657556238,2439.3094814398296,364.4557834761173,4546.058504346391,1361.2294242985622,0.014987817965447903,0.019020259380340576,-20.798828125,103.12252044677734,6.864790916442871,22.94024658203125,5.717267036437988,12.95850658416748,-8.968772888183594,-0.39506810903549194,1.3377488851547241,4.3532328605651855,1.2609449625015259,4.60603141784668,-4.5158514976501465,0.2588537037372589,0.3812639117240906,0.5317894816398621,0.3528500497341156,0.27379071712493896,0.4690856337547302,0.3430844843387604,0.3551226556301117,0.23405395448207855,0.26322486996650696,0.26792147755622864,0.18729515373706818,1.4425132274627686,1.5625834465026855
Panda,Sertanejo Universitário,ytsearch1:Panda official audio,206.03,10,15.974,22050,143.5546875,0.3172575533390045,0.159850612282753,0.09680743550145349,0.08426214902558919,2510.008179182986,1209.8049451229756,2405.9415165566243,465.5156602628861,4992.463755053143,1941.0851483908998,0.035302840173244476,0.05811867117881775,-53.626033782958984,69.9887924194336,-11.056689262390137,30.03223419189453,9.71492862701416,18.051929473876953,-2.486739158630371,5.304005146026611,-0.0847904309630394,13.01339054107666,2.7274179458618164,14.7807035446167,7.101218223571777,0.5021030306816101,0.4102208912372589,0.42219632863998413,0.5221383571624756,0.6314341425895691,0.5746509432792664,0.49787503480911255,0.45467615127563477,0.4889383614063263,0.5020310282707214,0.5899098515510559,0.6089637875556946,1.8852179050445557,1.8983540534973145
Jorge & Mateus,Sertanejo Universitário,ytsearch1:Jorge & Mateus official audio,93.15,10,13.174,22050,135.99917763157896,0.24785055220127106,0.056776467710733414,0.07832185987015845,0.03267982746375224,2171.950958534734,576.6239778632995,2577.9135014280196,347.172282414067,5067.92275872029,1240.1731877764805,0.019850417971611023,0.02432221733033657,-33.9086799621582,94.40801239013672,11.956209182739258,25.66436195373535,-0.12939882278442383,14.86275863647461,4.013874053955078,10.260287284851074,4.448085784912109,0.23437285423278809,-3.4611494541168213,5.727153778076172,5.3059234619140625,0.29181787371635437,0.4503668248653412,0.5421339273452759,0.29904648661613464,0.3657175600528717,0.26089197397232056,0.3667776882648468,0.310452938079834,0.302695631980896,0.3582574427127838,0.3129671514034271,0.3805435001850128,1.1169134378433228,1.181506872177124
MJ Records,Sertanejo Universitário,ytsearch1:MJ Records official audio,66.85,10,16.774,22050,112.34714673913044,0.24279190599918365,0.08567880094051361,0.1382565320280083,0.05280996635614952,3001.459337273622,573.525914026208,2815.660591286322,318.1955718798233,6346.874392181016,1124.389992143268,0.06897727400064468,0.048575449734926224,2.6319005489349365,66.88520050048828,-1.9369391202926636,24.891311645507812,7.622219085693359,6.109762191772461,5.4129204750061035,12.52387523651123,1.7186250686645508,7.317439556121826,-3.1410069465637207,2.545954465866089,1.6415529251098633,0.5488559603691101,0.5394244194030762,0.4847234785556793,0.5280436873435974,0.42988985776901245,0.44403600692749023,0.33628523349761963,0.43352824449539185,0.46225816011428833,0.5281338095664978,0.6019393801689148,0.45732638239860535,1.6362892389297485,2.3065683841705322
Ícaro e Gilmar,Sertanejo Universitário,ytsearch1:Ícaro e Gilmar official audio,152.25,10,12.274,22050,129.19921875,0.352885365486145,0.08209028840065002,0.09917001417769376,0.037724452686975704,2346.190126353332,572.7801952125182,2508.2958149847386,429.665279612983,5095.5943924267485,1580.453033615619,0.025319350883364677,0.03180659934878349,12.798583030700684,92.39059448242188,-13.620879173278809,7.34071683883667,2.688040018081665,-3.144209146499634,-16.62247085571289,1.69884192943573,-8.275798797607422,-3.7545011043548584,-3.8853564262390137,-4.201767444610596,-10.000716209411621,0.2194427251815796,0.1754779815673828,0.13098880648612976,0.24147169291973114,0.30579838156700134,0.2277471125125885,0.3737722635269165,0.2152097374200821,0.2856273949146271,0.19609978795051575,0.2216104120016098,0.5221354365348816,1.1845542192459106,0.913296103477478
Luan Pereira,Sertanejo Universitário,ytsearch1:Luan Pereira official audio,47.44,10,17.374,22050,129.19921875,0.40465623140335083,0.1329086273908615,0.07606105015020027,0.05244779803246262,2308.1802897820285,892.146429085877,2671.6207938031225,545.4641053723506,5297.699830242406,2128.0453013636825,0.02539362758398056,0.04300353303551674,-20.766756057739258,97.05209350585938,18.512434005737305,15.808554649353027,3.113142728805542,4.6000075340271,1.1856199502944946,6.000538349151611,-3.710458993911743,2.959702730178833,0.34689685702323914,4.550052642822266,1.180276870727539,0.4526064395904541,0.322997123003006,0.32675471901893616,0.29112884402275085,0.466927170753479,0.37180906534194946,0.3180040717124939,0.3585737943649292,0.31901127099990845,0.39267101883888245,0.31562042236328125,0.3515830338001251,2.134326934814453,2.9669806957244873
Felipe e Rodrigo,Sertanejo Universitário,ytsearch1:Felipe e Rodrigo official audio,1291.59,10,11.574,22050,151.99908088235293,0.31851550936698914,0.0739307552576065,0.0973519304233467,0.04432525553415418,2295.491393055751,672.9175862754004,2546.2371259201173,351.8845961411948,4974.407261789203,1437.1433102759545,0.02500893548130989,0.03214823454618454,-2.9452199935913086,94.83928680419922,1.4832135438919067,15.947793960571289,5.934354782104492,7.669016361236572,-3.0668931007385254,9.745399475097656,-3.7667934894561768,3.241307258605957,-2.312028169631958,-2.429779052734375,-3.2739439010620117,0.4068901240825653,0.3344062268733978,0.46172189712524414,0.3551633954048157,0.50312340259552,0.27360618114471436,0.28913289308547974,0.3589966595172882,0.3377111852169037,0.3723536431789398,0.29052919149398804,0.49564626812934875,1.4995028972625732,1.4459809064865112
Sertanejo Play,Sertanejo Universitário,ytsearch1:Sertanejo Play official audio,108.34,10,18.274,22050,143.5546875,0.15232589840888977,0.04774801433086395,0.12733903470457433,0.0691528785440027,2874.641642492687,722.4394596413375,2755.391606462607,296.96245940321336,6053.812440438373,1311.7725268971462,0.04075043275952339,0.05444793030619621,-80.40958404541016,61.079444885253906,-9.037586212158203,16.331254959106445,8.10070514678955,-3.6029422283172607,-4.262906074523926,-2.500459671020508,-9.819622993469238,2.071331024169922,1.6811012029647827,-5.455531120300293,-3.046643018722534,0.23473908007144928,0.2817877531051636,0.22198636829853058,0.4061322808265686,0.4080827534198761,0.2316713035106659,0.30243614315986633,0.22715644538402557,0.2876732051372528,0.26410824060440063,0.28619319200515747,0.35652613639831543,1.500247597694397,1.2691388130187988
Fred & Fabrício,Sertanejo Universitário,ytsearch1:Fred & Fabrício official audio,280.61,10,10.574,22050,103.359375,0.15352477133274078,0.0798005685210228,0.10137189898574561,0.084488439730589,2535.4182882396367,1076.6276612520353,2810.412048172936,487.4397347040503,5771.134547183388,2109.2902009248073,0.017155129462480545,0.026877934113144875,-119.50837707519531,83.1030044555664,20.907928466796875,12.399866104125977,10.225279808044434,3.4466423988342285,-4.870936393737793,-3.250481605529785,-12.651071548461914,-4.3405632972717285,-5.9835920333862305,-2.7171895503997803,-11.184932708740234,0.3378266990184784,0.5255020260810852,0.2035059630870819,0.11081823706626892,0.13664595782756805,0.20327892899513245,0.3257984220981598,0.16762478649616241,0.25281912088394165,0.21891659498214722,0.33448898792266846,0.41640251874923706,1.350348711013794,1.4086463451385498
Hugo & Guilherme,Sertanejo Universitário,ytsearch1:Hugo & Guilherme official audio,1887.79,10,17.774,22050,112.34714673913044,0.34644925594329834,0.0754612609744072,0.09978084713609661,0.04120754159437012,2362.05442198696,611.6243679411971,2577.3455564927654,334.47317859032427,5215.659453787941,1335.2442336041154,0.02550327219069004,0.026168085634708405,16.042821884155273,94.65373229980469,-5.61934757232666,9.101926803588867,10.074321746826172,11.819862365722656,-1.9440282583236694,7.814885139465332,-0.6782723069190979,4.765774250030518,6.619474411010742,1.2736626863479614,-2.8333089351654053,0.4412160813808441,0.285008043050766,0.37561020255088806,0.2931798994541168,0.3992217183113098,0.4368494749069214,0.2987205684185028,0.3479064404964447,0.2524418532848358,0.4107186198234558,0.4545709490776062,0.3169342279434204,1.3662431240081787,1.3285977840423584
Marília Mendonça,Sertanejo Universitário,ytsearch1:Marília Mendonça official audio,65.71,10,15.674,22050,117.45383522727273,0.26866063475608826,0.06442142277956009,0.10053320890347633,0.036151066297368084,2171.3438765586748,519.4403472443971,2309.9791787011245,395.46356658466254,4465.161313389885,1239.0485017048209,0.015181397087872028,0.012612873688340187,-18.626798629760742,99.62340545654297,-13.075244903564453,19.351770401000977,-5.498230934143066,6.966948509216309,3.4447367191314697,4.211817264556885,-1.1993904113769531,12.610892295837402,-5.579346656799316,2.2193918228149414,-1.0736100673675537,0.4648810923099518,0.2899513840675354,0.38684001564979553,0.31031179428100586,0.44752898812294006,0.3246613144874573,0.2925826907157898,0.47760090231895447,0.41422104835510254,0.4327828586101532,0.30504295229911804,0.32444846630096436,1.377621054649353,1.4136676788330078
Simone Mendes,Sertanejo Universitário,ytsearch1:Simone Mendes official audio,56.82,10,16.774,22050,112.34714673913044,0.28224796056747437,0.06978589296340942,0.10171783151798064,0.05252640232411774,2175.55828522363,688.8838709218601,2353.8388169405866,424.8026157557927,4423.673435068724,1488.8048916727366,0.023679841309785843,0.038147710263729095,-11.417533874511719,102.83936309814453,-13.21174144744873,7.795661926269531,0.5910760760307312,7.729516983032227,-0.3198201656341553,7.920249938964844,-4.028636932373047,7.7156147956848145,-4.72698450088501,-3.0195796489715576,-4.727456569671631,0.3201855719089508,0.3368913233280182,0.32878783345222473,0.3475927412509918,0.27077990770339966,0.36133500933647156,0.3198836147785187,0.5163231492042542,0.589409589767456,0.35984960198402405,0.29673054814338684,0.25794360041618347,1.3312416076660156,1.1595325469970703
Michael Jackson,Soul,ytsearch1:Michael Jackson official audio,203.66,10,13.674,22050,135.99917763157896,0.16271857917308807,0.051654424518346786,0.12985628448641764,0.05763200313982347,2829.8503925904265,676.6965778499853,2863.965521964225,310.5863597361761,6317.527390174024,1263.6095843133774,0.0577448271214962,0.0510745644569397,-38.5966796875,79.65869140625,8.731995582580566,14.990534782409668,1.996163010597229,6.616530895233154,-1.347611665725708,5.037834167480469,-0.8900513052940369,0.5842783451080322,-3.335236072540283,-0.07366938143968582,-4.80427885055542,0.27784907817840576,0.45421528816223145,0.38260796666145325,0.4854269027709961,0.38096651434898376,0.4320184290409088,0.3819749653339386,0.3335042893886566,0.3998947739601135,0.3722867965698242,0.5754345655441284,0.2762572467327118,1.3212392330169678,1.4564772844314575
Olivia Dean,Soul,ytsearch1:Olivia Dean official audio,106.76,10,16.774,22050,117.45383522727273,0.259673148393631,0.10936488956212997,0.06948113870159059,0.06205670142008668,1823.323174990928,931.1621091753409,2229.9082513491308,579.5065759228689,3809.530399053423,1976.7532643119284,0.01670611836016178,0.04590200260281563,-88.47958374023438,115.95671081542969,9.918203353881836,27.313812255859375,10.301288604736328,4.866661548614502,9.719128608703613,-2.9384138584136963,-4.141847610473633,8.943077087402344,-9.82430648803711,4.726078987121582,-3.6892213821411133,0.38375309109687805,0.6263599991798401,0.39189961552619934,0.4085908532142639,0.37259113788604736,0.43229013681411743,0.3490274250507355,0.3502989113330841,0.41030222177505493,0.3144493103027344,0.3271907866001129,0.2275092899799347,1.941828727722168,2.650634288787842
R&B Gospel Soul,Soul,ytsearch1:R&B Gospel Soul official audio,8233.51,10,13.474,22050,86.1328125,0.13277816772460938,0.06033153459429741,0.12619086838425128,0.09103832627697821,3219.6201956484524,962.7054376031746,3152.6243785906177,253.85842761530265,7263.2680134600905,1296.041238666112,0.05622066557407379,0.07476117461919785,-114.28874206542969,53.02289962768555,33.39713668823242,26.699806213378906,4.14689826965332,2.939882516860962,0.4121878445148468,-0.5369360446929932,4.562850475311279,1.3972766399383545,-9.040851593017578,-0.25115251541137695,-5.572702407836914,0.4287841320037842,0.33750060200691223,0.3301220238208771,0.42845606803894043,0.306425005197525,0.3062194585800171,0.2653427720069885,0.3732191026210785,0.46185997128486633,0.3969421088695526,0.43577930331230164,0.35776984691619873,1.5135489702224731,1.6989458799362183
Frank Ocean,Soul,ytsearch1:Frank Ocean official audio,112.35,10,12.274,22050,161.4990234375,0.20210257172584534,0.09317087382078171,0.0676274146384688,0.04764858527877951,1707.6892268711683,806.1438840984013,2133.7046304550954,537.8561965341651,3550.271600676394,1956.0242649584955,0.013968512415885925,0.03090883605182171,-109.08914184570312,121.7454833984375,8.361762046813965,25.858190536499023,-1.3237667083740234,3.3797242641448975,1.9889882802963257,-0.6471512913703918,-7.6793718338012695,-0.5500599145889282,-0.0760888010263443,6.029872894287109,-3.9630162715911865,0.2944451868534088,0.3483908176422119,0.3150485157966614,0.27296894788742065,0.33066263794898987,0.2997948229312897,0.3171761929988861,0.3607514798641205,0.3626672327518463,0.4289044737815857,0.3731027841567993,0.5201706290245056,1.466593861579895,1.813652753829956
Chris Brown,Soul,ytsearch1:Chris Brown official audio,115.71,10,15.674,22050,117.45383522727273,0.25945064425468445,0.0442190058529377,0.06835793038091716,0.03336832470585044,2017.0154968365036,923.6589645850224,2461.2652417892446,765.9510349162207,4689.030176648022,2373.3979697936875,0.015409489162266254,0.022358983755111694,-58.03952407836914,112.78942108154297,20.253135681152344,35.28754806518555,10.318255424499512,4.642043113708496,-0.8617902398109436,8.698227882385254,-0.7624629139900208,4.186948776245117,1.219836950302124,2.2829251289367676,4.06743860244751,0.282890260219574,0.3547815978527069,0.24898195266723633,0.3199930489063263,0.6071766018867493,0.35289785265922546,0.3563886880874634,0.23638342320919037,0.2829270660877228,0.42777860164642334,0.3285278081893921,0.5038841366767883,1.2801082134246826,1.1444941759109497
Alicia Keys,Soul,ytsearch1:Alicia Keys official audio,104.97,10,14.974,22050,95.703125,0.1753392517566681,0.08383380621671677,0.08140821826550387,0.03436916953795218,2025.0911591513097,496.63323171174534,2330.1631309509567,247.95168472714056,4274.6913608284885,1052.1529030969946,0.012699099257588387,0.014359352178871632,-96.92708587646484,102.10580444335938,-1.2408052682876587,20.35273551940918,-10.467836380004883,5.189097881317139,6.186404228210449,-0.6260455250740051,-11.689828872680664,10.835976600646973,-4.909450054168701,2.0106096267700195,-2.1410531997680664,0.19158095121383667,0.23403605818748474,0.3855134844779968,0.3855401575565338,0.48618584871292114,0.3934755325317383,0.5122400522232056,0.41063639521598816,0.2717081606388092,0.3230613172054291,0.36437007784843445,0.39995598793029785,1.354401707649231,1.6160809993743896
Adele,Soul,ytsearch1:Adele official audio,68.64,10,18.574,22050,107.666015625,0.329956978559494,0.060062918812036514,0.0910540771484375,0.030385326908001012,2444.229923568494,493.969090292834,2597.10942282937,312.5928769507036,5246.174652099609,1152.104557528159,0.02070034109055996,0.01690790057182312,0.6698760986328125,79.87171173095703,-8.964092254638672,24.726219177246094,10.250812530517578,11.178223609924316,5.547060489654541,11.07376480102539,8.227561950683594,12.0842924118042,4.0752854347229,6.503088474273682,-4.84927225112915,0.3207433223724365,0.280403196811676,0.45144739747047424,0.32577288150787354,0.33559027314186096,0.3862351179122925,0.3158888816833496,0.4719442129135132,0.2973770797252655,0.4372371435165405,0.20424513518810272,0.1999766230583191,1.158083200454712,0.9591246843338013
Julliany Souza,Soul,ytsearch1:Julliany Souza official audio,897.48,10,17.474,22050,129.19921875,0.16389214992523193,0.09478125721216202,0.05110612238545817,0.029959390931656057,1674.500285977973,458.2550749817101,2070.459814442048,364.1020126078761,3452.1041809325197,1190.575666167925,0.00928425882011652,0.01727515272796154,-136.5308380126953,109.75887298583984,-16.593353271484375,17.554529190063477,7.121304035186768,8.69910717010498,4.464359760284424,16.308685302734375,6.599682807922363,12.565882682800293,-0.10915956646203995,2.6184046268463135,2.078933000564575,0.393191933631897,0.24696971476078033,0.2900712490081787,0.47171685099601746,0.5898904204368591,0.7004948854446411,0.6204984784126282,0.5690043568611145,0.5900993943214417,0.3465851843357086,0.3359207808971405,0.36778178811073303,0.9165000319480896,0.6921147704124451
Neo Soul Gospel,Soul,ytsearch1:Neo Soul Gospel official audio,116.65,10,16.674,22050,135.99917763157896,0.29371821880340576,0.06429333984851837,0.09491467641689846,0.057359678475555856,2434.3627706154643,1009.0434843787635,2696.605178076299,557.9616866354482,5369.898683338404,2134.650174216851,0.019594796001911163,0.029238708317279816,-46.66627883911133,86.66822052001953,30.216957092285156,30.342540740966797,4.022528171539307,9.438986778259277,4.102053642272949,3.271529197692871,-4.404540538787842,-2.215055227279663,-6.160408973693848,-4.448696613311768,-2.5083205699920654,0.3237835764884949,0.3006034195423126,0.47052350640296936,0.35182467103004456,0.40305545926094055,0.2511080205440521,0.38810548186302185,0.44508054852485657,0.27842193841934204,0.3205586075782776,0.25570839643478394,0.3848578929901123,1.5251808166503906,1.4756656885147095
SZA,Soul,ytsearch1:SZA official audio,192.53,10,12.474,22050,78.30255681818181,0.24745331704616547,0.05690557137131691,0.027717675418215612,0.011198193020450265,1038.8383992658203,220.14351846694,1860.3779777688408,279.9752912467678,1689.2157458904508,688.707966617647,0.0008440321544185281,0.0007481621578335762,-143.48416137695312,155.6355438232422,21.58005142211914,10.364521026611328,13.53012752532959,10.28535270690918,14.845810890197754,-3.086564302444458,1.3461215496063232,2.6652424335479736,-3.4172520637512207,7.246026515960693,5.732028961181641,0.48277491331100464,0.5114871859550476,0.4419793486595154,0.3532668948173523,0.4211244285106659,0.18598978221416473,0.17562799155712128,0.19358068704605103,0.4090907871723175,0.39270827174186707,0.38548773527145386,0.6348201632499695,1.1072256565093994,0.8599681258201599
Soulidified,Soul,ytsearch1:Soulidified official audio,75.32,10,15.274,22050,117.45383522727273,0.236669659614563,0.12865667045116425,0.12494063449848024,0.07525144850033838,2781.773908899378,976.7812105753329,2726.501868496225,472.3366722574563,6005.489268201462,1837.087430025822,0.05262633413076401,0.065603107213974,-40.463584899902344,73.98457336425781,-1.4993709325790405,14.252230644226074,7.328241348266602,10.178556442260742,-3.9918644428253174,2.511721134185791,-3.2945988178253174,3.360914707183838,4.878137111663818,6.374913692474365,-4.106406211853027,0.36447128653526306,0.4761100113391876,0.3993915617465973,0.4279254078865051,0.5066536664962769,0.3478030264377594,0.3897842466831207,0.31048858165740967,0.468828022480011,0.4970424771308899,0.37842437624931335,0.4428420960903168,1.4742730855941772,1.5399202108383179
Amy Winehouse,Soul,ytsearch1:Amy Winehouse official audio,115.71,10,15.674,22050,123.046875,0.27475038170814514,0.08678581565618515,0.09363370816383136,0.05086888171098645,1909.6857154953868,755.4137836501171,2075.5088538115615,461.2952501175101,3931.5137513290497,1633.4608241479536,0.015936337411403656,0.030081650242209435,-33.54136657714844,121.32463836669922,-14.370753288269043,25.50856590270996,-7.279406547546387,12.213367462158203,-5.5286030769348145,11.527833938598633,-6.746801376342773,7.304968357086182,-5.973550319671631,-0.7235605120658875,0.7857140302658081,0.3161567449569702,0.4088194668292999,0.537719190120697,0.3030810058116913,0.2685721814632416,0.2563747465610504,0.1999833583831787,0.25867611169815063,0.34635528922080994,0.6761213541030884,0.4108043909072876,0.33950066566467285,1.2464007139205933,1.2049363851547241
Legião Urbana,Soul,ytsearch1:Legião Urbana official audio,50.67,10,10.674,22050,92.28515625,0.11544376611709595,0.022699011489748955,0.10945036514945652,0.05243975787115784,2738.239086700003,769.4195239519106,2715.786116334969,325.3839668524723,5928.278065557065,1254.4834230502966,0.03372243791818619,0.03266172483563423,-105.49727630615234,67.98786163330078,13.299829483032227,46.63433074951172,10.384830474853516,16.795303344726562,-3.6291732788085938,16.64959144592285,-4.716060161590576,4.722761631011963,1.8881096839904785,6.035801410675049,4.5998311042785645,0.5189324617385864,0.43061429262161255,0.5302789211273193,0.46556755900382996,0.471883088350296,0.4356424808502197,0.3680141270160675,0.33189618587493896,0.28202566504478455,0.3616054356098175,0.4206908047199249,0.47359970211982727,1.2902792692184448,1.4208359718322754
GIVĒON,Soul,ytsearch1:GIVĒON official audio,34.31,10,14.274,22050,129.19921875,0.16799798607826233,0.1047634556889534,0.0865258193597561,0.06977810200147591,2073.260622124161,1083.3029464646852,2246.1502797374565,676.4870715654919,4430.412776295731,2352.83155938263,0.0200412068516016,0.0435606986284256,-144.82167053222656,102.55618286132812,-0.7964975833892822,20.891889572143555,8.60891342163086,6.977248668670654,-10.582084655761719,3.2393782138824463,-10.662847518920898,-0.22466178238391876,-3.754746198654175,4.416031360626221,-6.791422367095947,0.5382450222969055,0.3408152163028717,0.4450497627258301,0.3147233724594116,0.3699219822883606,0.3034074008464813,0.20571362972259521,0.22885662317276,0.1984788328409195,0.28817102313041687,0.24012532830238342,0.35958805680274963,1.3834723234176636,1.4487781524658203
Heaven Groove Soul,Soul,ytsearch1:Heaven Groove Soul official audio,149.13,10,19.074,22050,129.19921875,0.15016278624534607,0.04326898232102394,0.11790625950425791,0.056983570387350795,2640.4104278002624,780.2585404317439,2650.965870434049,391.9031383308402,5561.1199817518245,1564.5463639447644,0.03156447038054466,0.03581814095377922,-80.67230987548828,78.58855438232422,5.302901744842529,11.74898624420166,-18.49928855895996,4.239196300506592,8.883135795593262,-10.658994674682617,-5.715789318084717,5.082180500030518,-5.877895355224609,-1.2949374914169312,-1.4230682849884033,0.47413668036460876,0.35617202520370483,0.22223082184791565,0.43246081471443176,0.22100777924060822,0.20194756984710693,0.16354747116565704,0.28227266669273376,0.4581186771392822,0.29381269216537476,0.4592793881893158,0.31769126653671265,1.2451283931732178,1.1465516090393066
Soulfly,Soul,ytsearch1:Soulfly official audio,65.3,10,15.274,22050,103.359375,0.2934308350086212,0.05626500025391579,0.1484152379369301,0.0461158171453612,2988.6482225161144,476.02760687570253,2846.3139205144007,185.46027878659112,6401.399133560505,780.1593433052115,0.07647378742694855,0.046344731003046036,37.40443801879883,66.80451965332031,4.844989776611328,29.35365867614746,2.344195604324341,8.593114852905273,4.116697788238525,14.414718627929688,1.81386137008667,0.25125014781951904,-0.4107416570186615,6.072972774505615,-4.744004249572754,0.6090601682662964,0.5236114859580994,0.5107486844062805,0.5843272805213928,0.633944034576416,0.6179022192955017,0.6648134589195251,0.6271958947181702,0.48496124148368835,0.466974139213562,0.4903782904148102,0.5644621253013611,1.1007250547409058,0.5601304173469543
Gabriela Rocha,Soul,ytsearch1:Gabriela Rocha official audio,99.45,10,19.474,22050,78.30255681818181,0.22764424979686737,0.07876283675432205,0.0889480827249702,0.03444063219057074,2261.768042049779,705.6727901091934,2609.0044481385357,633.4611827547213,5194.789008957837,1901.7325160836021,0.018419891595840454,0.016463996842503548,-48.45439910888672,104.73816680908203,2.4711263179779053,20.75405502319336,11.397541999816895,-1.0526374578475952,9.149474143981934,1.6708165407180786,-0.435102254152298,10.909553527832031,-0.5123977065086365,-1.5878047943115234,-3.3058717250823975,0.24163571000099182,0.2752426266670227,0.4628114700317383,0.34216561913490295,0.43664389848709106,0.24670271575450897,0.40095993876457214,0.5099536776542664,0.30145686864852905,0.42070019245147705,0.2558259665966034,0.37056243419647217,1.1476178169250488,0.8337150812149048
H.E.R.,Soul,ytsearch1:H.E.R. official audio,107.18,10,17.174,22050,143.5546875,0.1934998333454132,0.0867188572883606,0.07449852195945945,0.026135242176201876,1566.7067253478058,466.544862833091,1856.5254643613662,426.9215004693518,2791.5324443095437,1266.041350337768,0.00537762651219964,0.012185262516140938,-117.98384857177734,130.06484985351562,-24.09977912902832,-4.761240482330322,-10.048233985900879,-14.721181869506836,-24.748252868652344,-12.35213565826416,-17.94586181640625,-14.178642272949219,-14.373799324035645,-8.164470672607422,-12.853116989135742,0.19234879314899445,0.22858379781246185,0.19445347785949707,0.4214351773262024,0.22500261664390564,0.17690834403038025,0.42164257168769836,0.18321916460990906,0.2578691244125366,0.12723106145858765,0.23681586980819702,0.45477330684661865,1.204940676689148,0.9832186102867126
Souldu,Soul,ytsearch1:Souldu official audio,86.73,10,16.674,22050,117.45383522727273,0.3220885992050171,0.15018707513809204,0.07638375782336579,0.057910274699201035,2470.130279546888,857.565861158681,2856.408921070348,373.6842475401727,5919.369723302764,1663.9147678404072,0.030002543702721596,0.03661343827843666,-42.088130950927734,86.10430145263672,25.89940643310547,17.044963836669922,3.422743558883667,16.6832218170166,2.1144912242889404,11.598366737365723,-2.8591325283050537,4.23100471496582,3.557319164276123,3.9534964561462402,-0.7634618878364563,0.4184993803501129,0.5613923072814941,0.5219980478286743,0.6102136969566345,0.41003790497779846,0.42101719975471497,0.46615248918533325,0.4092708230018616,0.5343910455703735,0.47289910912513733,0.5539595484733582,0.46091288328170776,1.2909164428710938,1.1991686820983887
Fernandinho,Soul,ytsearch1:Fernandinho official audio,287.58,10,17.574,22050,99.38401442307692,0.1689862161874771,0.06735939532518387,0.08276528442866579,0.049952788222654795,2421.0196110521606,766.8378456874815,2958.1180110904916,487.2804802682568,6137.446463218296,1950.6910195059081,0.014786342158913612,0.025621257722377777,-105.01917266845703,95.89349365234375,26.916105270385742,-5.984470367431641,-0.15049882233142853,-2.420783519744873,-15.628083229064941,-12.338703155517578,-12.732715606689453,-11.04177188873291,-10.48779582977295,-5.466231822967529,-11.216296195983887,0.364492267370224,0.5787895321846008,0.233894944190979,0.3198799788951874,0.1777011603116989,0.24460822343826294,0.2353505939245224,0.16045624017715454,0.23770231008529663,0.15580187737941742,0.26041656732559204,0.16859687864780426,1.0208138227462769,0.7538954019546509
